tree
version=v4
num_class=1
num_tree_per_iteration=1
label_index=0
max_feature_idx=16
objective=binary sigmoid:1
feature_names=name_ratio name_partial_ratio name_token_sort_ratio name_token_set_ratio name_core_ratio name_token_jaccard name_char3_jaccard addr_ratio addr_token_sort_ratio addr_token_set_ratio addr_token_jaccard addr_num_jaccard addr_num_match addr_empty blocking_score blocking_rank combined_token_set_ratio
feature_infos=[0:1] [0:1] [0:1] [0:1] [0:1] [0:1] [0:1] [0:1] [0:1] [0:1] [0:1] [0:1] [0:1] [0:1] [0.04098360612988472:49.708927154541016] [1:35] [0.2142857164144516:1]
tree_sizes=6699 6797 6833 6826 6843 6808 6813 6837 6827 6841 6839 6858 6894 6885 6884 6896 6868 6870 6873 6891 6895 6898 6892 6909 6896 6885 6875 6912 6885 6932 6890 6913 6914 6935 6910 6919 6918 6922 6881 6913 6921 6897 6916 6929 6910 6940 6925 6907 6926 6956 6884 6937 6911 6959 6955 6924 6895 6927 6950 6957 6939 6926 6951 6961 6960 6942 6933 6905 6955 6962 6961 6933 6952 6877 6900 6897 6919 6954 6941 6958 6919 6953 6962 6950 6955 6885 6900 6943 6928 6936 6974 6896 6884 6965 6954 6928 6876 6877 6880 6952 6871 6849 6902 6916 6916

Tree=0
num_leaves=63
num_cat=0
split_feature=16 15 16 11 11 9 4 10 8 9 11 14 4 2 15 4 9 4 0 1 11 4 14 2 16 4 10 16 9 14 1 1 14 1 4 9 16 11 4 11 4 11 2 1 2 3 4 9 11 9 14 1 2 4 8 14 1 4 1 9 1 14
split_gain=1.02959e+06 18684.3 15248.8 16742.2 10940.4 3914.93 3284.05 3190.91 3010.22 2729.43 4545.37 2521.19 1892.47 2982.06 1782.3 1464.43 2662.19 1351.16 1129.81 1480.16 1119.92 758.665 715.402 707.04 884.949 637.448 750.448 614.136 591.781 560.801 513.256 500.207 602.245 478.584 679.394 1416.33 347.625 2508.02 798.984 349.869 690.067 335.187 406.889 373.265 323.135 307.443 307.089 301.421 271.564 266.302 257.048 255.283 251.487 228.353 752.989 314.541 286.716 227.904 223.349 213.953 210.288 203.859
threshold=0.77286669611930858 8.5000000000000018 0.70842674374580394 0.43650794029235845 0.43650794029235845 0.57816201448440563 0.45199692249298101 0.71008405089378368 0.85048422217369091 0.84248119592666637 0.43650794029235845 15.636798381805422 0.48683299124240881 0.23294574022293094 6.5000000000000009 0.58123165369033825 0.66220691800117504 0.47673159837722784 0.20761494338512423 0.64932429790496837 0.43650794029235845 0.99350649118423473 16.099511146545414 0.24283374845981601 0.89485698938369762 0.45199692249298101 0.74342104792594921 0.92180705070495617 0.97572758793830883 2.6670846939086919 0.82807883620262157 0.14160401374101642 2.7150980234146123 0.16064515709877017 0.47140522301197058 0.59711855649948131 0.65066003799438488 0.81666666269302379 0.46709956228733068 0.43650794029235845 0.60943254828453075 0.41428571939468389 0.90501254796981823 0.982753485441208 0.88273492455482494 0.89039039611816417 0.99350649118423473 0.52441734075546276 0.43650794029235845 0.86645436286926281 5.7507581710815439 0.84273937344551098 0.23606811463832858 0.53694942593574535 0.67700320482254039 4.3330924510955819 0.82807883620262157 0.99350649118423473 0.78629976511001598 0.96209374070167553 0.77871939539909374 4.3330924510955819
decision_type=2 2 2 2 2 2 2 2 2 2 2 2 2 2 2 2 2 2 2 2 2 2 2 2 2 2 2 2 2 2 2 2 2 2 2 2 2 2 2 2 2 2 2 2 2 2 2 2 2 2 2 2 2 2 2 2 2 2 2 2 2 2
left_child=2 5 9 14 8 11 7 20 15 36 30 21 13 49 22 61 -17 29 -12 -20 50 45 33 -9 48 26 52 -23 53 -10 31 32 -11 -4 -35 57 -1 39 -39 -38 -41 42 43 46 -29 -2 -8 -24 -25 -5 59 -37 -6 55 -55 -16 -56 -36 -15 -7 -18 -3
right_child=1 4 3 12 25 6 41 23 17 10 18 -13 -14 58 28 16 60 -19 19 -21 -22 27 47 24 -26 -27 -28 44 -30 -31 -32 -33 -34 34 35 51 37 38 -40 40 -42 -43 -44 -45 -46 -47 -48 -49 -50 -51 -52 -53 -54 54 56 -57 -58 -59 -60 -61 -62 -63
leaf_value=-2.3598355539430398 -1.9121725377077923 -2.3214528080643477 -1.7038664471303679 -1.9153282456280531 -1.7027351763272418 -2.2817722378155039 -1.5358753660547451 -1.4596746372395395 -2.2301627058060811 -2.2147921716307906 -1.5464348007897106 -1.4768930162884417 -1.4357732840455679 -2.2231985580170566 -2.3427820304777809 -2.1915740018273793 -1.9068515496777421 -1.4862834563025831 -2.2367573665269322 -1.4318120690313196 -1.695114192863163 -2.1552051799773904 -2.0432887529335173 -2.1649959157626397 -1.4795986150248304 -1.4250934942170126 -1.5117813073133939 -2.0821964163603099 -1.7108854976334236 -1.6349837118440629 -1.4518420799080753 -2.3402018788035317 -1.5664623443553936 -2.3047740986552854 -1.9488564191382203 -1.9185958580844935 -2.3459551530516922 -2.1220924430954207 -1.4972377152011336 -2.2949992404471979 -1.5941503551813268 -1.4178650972246332 -1.4259676487249375 -1.4491482352510014 -1.7613074473327046 -1.5299960309229439 -1.7718963968526038 -1.5032514457209905 -1.7944151445210943 -1.4893070212933242 -1.723448530550407 -1.5732023241037478 -2.1302449985905567 -2.2933832666550464 -2.0577499089299409 -1.844634966035652 -1.4949090579512962 -2.2959506365957472 -1.5736176729958031 -1.8225565484854069 -1.5526434277525265 -1.62281055739862
leaf_weight=89281.038322418928 18.549431249499321 193.62557002902031 16.686018064618111 10.41817371547222 15.076706677675245 59.798623114824295 310.17359468340874 301.78823535144329 31.254521146416664 50.989760786294937 65.727665066719055 201.67212696373463 175.75374357402325 70.979102224111557 642.79284818470478 170.75640821456909 13.043892294168471 74.197724997997284 50.989760786294937 20.497545033693314 50.481557190418243 60.7303297072649 10.333473116159441 18.803533047437668 61.83143749833107 260.87784588336945 77.839850768446922 26.426586985588074 10.587574914097784 14.992006078362463 4.4891317635774604 452.64000272750854 11.18047910928726 101.55601857602596 14.568503081798552 23.885569006204605 2175.1113903522491 24.139670804142952 28.628802567720413 38.962275683879852 11.688682705163954 5959.1953652501106 1097.5503658950329 393.34958320856094 83.6841921210289 49.211048200726509 39.809281677007675 18.380030050873756 38.708173885941505 95.203473627567291 7.030149742960929 32.101527139544487 21.175149828195572 198.4535041898489 13.467395290732386 8.2159581333398801 10.164071917533873 71.656707018613815 3.5574251711368552 7.2842515408992758 60.391527310013771 2.7104191780090323
leaf_count=1054078 219 2286 197 123 178 706 3662 3563 369 602 776 2381 2075 838 7589 2016 154 876 602 242 596 717 122 222 730 3080 919 312 125 177 53 5344 132 1199 172 282 25680 285 338 460 138 70356 12958 4644 988 581 470 217 457 1124 83 379 250 2343 159 97 120 846 42 86 713 32
internal_value=-2.27246 -1.48882 -2.35373 -2.10314 -1.82862 -1.45262 -1.44036 -1.63008 -2.05224 -2.35788 -2.19535 -1.68512 -1.62254 -1.80475 -2.24898 -2.14914 -2.01835 -1.69782 -1.78584 -2.00596 -1.98573 -1.86113 -2.07658 -1.52486 -1.6897 -1.49407 -1.6518 -1.95097 -2.30539 -2.03722 -2.30355 -2.31098 -2.0982 -2.11836 -2.14673 -2.03387 -2.35905 -2.32819 -1.78309 -2.34112 -2.13326 -1.42708 -1.45692 -1.50262 -1.83832 -1.63462 -1.56272 -1.6976 -1.91558 -1.53133 -2.18368 -1.72056 -1.95245 -2.3126 -2.24255 -2.3365 -1.81567 -2.23731 -2.1922 -2.23191 -1.61556 -2.31181
internal_weight=103467 9722.02 93744.8 1528.76 935.942 8786.08 8345.8 545.726 560.972 92216.1 656.514 440.274 355.912 180.158 1172.85 440.528 244.192 120.444 137.215 71.4873 124.595 238.602 289.168 421.131 119.343 374.97 114.092 170.841 883.681 46.2465 519.299 514.81 62.1702 260.454 243.768 142.212 91559.6 2278.53 52.7685 2225.76 50.651 7800.08 1840.88 743.332 110.111 67.7605 349.983 28.7135 57.5117 105.622 74.113 55.9871 36.2519 873.094 222.085 651.009 23.6315 86.2252 74.5365 67.0829 73.4354 196.336
internal_count=1221560 114781 1106779 18049 11050 103731 98533 6443 6623 1088730 7751 5198 4202 2127 13847 5201 2883 1422 1620 844 1471 2817 3414 4972 1409 4427 1347 2017 10433 546 6131 6078 734 3075 2878 1679 1080979 26901 623 26278 598 92090 21734 8776 1300 800 4132 339 679 1247 875 661 428 10308 2622 7686 279 1018 880 792 867 2318
is_linear=0
shrinkage=1


Tree=1
num_leaves=63
num_cat=0
split_feature=16 16 9 11 11 14 16 11 9 14 6 2 4 14 16 9 6 0 6 6 2 2 4 9 0 6 9 6 11 2 11 6 2 4 10 6 0 9 14 14 4 4 4 14 9 11 14 10 9 3 14 4 9 16 11 6 6 7 2 14 4 7
split_gain=506690 6127.25 5326.85 4472.63 3739.12 2007.24 1589.67 2419.76 1491.05 1093.66 994.122 1648.73 764.785 733.109 681.132 556.746 692.086 934.226 556.359 548.205 494.302 368.638 326.886 503.924 312.175 940.893 300.551 1292.41 767.181 504.261 292.171 261.696 935.424 257.247 223.385 203.154 202.444 290.108 187.51 186.191 470.813 278.274 180.511 169.605 163.088 162.901 160.239 296.132 156.292 145.776 144.859 139.665 129.457 121.877 694.122 209.906 116.599 192.934 108.393 103.471 103.112 91.4698
threshold=0.74301329255104076 0.80528196692466747 0.85048422217369091 0.43650794029235845 0.43650794029235845 2.1429483890533452 0.69871267676353466 0.43650794029235845 0.52280154824256908 15.349028110504152 0.052177859470248229 0.27334994077682501 0.79431909322738659 2.9631460905075078 0.89485698938369762 0.52839964628219616 0.11583184450864793 0.17673087120056155 0.049590164795517928 0.32466214895248419 0.16784037649631503 0.91734972596168529 0.52976614236831676 0.55081140995025646 0.20761494338512423 0.082650274038314833 0.77437999844551098 0.45584416389465338 0.64583334326744091 0.2290398105978966 0.81666666269302379 0.10923295468091966 0.24068965017795566 0.99350649118423473 0.68990385532379161 0.83602148294448864 0.2014492750167847 0.96209374070167553 1.32142049074173 1.6000460386276247 0.99350649118423473 0.72834226489067089 0.54446640610694896 16.569128990173343 0.98255756497383129 0.43650794029235845 18.538190841674808 0.081666667014360442 0.9034201204776765 0.26766170561313635 1.8750809431076052 0.56294015049934398 0.97572758793830883 0.65066003799438488 0.64583334326744091 0.19586530327796939 0.20881782472133639 0.66237902641296398 0.74239632487297069 3.9818859100341801 0.42761905491352087 1.0000000180025095e-35
decision_type=2 2 2 2 2 2 2 2 2 2 2 2 2 2 2 2 2 2 2 2 2 2 2 2 2 2 2 2 2 2 2 2 2 2 2 2 2 2 2 2 2 2 2 2 2 2 2 2 2 2 2 2 2 2 2 2 2 2 2 2 2 2
left_child=2 3 6 5 13 12 26 22 9 21 11 34 44 19 30 35 17 48 -9 36 -15 39 -8 61 -6 49 46 28 59 -30 42 32 -5 -23 45 58 37 50 -25 -3 41 -41 -13 -37 56 52 53 -48 -17 -26 -4 -22 -10 -1 -55 -56 -2 -58 -7 -28 -34 -24
right_child=1 8 4 31 24 15 7 18 10 -11 -12 14 -14 20 -16 16 -18 -19 -20 -21 51 33 23 38 25 -27 27 -29 29 -31 -32 -33 60 -35 -36 43 -38 -39 -40 40 -42 -43 -44 -45 -46 -47 47 -49 -50 -51 -52 -53 -54 54 55 -57 57 -59 -60 -61 -62 -63
leaf_value=-0.086929850114767768 -0.06922307824923854 0.002300509128342002 -0.040366585776064896 0.39815996023268663 0.39149474906361215 0.13147631821624522 -0.080707500151170758 0.020879283196773946 0.019334770055036924 0.38729656904954463 0.40816505441438594 -0.038132330943760069 0.33575855080312056 0.46409188168467141 0.3510077590572715 0.11710440173507725 0.36909785783064647 -0.035603826190534711 0.40753335337452451 0.43693595940575142 -0.054006968615214056 0.47137189172793209 0.040028234909448478 0.017272811305779765 0.23687992632300386 0.42188608403221189 -0.075664440349362136 0.56359935955576401 0.4908636085274935 0.01316540185885059 0.21329733107100002 0.41169128921432602 0.027473744480325257 0.23550774771810334 0.40247363881618287 -0.022611909673955221 -0.080863356883007373 0.45896731966420362 0.25173718074302792 0.10134603354707843 0.066284486743635226 0.42507183479121391 0.43531502597615274 0.34192617177508183 0.30306302804333218 0.38067786626886674 -0.070991376003447293 0.48872562479639003 0.4443365034723995 -0.032474245215081327 0.15448102765234881 0.44677197486330922 0.52604592726357535 -0.073169820206274924 0.020220008763739056 0.39314171125950453 -0.027985193768419694 0.28002042852337639 0.46720878309567876 0.12303598349972171 0.27704968288828397 -0.071060044672927467
leaf_weight=82431.269381999969 313.99410810321569 52.296189606189728 122.27386076748371 225.60821012407541 179.20930967479944 14.436545670032503 440.64045478403568 30.326642744243145 22.872478820383552 383.56322506070137 14725.608572222292 111.7596018910408 37.922093667089939 32.84775748103857 69.482113391160965 11.579888783395289 217.59135965257883 81.01075541228056 110.96011145412922 15.154468171298502 25.879101015627388 38.806356072425842 66.056998729705811 32.39558520168066 16.617874853312969 82.674145676195621 1036.054709777236 21.902765870094299 25.758494131267071 31.361345775425434 50.875300049781799 499.93251329660416 61.319394409656525 124.66606266796589 569.3251334503293 76.805565789341927 404.83443461358547 9.2911239340901357 66.932190239429474 24.86790332198143 110.30007158219814 53.672509208321571 5.4031349644064894 9.1404069587588292 8.6596544086933118 23.237884163856506 19.290122434496883 8.8137160167098028 48.320399880409241 56.855673812329769 30.513139754533768 4.1336188465356818 3.7569298520684233 1490.1646875739098 15.177481807768343 26.571426726877689 56.795405864715576 16.885483302175999 10.728086702525614 17.048642128705978 12.807396739721296 168.29474763572216
leaf_count=1045529 3822 568 1471 1540 1229 149 5472 320 260 2667 94557 1226 314 283 471 124 1578 934 732 114 316 300 780 371 174 545 13050 197 284 363 396 3224 597 1102 3827 856 5028 87 629 240 1159 421 37 70 72 181 244 87 376 645 344 33 36 18626 155 181 610 140 100 209 90 2018
internal_value=-0.00260211 0.382835 -0.082658 0.238441 0.102776 0.116515 -0.0847707 0.0200787 0.397861 0.290509 0.403291 0.319516 -0.00746033 -0.00989101 0.140328 0.231156 0.279649 0.141524 0.32454 -0.0379209 0.249656 0.198756 -0.035475 0.0242568 0.319447 0.236758 -0.0858985 -0.0449541 -0.0569598 0.228586 0.053214 0.376255 0.317151 0.291499 0.388253 0.0746908 -0.0506146 0.0249401 0.175267 0.135883 0.172877 0.322572 -0.0162986 0.0161569 -0.0403002 0.225894 -0.0864504 0.104543 0.381076 0.0284469 -0.00145351 0.0149648 0.0908226 -0.0865143 -0.0641563 0.257569 -0.04797 0.0426006 0.274604 -0.0724477 0.0705947 -0.0397475
internal_weight=105093 18074 87019.3 1703.54 980.285 903.87 86039 915.607 16370.5 788.172 15582.3 856.713 434.257 644.928 237.52 469.613 358.502 140.911 141.287 582.067 62.8605 404.609 774.32 333.68 335.357 156.148 85123.4 1132.13 1110.22 57.1198 168.038 799.668 299.735 163.472 619.192 111.111 566.913 162.078 99.3278 241.137 188.84 78.5404 117.163 85.946 396.335 49.8673 83991.3 28.1038 59.9003 73.4735 152.787 30.0127 26.6294 83963.2 1531.91 41.7489 387.675 73.6809 25.1646 1053.1 74.1268 234.352
internal_count=1221560 122044 1099516 14596 10269 9145 1089247 10322 107448 6457 100991 6434 4958 7676 2130 4187 3012 1434 1052 7044 632 3790 9270 3798 2593 1364 1078925 14103 13906 647 1659 5451 2227 1402 4304 1175 6930 1902 1000 2388 1820 661 1263 926 4644 477 1064822 331 500 819 1815 349 296 1064491 18962 336 4572 750 249 13259 687 2798
is_linear=0
shrinkage=0.08


Tree=2
num_leaves=63
num_cat=0
split_feature=16 9 15 8 12 16 12 6 4 9 14 6 2 1 6 2 16 9 2 6 1 15 9 16 15 6 9 1 12 2 5 15 2 14 9 4 4 16 12 6 14 9 4 2 5 16 7 7 14 9 14 1 7 14 2 12 14 4 1 14 7 2
split_gain=362067 4753.78 3601.46 2482.93 2271.23 1374.66 1316.5 957.24 933.191 955.329 554.52 552.313 811.328 508.39 508.385 1141.72 601.41 344.871 336.31 1065.41 336.234 312.583 281.803 281.244 264.835 216.17 188.159 793.684 216.531 299.93 176.718 148.977 144.054 142.433 133.046 189.426 115.399 107.376 317.801 686.587 129.79 107.151 104.451 321.126 149.012 102.138 98.135 94.1742 93.8186 92.1252 112.536 92.1175 106.711 86.7106 83.4907 81.7636 78.9423 74.0152 72.9894 78.2052 72.9476 267.883
threshold=0.74301329255104076 0.83594325184822094 8.5000000000000018 0.7942219376564027 1.0000000180025095e-35 0.69081535935401928 1.0000000180025095e-35 0.057417582720518119 0.58123165369033825 0.61926808953285228 2.3016915321350102 0.08856209367513658 0.21352583914995196 0.22431866079568866 0.064866758882999434 0.25866188108921057 0.83375209569931041 0.56533119082450878 0.2014492750167847 0.1353641748428345 0.77448415756225597 4.5000000000000009 0.9976744055747987 0.85893502831459057 4.5000000000000009 0.23582887649536136 0.76609560847282421 0.79743590950965892 1.0000000180025095e-35 0.21352583914995196 0.46428571641445165 10.500000000000002 0.25143678486347204 15.209865570068361 0.53361582756042492 0.53694942593574535 0.99350649118423473 0.63740643858909618 1.0000000180025095e-35 0.17902930825948718 1.4815049171447756 0.87287157773971569 0.99350649118423473 0.88273492455482494 0.61250001192092907 0.86972683668136608 1.0000000180025095e-35 1.0000000180025095e-35 1.1111539602279665 0.95393458008766185 2.7150980234146123 0.14160401374101642 0.84898874163627636 0.48390753567218786 0.71516755223274242 1.0000000180025095e-35 2.5320934057235722 0.54446640610694896 0.25265957415103918 1.6667355298995974 1.0000000180025095e-35 0.77459675073623668
decision_type=2 2 2 2 2 2 2 2 2 2 2 2 2 2 2 2 2 2 2 2 2 2 2 2 2 2 2 2 2 2 2 2 2 2 2 2 2 2 2 2 2 2 2 2 2 2 2 2 2 2 2 2 2 2 2 2 2 2 2 2 2 2
left_child=1 5 14 8 10 26 24 -8 22 42 20 12 49 -12 15 41 55 21 56 32 51 33 30 57 34 -15 37 28 -28 31 58 -30 -20 36 46 -36 -16 -1 60 -40 -41 -2 43 44 -10 -38 -7 54 -46 50 -5 52 -3 -11 -23 -17 -6 -14 59 -4 61 -39
right_child=2 4 3 11 18 6 7 -9 9 53 13 -13 23 25 17 16 -18 -19 19 -21 -22 47 -24 -25 -26 -27 27 -29 29 -31 -32 -33 -34 -35 35 -37 45 38 39 40 -42 -43 -44 -45 48 -47 -48 -49 -50 -51 -52 -53 -54 -55 -56 -57 -58 -59 -60 -61 -62 -63
leaf_value=-0.086354821542767329 0.079677035296641011 0.0025703818633155723 -0.046417772573907008 0.090568142882164457 0.21874943661872959 0.18763180304689606 -0.044696005192105058 0.28698732757124684 -0.031274081742551203 0.099322908365766197 0.29509907473699942 0.29761057433203009 -0.040169958467770377 -0.056228764904498289 0.29372058361846309 -0.066435921681825438 0.22265402281978749 0.29739974470529701 0.17120036383545462 0.30891140662698585 0.31396560596709966 0.026515947459483345 0.29447875289692377 0.21348581710840017 -0.061529864058900062 0.32644661481151799 -0.078051331701320323 0.41133546761565293 0.31083887633437385 -0.057439972093866823 0.23539884407295719 0.053019326649120908 -0.043616448572605243 0.29550711221649173 -0.061110653299032647 0.25037527013087063 0.03235514820358782 -0.036483976192446414 -0.071476210512765093 0.046373959622379869 0.32345735824354421 0.29035497705666941 -0.011397620327200765 0.35270085084558184 0.064609222080657377 0.20712077918599614 -0.05946890323417197 -0.0012532762984198015 0.39599548816773217 0.31073674316588556 0.31166890758153065 -0.077350752175712606 0.47339738075062898 0.27306813269716362 0.19718027312305275 0.050549038438726462 0.30616224621509058 0.35363220504133802 -0.064589135014909871 0.19215876307844579 -0.081494260469449117 0.63979194819137686
leaf_weight=75906.384722679853 15.729851193726061 55.100344821810722 20.397522419691086 31.675969339907169 135.1168664470315 12.715192653238772 86.244247198104858 157.16994915902615 71.528651438653469 20.016167707741261 60.94631339609623 734.66271839290857 108.52497278898954 74.300490498542786 69.196991592645645 72.537892654538155 144.53710172325373 18314.359098248184 23.781442932784557 123.10253962129354 15.301534354686735 20.579541206359863 17.026024542748928 42.131650105118752 697.66905136406422 10.823687203228472 888.60421942919493 23.130957707762718 25.918092481791973 107.72814253717661 14.377297624945639 32.120509877800941 124.94274944067001 484.72645279765129 18.152521997690201 40.092874936759472 28.760458506643772 69.575890198349953 130.39886269718409 14.240267872810362 45.037121176719666 869.52927729487419 133.60770790278912 24.054437980055809 12.88373037427664 83.649237498641014 53.84648472815752 20.649608589708805 9.4987601339817029 154.73023787885904 27.544290259480476 496.68575397878885 3.2632927894592276 225.365807980299 169.00571072101593 80.860279120504856 129.48701771348715 3.1429954320192328 288.70964357256889 15.457081384956835 1637.9418216124177 3.9621402695775023
leaf_count=1035158 147 636 244 279 874 141 1057 916 775 139 447 3859 1210 963 405 869 929 94219 216 650 95 176 113 280 8931 72 11947 170 273 1377 117 380 1504 2757 233 313 304 932 1703 143 359 4762 1347 207 132 651 680 189 83 878 162 6525 35 1277 1121 716 743 18 3553 126 21990 53
internal_value=-0.0033319 -0.0817823 0.281963 0.178253 0.072844 -0.0842053 0.0060382 0.169468 0.0757636 0.146585 -0.0203619 0.257548 0.177513 0.118715 0.291916 0.241022 0.10556 0.295054 0.197324 0.134827 -0.0559803 0.246034 -0.0231086 0.0373638 -0.0423294 -0.00757093 -0.0854247 -0.0522233 -0.0623929 0.0215451 -0.0390619 0.168153 -0.0092666 0.272868 0.0650006 0.153299 0.212441 -0.0858845 -0.0671059 0.0311454 0.256893 0.286612 0.0370393 0.0918989 0.0250969 0.162406 -0.0122656 0.160984 0.205244 0.27826 0.193406 -0.0661789 0.0288958 0.258895 0.178655 -0.00477002 0.261526 -0.029086 -0.0512198 0.0564336 -0.0779947 -4.70461e-05
internal_weight=103533 81203.8 22329.5 1955.34 1252.85 79950.9 1065.89 243.414 852.923 496.955 716.421 1102.41 367.75 146.07 20374.1 1183.19 297.935 19190.9 536.431 271.827 570.351 876.568 355.968 153.8 822.476 85.1242 78885 1077.5 1054.37 165.767 338.942 58.0386 148.724 666.333 124.807 58.2454 181.607 77807.5 1901.16 189.676 59.2774 885.259 251.573 117.966 93.9111 112.41 66.5617 210.235 22.3825 213.95 59.2203 555.049 58.3636 245.382 189.585 153.398 264.604 111.668 324.564 35.8546 1711.48 73.538
internal_count=1221560 1099516 122044 14799 12760 1086756 12271 1973 8113 3960 8773 6686 2827 1482 107245 7423 2514 99822 3987 2370 7291 5603 4153 1508 10298 1035 1074485 14147 13977 2030 4040 653 1720 4117 1367 546 1360 1060338 25180 2205 502 4909 2544 1197 990 955 821 1486 215 1319 441 7196 671 1416 1297 1585 1617 1228 3923 370 22975 985
is_linear=0
shrinkage=0.08


Tree=3
num_leaves=63
num_cat=0
split_feature=9 14 6 11 2 9 7 14 15 0 0 9 0 9 7 3 11 15 1 9 7 3 8 11 11 7 4 14 3 1 7 7 9 2 1 11 14 11 11 8 9 2 14 1 14 9 15 2 4 11 9 15 4 1 15 2 4 9 5 11 6 11
split_gain=238941 18197.1 15423.8 8263.83 2946.62 6198.65 5033.91 2358.18 1188.14 918.582 730.941 635.057 508.134 429.939 1734.28 424.371 336.962 299.49 255.7 1460.12 302.417 222.692 218.671 212.832 200.303 262.614 177.081 227.812 162.722 159.069 167.681 128.441 138.33 126.918 124.456 311.585 310.682 123.33 122.402 110.223 103.858 102.774 101.967 133.545 98.5488 98.0085 85.1672 82.8607 103.751 71.0622 84.2597 68.8942 68.5282 67.4324 65.6088 65.2777 63.0614 61.2696 350.812 129.079 122.168 98.9451
threshold=0.77437999844551098 15.822612285614015 0.076340328902006163 0.43650794029235845 0.75134408473968517 0.57071429491043102 1.0000000180025095e-35 2.9287461042404179 5.5000000000000009 0.2674796879291535 0.2237871661782265 0.97572758793830883 0.89022758603096019 0.5170399844646455 1.0000000180025095e-35 0.61257407069206249 0.38750000298023229 7.5000000000000009 0.84273937344551098 0.62529620528221141 1.0000000180025095e-35 0.68133461475372326 0.86683088541030895 0.31666667759418493 0.31666667759418493 0.62345302104949962 0.99350649118423473 1.7339977622032168 0.75147059559822094 0.13446328043937686 0.81337305903434765 1.0000000180025095e-35 0.53196728229522716 0.24068965017795566 0.71010184288024913 0.43650794029235845 2.3369866609573369 0.64583334326744091 0.19090909510850909 0.7942219376564027 0.98255756497383129 0.88273492455482494 7.5303425788879403 0.9634092152118684 1.6000460386276247 0.45434696972370153 4.5000000000000009 0.90501254796981823 0.99350649118423473 0.64583334326744091 0.52280154824256908 6.5000000000000009 0.55217784643173229 0.77448415756225597 11.500000000000002 0.32049381732940679 0.9759001135826112 0.71744003891944896 0.30952382087707525 0.31666667759418493 0.47140522301197058 0.43650794029235845
decision_type=2 2 2 2 2 2 2 2 2 2 2 2 2 2 2 2 2 2 2 2 2 2 2 2 2 2 2 2 2 2 2 2 2 2 2 2 2 2 2 2 2 2 2 2 2 2 2 2 2 2 2 2 2 2 2 2 2 2 2 2 2 2
left_child=1 4 3 7 12 6 17 11 13 37 -9 29 18 14 -3 22 -8 42 57 20 54 -21 53 -16 25 47 27 41 40 30 44 -10 -33 -13 35 36 39 -5 -23 -4 -12 -19 -6 -44 -2 -18 -45 51 -49 -22 -51 56 -31 -11 -20 -24 -7 -1 60 -60 61 -59
right_child=2 8 34 9 5 24 16 10 31 15 28 33 -14 -15 23 -17 45 26 19 21 49 38 55 -25 -26 -27 -28 -29 -30 52 -32 32 -34 -35 -36 -37 -38 -39 -40 -41 -42 -43 43 46 -46 -47 -48 48 -50 50 -52 -53 -54 -55 -56 -57 -58 58 59 -61 -62 -63
leaf_value=-0.085842665425366005 -0.061649383748758502 0.24753552516826816 -0.050722905239963499 0.17030637648516581 0.26343938465510519 0.20088859393514702 -0.084805838578722911 0.23021376981732733 0.14540213762687204 -0.036835562527380378 -0.047152429774283064 0.26874165945517881 0.34110583142914785 0.24320804023550938 -0.067635525014039202 0.22273239600178557 0.0051416087599725612 -0.020769741134481979 0.095995656807076654 0.48093122840868674 -0.084709958838393953 0.077713365928749542 0.17533136395883714 0.25731753980972721 0.24907536579004702 0.2422660787788713 0.005521106926534112 0.30565042253581387 0.27764393632081552 -0.07541179622645941 0.27176969105377374 -0.085176066875799303 0.20926618482479817 -0.005102535048536889 0.24137124562328413 0.24190833557785232 0.20598502253197537 0.24429479839735163 0.25772056645185415 0.13615917545351924 0.17259880051820425 0.22902730325263257 0.055873558964261383 0.22383845601598926 0.088032970206278954 0.25787747291433039 0.11217132884312438 0.28113445460278713 0.066687234384267699 -0.065435791154863157 0.37852353437662234 -0.033754153829630672 0.20197844678492927 0.40993862816398852 -0.021082208579904928 0.057160427950787684 -0.0057816034579156921 -0.08318272365709628 0.017153791067076523 0.24628725348351435 0.43466016022308529 0.0059591203312735633
leaf_weight=64996.209550715983 92.517005547881126 417.65476943552494 58.65860939770937 164.10055910795927 116.19862707704306 21.886890091001987 4558.1482879221439 263.21609355509281 23.238581113517284 139.0198996514082 115.10103085637093 43.571324855089188 17.945721216499805 910.99768190085888 176.34087388217449 113.70275182276964 17.322334349155426 37.246264778077602 71.683375500142574 17.824391022324562 1554.7641329020262 45.531254969537258 60.703068040311337 13.917681679129599 365.84076735377312 126.38846025615931 100.19256238639355 39.058544598519802 12.833787091076372 1795.3660073131323 14.346770875155924 115.65301939845085 11.200591601431368 14.415274567902086 19914.285772293806 523.53099638223648 134.56487746536732 1188.110311768949 51.546748302876949 30.805979080498219 15.634007625281809 14.702079400420187 50.036372303962708 196.0639313980937 40.46254525333643 22.673489324748516 56.25378242880106 24.832049623131752 34.498231537640095 6.6750507131218892 4.6363351419568062 45.463681079447269 5.7180514708161345 2.1962396800518027 53.492815226316452 58.990920342504978 16.627500258386135 1558.3582045212388 38.019426256418228 26.844757415354252 2.9730759635567656 83.986208356916904
leaf_count=952583 1196 1996 655 951 617 147 66193 1485 152 1493 1352 245 141 4240 2459 633 184 410 692 151 22752 387 388 88 1712 657 971 299 74 24659 123 1669 68 135 90796 2438 748 5852 255 213 91 104 402 1172 425 143 379 136 212 90 37 516 39 15 654 438 134 22572 426 142 22 1152
internal_value=-0.00369462 -0.0740214 0.211929 0.070991 -0.0798839 -0.0253521 -0.0541356 -0.0246203 0.187221 0.204605 0.151014 -0.0602291 -0.0845337 0.208439 0.156336 0.0937497 -0.0827772 0.161851 -0.0846452 -0.0549438 -0.0736923 0.221017 0.0375399 -0.0438648 0.210514 0.158205 0.0788968 0.159678 0.00581143 -0.0679936 0.0119289 -0.0275033 -0.0591782 0.200665 0.240168 0.208122 0.129168 0.235316 0.173294 0.0136275 -0.0208734 0.0499262 0.199745 0.175266 -0.0161046 0.148417 0.198942 0.0840694 0.156442 -0.0832564 0.116535 0.0329384 -0.0745311 -0.0298872 0.0459636 0.117091 0.111665 -0.0854494 -0.0705025 0.111983 -0.0776967 -0.0786242
internal_weight=100845 76042.9 24801.9 4140.01 74373.9 5843.43 5207.9 2413.18 1669 1726.82 406.785 2006.4 68530.5 1518.91 607.913 374.613 4598.14 609.752 68512.5 1806.15 1691.25 114.902 260.91 190.259 635.538 269.697 191.199 91.0069 143.569 1948.41 147.326 150.092 126.854 57.9866 20661.8 747.56 224.029 1352.21 97.078 89.4646 130.735 51.9483 418.553 302.354 132.98 39.9958 252.318 143.308 59.3303 1566.08 11.3114 83.9781 1801.08 141.216 125.176 119.694 38.5144 66706.4 1710.18 64.8642 1645.32 1642.34
internal_count=1221560 1087116 134444 39594 1076444 74388 70874 29824 10672 9770 3002 26822 1002056 8783 4543 2967 66520 4354 1001915 25018 24225 793 2334 2547 3514 1802 1784 813 1517 26442 1744 1889 1737 380 94850 4054 1616 6803 642 868 1443 514 2570 1953 1621 327 1551 1145 348 22879 127 797 24698 1508 1346 826 281 976897 24314 568 23746 23724
is_linear=0
shrinkage=0.08


Tree=4
num_leaves=63
num_cat=0
split_feature=16 9 15 16 12 16 12 6 12 9 6 0 16 9 14 0 14 1 6 0 9 6 12 2 1 15 7 1 4 16 9 2 6 5 1 6 4 9 2 7 10 6 4 14 15 14 12 16 0 4 1 14 4 16 12 6 15 1 9 4 0 10
split_gain=233389 3082.14 2243.63 1302.54 1126.1 755.184 728.463 589.724 531.536 481.049 456.938 981.442 458.01 332.045 309.012 273.936 256.124 199.493 182.599 279.698 164.809 320.711 188.835 191.012 158.605 155.155 152.015 144.492 142.1 209.064 138.292 134.7 488.461 125.965 118.432 102.281 129.338 88.3802 102.008 86.6839 98.5709 149.066 85.5912 129.962 84.1259 74.4728 73.628 72.8201 72.6747 69.7306 66.4539 64.3316 62.4721 62.2198 178.082 328.871 73.0417 60.2467 59.4225 59.3031 82.8993 56.5354
threshold=0.72948575019836437 0.83594325184822094 10.500000000000002 0.82036876678466808 1.0000000180025095e-35 0.67612341046333324 1.0000000180025095e-35 0.10923295468091966 1.0000000180025095e-35 0.63897106051445018 0.05505050532519818 0.25949975848197943 0.83375209569931041 0.60044842958450328 2.2021192312240605 0.16767068207263949 15.636798381805422 0.82807883620262157 0.10923295468091966 0.23294574022293094 0.77437999844551098 0.40967366099357611 1.0000000180025095e-35 0.21352583914995196 0.12732185423374179 6.5000000000000009 0.64624765515327465 0.76506900787353527 0.99350649118423473 0.90950042009353649 0.88029849529266369 0.2014492750167847 0.11583184450864793 0.46428571641445165 0.75931033492088329 0.069366481155157103 0.12632978707551959 0.98255756497383129 0.69614070653915416 1.0000000180025095e-35 0.075498577207326903 0.2639319002628327 0.97014260292053234 16.099511146545414 5.5000000000000009 2.2675398588180546 1.0000000180025095e-35 0.91595917940139782 0.25176055729389196 0.78830561041831981 0.84028983116149913 4.5504581928253183 0.46265329420566564 0.63740643858909618 1.0000000180025095e-35 0.099180329591035857 11.500000000000002 0.15047170221805575 0.90954548120498668 0.99350649118423473 0.88273492455482494 0.54772728681564342
decision_type=2 2 2 2 2 2 2 2 2 2 2 2 2 2 2 2 2 2 2 2 2 2 2 2 2 2 2 2 2 2 2 2 2 2 2 2 2 2 2 2 2 2 2 2 2 2 2 2 2 2 2 2 2 2 2 2 2 2 2 2 2 2
left_child=1 5 10 8 14 20 25 -8 17 -5 11 30 46 16 27 -16 28 24 19 -10 53 22 -22 -24 -4 39 59 57 33 -30 51 61 48 49 -17 36 -11 38 -38 50 -41 -42 -43 -44 -31 -26 -13 52 -33 -12 -7 -2 -14 -1 -55 -56 -57 58 -3 60 -19 -6
right_child=2 4 3 9 31 6 7 -9 18 35 13 12 47 -15 15 34 -18 26 -20 -21 21 -23 23 -25 45 -27 -28 -29 29 44 -32 32 -34 -35 -36 -37 37 -39 -40 40 41 42 43 -45 -46 -47 -48 -49 -50 -51 -52 -53 -54 54 55 56 -58 -59 -60 -61 -62 -63
leaf_value=-0.085147223514116438 0.0064495017612318786 -0.041615838011242065 0.19277633180954637 0.034100816038320853 0.13633260997414118 -0.018576636490608922 -0.043207032235199332 0.19621167031494671 0.15791279904496505 0.2081568952130293 -0.019789310542462683 -0.072051575710642052 0.079579190834026189 0.20578440482360402 0.18775609037797636 -0.065926450963190442 0.19924540150647915 0.012252417545608567 0.19656985028606572 -0.049972536757021582 -0.075240390313726424 0.25349672762941955 0.13930435032511659 -0.057974910807810698 -0.066872076233674846 -0.071295115386448282 0.20237071999808642 0.20197005915453081 0.015948245667028741 0.16110408637295062 0.20001393715622068 0.11457065389117302 0.21346383730146135 0.20616058098857606 0.22317692545447615 0.20276125044740403 -0.040894750954567877 0.17771093764692605 0.25047657913564542 -0.081469138990022269 -0.063106760213070226 0.25001572001109273 -0.032631140499348489 0.25950973991054321 0.038882806541029762 0.046502429804881763 0.020130130068697401 0.21314810199175799 -0.042836990523792848 0.22606153763353781 0.25932063718323239 0.25935744568460206 0.22646070677074906 -0.078123101990727667 -0.07578831942965239 0.22184062359262594 0.017657429354458326 -0.07777859816414244 0.12967735571238595 -0.056354320081149344 0.23897131737545629 0.20968221499292403
leaf_weight=65666.82431307435 34.692800499498844 46.599686585366726 17.425395287573338 146.6565600708127 122.33551617711782 9.0311426594853419 114.17326389998198 155.5471279323101 95.128107391297817 76.771053574979305 27.846084997057915 109.39006692916155 95.713920630514622 22560.35913810879 72.230285093188286 68.649922609329224 608.98340855538845 40.020691245794296 119.85336794704199 73.366712592542171 579.83340245485306 22.110055111348629 58.098724998533726 68.379481256008148 330.72050385177135 747.38975521922112 39.230002976953983 13.352024942636488 134.33247335255146 205.99642693251371 1220.7134557291865 22.942327752709389 115.46926148235798 176.41948883235455 10.448972612619398 746.51222892850637 47.19327162951231 29.379951357841492 9.1868769153952581 80.390247978270054 56.842147201299667 20.324989423155785 33.070726372301579 13.817624866962431 43.686264276504517 41.763111047446728 112.46897910535336 65.403250686824322 103.27195956557989 10.047616586089132 14.113905668258665 7.9033243060111991 22.982318416237831 1270.5235247164965 98.191522523760796 41.221097476780415 15.402384273707865 366.96915095299482 17.955568253993988 41.654002711176872 13.909129731357096 149.36018962413073
leaf_count=1036686 319 582 132 1369 658 103 1472 773 530 383 229 1491 612 95915 438 974 2715 383 547 875 8796 118 514 941 4450 10989 207 69 1271 1164 5562 195 501 883 51 3229 506 145 54 1183 807 179 405 96 311 431 997 294 1280 51 131 51 108 19535 1453 296 156 5495 183 497 88 702
internal_value=-0.00390302 -0.081119 0.19454 0.109935 0.0511551 -0.0832441 -0.0214944 0.0948652 0.0338302 0.168549 0.200755 0.160296 0.0520849 0.203597 -0.0236306 0.0751197 0.162722 -0.0141195 0.121087 0.0673945 -0.0843774 -0.0465293 -0.0559212 0.0326468 -0.0431246 -0.0536843 0.0697692 -0.0572215 0.125548 0.096423 0.19507 0.138006 0.0945582 0.177736 -0.0277359 0.19024 0.13273 0.0652084 0.00658282 0.00414802 -0.012464 0.0322526 0.112898 0.0534605 0.139719 -0.0541605 -0.0253211 0.145367 -0.0142246 0.0453987 0.150886 0.0533743 0.108019 -0.0847883 -0.0682522 0.0127553 0.1663 -0.0652413 0.0060281 0.0153462 0.0707259 0.176655
internal_weight=97480.6 70174.9 27305.7 1868.77 1109.58 69065.3 1244.7 269.72 813.071 1055.7 25436.9 1669.27 405.959 23767.7 596.206 151.329 1207.31 524.723 288.348 168.495 67820.6 728.422 706.312 126.478 389.909 974.981 134.814 444.876 598.328 384.015 1263.31 513.379 241.684 214.313 79.0989 909.043 162.531 85.7601 56.3801 227.591 204.446 124.055 67.2133 46.8884 249.683 372.484 221.859 184.099 126.214 37.8937 23.145 42.5961 118.696 67092.2 1425.34 154.815 56.6235 431.524 64.5553 95.5838 53.9298 271.696
internal_count=1221560 1095761 125799 13826 11128 1084633 16138 2245 8140 5686 111973 9434 3502 102539 7792 1463 6624 6188 1952 1405 1068495 10369 10251 1455 5013 13893 1175 6329 3909 2746 5932 3336 1976 1163 1025 4317 1088 705 560 2904 2670 1487 680 501 1475 4881 2488 1014 1475 280 234 370 720 1058126 21440 1905 452 6260 765 968 471 1360
is_linear=0
shrinkage=0.08


Tree=5
num_leaves=63
num_cat=0
split_feature=16 16 9 15 14 16 15 9 15 8 6 8 1 6 9 6 4 9 6 0 5 4 9 3 6 4 7 9 6 1 14 2 16 4 2 14 7 6 0 0 14 9 1 2 4 14 1 1 4 15 4 5 6 15 4 5 1 8 14 4 2 5
split_gain=196930 2356.73 2178.25 1286.57 621.066 485.918 507.628 430.156 481.504 356.077 304.193 489.862 275.774 333.53 206.403 376.619 203.358 201.795 295.927 600.126 209.331 196.642 192.416 166.024 332.967 137.461 123.349 116.795 305.004 134.784 141.461 110.479 120.672 109.675 88.097 85.806 83.3192 81.1401 227.997 78.7408 77.73 69.7799 66.9837 66.6122 63.6984 63.3903 61.8244 59.8583 54.8575 53.7419 53.2234 185.474 83.7186 50.0323 47.2896 133.534 47.0339 46.2758 46.1641 45.8028 82.0457 45.4489
threshold=0.71812930703163158 0.78905326128005993 0.82780584692955028 9.5000000000000018 2.3016915321350102 0.66075360774993908 6.5000000000000009 0.50802230834960949 6.5000000000000009 0.81501609086990368 0.052177859470248229 0.85048422217369091 0.14160401374101642 0.20881782472133639 0.51869320869445812 0.099180329591035857 0.12632978707551959 0.5170399844646455 0.2299679517745972 0.18677325546741488 0.30952382087707525 0.58123165369033825 0.60693088173866283 0.2237871661782265 0.16345082968473437 0.077677227556705489 1.0000000180025095e-35 0.75072255730628978 0.42163743078708654 0.14160401374101642 2.2343510389328007 0.28708791732788091 0.8790508806705476 0.42761905491352087 0.92031747102737438 15.636798381805422 1.0000000180025095e-35 0.11583184450864793 0.21680375933647159 0.24283374845981601 2.0692263841629033 0.90954548120498668 0.86706829071044933 0.25866188108921057 0.99350649118423473 5.3272314071655282 0.84680575132370006 0.84028983116149913 0.45022521913051611 5.5000000000000009 0.49205549061298376 0.10555555671453477 0.29864865541458135 9.5000000000000018 0.95488464832305919 0.58571431040763866 0.88273492455482494 0.52465248107910167 0.48390753567218786 0.99350649118423473 0.87570226192474376 0.46428571641445165
decision_type=2 2 2 2 2 2 2 2 2 2 2 2 2 2 2 2 2 2 2 2 2 2 2 2 2 2 2 2 2 2 2 2 2 2 2 2 2 2 2 2 2 2 2 2 2 2 2 2 2 2 2 2 2 2 2 2 2 2 2 2 2 2
left_child=2 3 5 17 12 27 14 8 35 21 11 16 41 39 26 -16 -9 36 19 -19 43 25 -23 -6 -25 40 42 -1 29 30 57 -13 48 45 54 59 46 38 -11 49 -5 53 -7 -21 -36 56 -2 -45 -33 -14 -8 52 -52 -4 55 -10 -18 -29 -24 61 -61 -3
right_child=1 7 4 9 23 6 50 10 34 37 -12 31 13 -15 15 -17 33 18 -20 20 -22 22 58 24 -26 -27 -28 28 -30 -31 -32 32 -34 -35 44 -37 -38 -39 -40 -41 -42 -43 -44 47 -46 -47 -48 -49 -50 -51 51 -53 -54 -55 -56 -57 -58 -59 -60 60 -62 -63
leaf_value=-0.084511948211981144 0.0079376180215593346 0.030269336194282178 0.14034828930328527 -0.0059619732022782044 0.16539367736074301 -0.0063723398769620953 -0.079576808155698869 0.14100645551777072 -0.023779932045374 0.16597784008177116 0.18176393496119769 0.17731504547834603 0.13725311101993454 0.17872287007087728 -0.051028677041826009 0.16414620766868324 -0.045114753037941317 0.16985399305703083 0.17519036198817139 0.073357293292658221 0.18240723709673667 -0.029538177407799154 -0.026751236338363658 -0.036914660897862092 0.18569985538146294 -0.070746166426429016 -0.057761064817460649 0.13977644035257655 0.26288725730155915 -0.072709236310784839 0.23500617331461596 0.010514590081093815 0.1692363399948085 0.15066051889811091 0.20791408362766675 0.17939472227147527 -0.022413667506555154 0.19596723412459072 -0.050398675416629443 -0.078266262164254738 0.17609098148575467 0.16037819059354344 0.25645557155566318 -0.046556925427025678 0.059028795525389026 0.13484974628082641 0.17356193378915616 0.20665114157935421 0.18963562938033868 -0.024258754249739511 -0.021375192513530341 -0.058372133765072748 0.24771244221320898 0.00089656375425949456 -0.040858663565561941 0.15855796419597348 0.35267870214107061 -0.0451653081354692 0.14367636397163303 0.039308055834951595 0.1376717139971991 0.18598948146905378
leaf_weight=61521.209205754101 24.027872033417225 13.340192750096319 23.412080109119415 45.717488497495651 201.2680625282228 11.513344019651415 684.15674532204866 103.9085706025362 72.891024760901928 75.41955503821373 23614.862109288573 1019.3970631286502 14.670208759605883 41.577180080115795 79.965625982731581 149.17694053426385 143.14201139658689 361.31475053355098 840.03596368804574 42.032404664903879 39.251386485993862 106.40807145833969 11.467385202646254 99.889906093478203 75.503222703933716 339.85647662729025 139.39107614383101 10.092498540878294 18.841039195656776 802.60616144537926 17.503512583673 70.029241450130939 99.190649285912514 26.947183981537819 26.629860140383244 532.00346317887306 66.889229625463486 50.824120283126831 53.116446517407894 342.17401061952114 22.346400417387486 53.873289704322815 13.462461866438387 179.91997402906418 59.44376378506422 14.637763366103171 36.088616207242012 6.1804134100675574 12.969196043908594 130.24801274389029 12.037018314003946 398.21975384280086 19.207342490553856 55.497113462537527 76.915905326604843 39.7081054225564 1.9279047921299923 60.959725841879845 90.043831095099449 71.851003617048264 221.80733063071966 118.99110215902328
leaf_count=1045286 221 76 159 482 1029 137 10814 586 734 428 96503 4331 124 199 1184 997 1597 1718 3639 321 201 1319 104 1344 330 4944 2118 130 109 12905 182 559 451 173 130 2204 744 226 740 5353 129 305 115 2184 470 86 261 39 64 1653 171 5976 104 561 714 266 14 918 482 527 1173 517
internal_value=-0.00402254 0.170381 -0.0811411 0.0943323 0.033813 -0.0830075 -0.038121 0.177284 0.131163 0.011201 0.17955 0.144519 -0.0128812 -0.038769 0.039984 0.089055 0.0513061 0.135759 0.144125 0.102616 0.0117576 -0.0176894 0.0456297 0.115812 0.0589164 -0.0499635 -0.0284256 -0.0840911 -0.0556404 -0.0623748 0.0312895 0.16706 0.10968 0.00137093 0.0379755 0.15797 0.0390148 0.110397 0.076562 -0.0573337 0.0538088 0.0901904 0.135297 -0.0176036 0.105092 -0.0238184 0.107364 -0.0381479 0.0385037 -0.00790876 -0.0657202 -0.0436459 0.144045 0.0422714 0.00749287 0.0405216 -0.0398283 -0.0188956 0.124424 0.131214 0.113605 0.170291
internal_weight=93708 28731.5 64976.5 2390.94 1038.11 63938.3 1507.13 26340.6 1233.58 795.2 25107 1492.15 661.452 528.669 393.509 229.143 290.563 1595.74 1468.73 628.699 267.384 615.84 207.919 376.661 175.393 407.92 164.367 62431.2 910.003 891.162 88.5557 1201.59 182.189 186.655 275.589 957.993 127.006 179.36 128.536 487.092 68.0639 132.782 24.9758 228.133 86.0736 159.708 60.1165 186.1 82.9984 144.918 1113.62 429.464 31.2444 78.9092 189.515 112.599 145.07 71.0522 101.511 425.99 293.658 132.331
internal_count=1221560 129357 1092203 18182 11057 1081146 21616 111175 6811 8854 104364 7861 8354 7329 4551 2181 2456 9328 8102 4463 2745 7460 1905 2703 1674 5555 2370 1059530 14244 14135 1230 5405 1074 1870 2314 4497 1226 1394 1168 7130 611 1025 252 2544 600 1697 482 2223 623 1777 17065 6251 275 720 1714 1000 1611 1048 586 2293 1700 593
is_linear=0
shrinkage=0.08


Tree=6
num_leaves=63
num_cat=0
split_feature=16 9 16 11 11 14 16 11 9 15 6 6 10 11 14 9 0 6 1 14 6 6 7 2 1 0 16 14 9 1 11 2 6 2 6 4 7 1 14 14 4 14 11 2 1 6 2 9 15 1 6 0 2 6 9 16 7 4 14 4 9 9
split_gain=169133 2052.23 1914.6 1537.18 1313.23 583.2 438.815 691.177 387.818 386.851 335.073 271.091 426.776 245.053 238.596 157.743 156.843 151.488 289.996 148.342 148.202 142.468 129.462 99.974 99.021 84.7427 98.1242 83.7121 80.9998 402.407 262.095 206.645 97.1956 75.1777 104.157 71.138 134.858 103.743 69.5759 158.439 90.8719 64.4642 64.0831 81.7254 65.3625 62.9716 248.896 62.4993 61.0847 55.1152 54.8177 54.4301 53.568 230.464 52.9113 54.119 52.0996 51.638 49.2628 49.5514 48.9007 48.6713
threshold=0.71812930703163158 0.81145748496055614 0.78905326128005993 0.43650794029235845 0.43650794029235845 2.1429483890533452 0.66075360774993908 0.43650794029235845 0.50802230834960949 5.5000000000000009 0.53452381491661083 0.057417582720518119 0.74342104792594921 0.43650794029235845 2.285822987556458 0.56265702843666088 0.16767068207263949 0.2299679517745972 0.2736185491085053 16.569128990173343 0.052177859470248229 0.41763564944267279 1.0000000180025095e-35 0.84028983116149913 0.74849396944046032 0.27812939882278448 0.85893502831459057 3.7642933130264287 0.71215814352035534 0.84273937344551098 0.43650794029235845 0.21352583914995196 0.11834733933210374 0.84660634398460399 0.92450141906738292 0.47673159837722784 0.65633013844490062 0.87026646733284008 8.5048837661743182 1.951428294181824 0.76533168554306041 15.349028110504152 0.41428571939468389 0.88273492455482494 0.96609193086624157 0.077524039894342436 0.25143678486347204 0.9034201204776765 10.500000000000002 0.15047170221805575 0.049590164795517928 0.83414238691329967 0.24283374845981601 0.045983087271451957 0.77437999844551098 0.5745067596435548 0.81337305903434765 0.49205549061298376 0.48390753567218786 0.99350649118423473 0.98255756497383129 0.88953116536140453
decision_type=2 2 2 2 2 2 2 2 2 2 2 2 2 2 2 2 2 2 2 2 2 2 2 2 2 2 2 2 2 2 2 2 2 2 2 2 2 2 2 2 2 2 2 2 2 2 2 2 2 2 2 2 2 2 2 2 2 2 2 2 2 2
left_child=1 6 3 5 14 10 28 19 9 41 23 12 13 27 21 22 -16 18 61 35 -9 49 51 -2 -18 -14 -27 57 -1 30 -30 48 -33 -11 -35 -8 38 -38 39 -37 -41 -4 43 44 47 46 -5 58 54 56 -20 -7 -6 -54 55 -32 -3 60 -13 -60 -10 -17
right_child=2 4 8 45 52 15 7 20 11 33 -12 42 25 -15 16 17 24 -19 50 -21 -22 -23 -24 -25 -26 26 -28 -29 29 -31 31 32 -34 34 -36 36 37 -39 -40 40 -42 -43 -44 -45 -46 -47 -48 -49 -50 -51 -52 -53 53 -55 -56 -57 -58 -59 59 -61 -62 -63
leaf_value=-0.084185717462254533 -0.056746806741479028 -0.030543907642323755 0.11612842956954608 0.15733727290450936 0.1585047165979952 0.059559583606063289 -0.081337082399865965 -0.020398054739224677 -0.060626581773725881 -0.0017173830849867165 0.15412100478286689 -0.047752374289887059 0.16164268000114376 0.123841608684692 0.1179431489618496 0.031153743413050741 -0.059584866314612663 0.14087824643636379 -0.062152831302328987 0.14448412031149288 0.16518141409653703 0.2031243670531844 -0.041814973503154773 0.20969676507494131 0.1795636393474648 0.0021455904171230004 0.13661133839573064 0.098458713030819309 -0.078908748729315775 0.32724320616947977 0.81091423016288344 -0.058725370844767866 0.303287579674765 0.15467897164831645 0.034838656985526045 -0.05958756564233765 0.04149668505604958 0.39934789502776907 -0.072210040413458423 0.016027537456767656 0.21701548952171287 0.15990639365301892 0.16656063876987301 0.16391611426049868 0.15845247996426431 0.16833123927598803 0.0021268413186015557 0.14561288607204481 0.097997332978777121 -0.07740482857335812 0.076009037358486659 0.22708784314111977 -0.01938520110120294 0.17113877524374591 0.21300199999571212 0.30575275380313399 0.17025367788483498 0.16075259022252958 0.11977554407446961 0.024410253059725676 0.11791923403458279 0.17200467706757988
leaf_weight=56268.957806795835 527.51562669500709 86.442165300250053 340.32926727831364 374.99109797924757 252.22619923204184 66.700061000883579 598.78532331064343 35.915658712387085 132.77748625352979 135.98829593509436 55.598850004374981 13.049706861376761 1005.0052894800901 163.32830847799778 89.11081850528717 19.120449293404818 85.553123194724321 264.5248700901866 94.57922251522541 22.698741901665926 118.10719591379166 12.735913157463072 111.08507703244686 9.1693910323083383 12.729548566043375 46.52422546222806 137.03280662000179 36.604736022651196 1461.1895914375782 16.493083916604519 2.2293544597923782 64.954408284276724 5.1207550801336756 69.545521207153797 139.5582507327199 141.20676577463746 21.180564098060135 6.8654466420412055 351.45190846547484 36.475197285413742 23.78493569791317 585.83941793441772 18257.741995640099 3725.8430870845914 1005.6740412935615 687.19113957881927 80.279384590685368 622.61862872540951 19.509062938392162 522.45637718588114 22.812063831835985 15.249828413128851 64.385105568915606 110.14785912260413 13.605404011905192 3.4697181507945061 9.1447026506066305 8.0540789067745191 349.87768669426441 38.730267971754074 10.601211376488207 87.802114330232143
leaf_count=1029970 7389 1081 1757 1583 1148 618 10258 443 1659 1232 326 69 4132 827 538 133 1300 1182 1328 226 523 61 1349 57 58 343 629 227 26011 101 35 1047 48 364 1059 2180 275 49 5654 484 253 2399 73183 14974 4045 2777 789 2551 241 8759 164 91 789 468 81 54 68 40 1463 164 58 396
internal_value=-0.0040923 -0.0804913 0.153864 0.0856625 0.0211598 0.0252457 -0.0826286 -0.0376513 0.160008 0.116882 -0.0328273 0.162154 0.129615 0.052156 -0.0381813 0.0756886 0.0410799 0.0998681 0.0515064 -0.0580893 0.121907 -0.0617285 0.0144568 -0.0521946 -0.0286104 0.152514 0.10253 -0.0101096 -0.0836831 -0.0658567 -0.069986 0.0497489 -0.0322712 0.0445844 0.0746962 -0.0619869 -0.0420432 0.129096 -0.0507239 -0.0132422 0.0953584 0.14382 0.16424 0.15688 0.143965 0.153044 0.129968 0.129741 0.197831 -0.0671863 -0.0353045 0.0907345 0.134927 0.100855 0.298722 0.503361 -0.0113338 -0.0363531 0.105137 0.110271 -0.0474252 0.146817
internal_weight=89698.3 60456.9 29241.3 2416.62 1244.93 1274.16 59212 1356.47 26824.7 1271.26 592.284 25553.5 1539.93 351.366 818.173 681.874 187.393 488.839 224.314 1202.45 154.023 630.779 193.035 536.685 98.2827 1188.56 183.557 188.038 57855.5 1586.57 1570.08 108.889 70.0752 345.092 209.104 1179.75 580.965 28.046 552.919 201.467 60.2601 926.169 24013.5 5755.79 2029.95 1142.46 455.27 1024.28 38.8135 618.043 117.391 81.9499 426.759 174.533 19.3045 5.69907 95.5869 151.433 401.658 388.608 143.379 106.923
internal_count=1221560 1092203 129357 18182 14270 13033 1077933 20345 111175 6811 7772 104364 7915 2811 11865 5261 1896 3203 2021 19379 966 9969 2058 7446 1358 5104 972 1984 1057588 27618 27517 1506 1095 2655 1423 19153 8895 324 8571 2917 737 4156 96449 23266 8292 5149 2372 4247 411 9908 1492 709 2405 1257 170 89 1149 1757 1696 1627 1717 529
is_linear=0
shrinkage=0.08


Tree=7
num_leaves=63
num_cat=0
split_feature=16 9 15 11 11 4 8 16 11 1 11 16 14 14 1 14 9 2 1 1 4 4 2 1 4 2 1 7 2 11 4 0 9 15 9 1 11 1 1 1 9 1 14 7 14 14 11 9 1 4 2 14 10 14 1 0 0 4 16 7 10 4
split_gain=147120 1931.41 1605.75 1392.44 1199.99 663.672 514.939 414.617 588.055 368.892 262.158 356.058 225.392 140.646 124.956 122.298 117.772 113.874 113.666 112.502 103.514 102.184 96.2842 93.0229 88.944 156.55 89.0426 86.5777 80.9249 72.3619 112.314 89.7244 70.7077 69.7849 67.5124 315.11 190.175 121.914 69.5436 64.456 61.5439 83.4058 59.136 58.087 54.912 53.6139 51.6873 51.4939 73.9846 81.6854 50.3251 46.439 43.2953 42.727 41.003 63.7186 40.4849 37.9155 37.8869 37.4431 36.3741 36.1475
threshold=0.71812930703163158 0.80106952786445629 7.5000000000000009 0.43650794029235845 0.43650794029235845 0.54110360145568859 0.66352924704551708 0.66075360774993908 0.43650794029235845 0.22431866079568866 0.43650794029235845 0.80528196692466747 2.373399138450623 1.7647139430046084 0.83457711338996898 16.569128990173343 0.55081140995025646 0.19639987498521808 0.18350168317556384 0.79743590950965892 0.41060766577720648 0.39314988255500799 0.91331186890602123 0.6900656819343568 0.99350649118423473 0.84660634398460399 0.99350649118423473 1.0000000180025095e-35 0.8263767957687379 0.86607143282890331 0.45199692249298101 0.21680375933647159 0.98255756497383129 6.5000000000000009 0.71215814352035534 0.83457711338996898 0.43650794029235845 0.14160401374101642 0.64549729228019725 0.15047170221805575 0.98255756497383129 0.82807883620262157 1.6000460386276247 1.0000000180025095e-35 4.1410288810729989 2.2675398588180546 0.64583334326744091 0.48878833651542669 0.82807883620262157 0.99350649118423473 0.27334994077682501 3.6668192148208623 0.070197045803070082 1.3334101438522341 0.69631093740463268 0.29679679870605474 0.26120401918888098 0.92422503232955944 0.95500558614730846 0.62007752060890209 0.10762548446655275 0.96178188920021068
decision_type=2 2 2 2 2 2 2 2 2 2 2 2 2 2 2 2 2 2 2 2 2 2 2 2 2 2 2 2 2 2 2 2 2 2 2 2 2 2 2 2 2 2 2 2 2 2 2 2 2 2 2 2 2 2 2 2 2 2 2 2 2 2
left_child=1 7 10 5 12 9 24 34 15 13 11 14 19 32 18 33 27 -14 -2 39 56 -10 40 -19 25 26 45 -16 44 30 31 -5 -4 43 -1 36 -36 -38 50 42 41 61 -3 -9 -11 57 54 -45 -49 -50 51 -39 -29 -27 55 -6 -20 -7 -26 -22 -17 -13
right_child=2 4 3 29 46 6 -8 8 21 28 -12 22 17 -15 16 60 -18 23 20 -21 59 -23 -24 -25 58 53 -28 52 -30 -31 -32 -33 -34 -35 35 -37 37 38 -40 -41 -42 -43 -44 47 -46 -47 -48 48 49 -51 -52 -53 -54 -55 -56 -57 -58 -59 -60 -61 -62 -63
leaf_value=-0.08372983413841345 0.12300966762937179 -0.04292184477406509 -0.053881010845110974 0.10213136710205781 0.085653631768193364 -0.048482111417775843 0.13623548185778245 0.093311722211896361 -0.022513863408555372 -0.065697033539971278 0.15256736697708637 0.096263535017847845 0.1027062387320407 0.14542945961611847 0.11780326548866872 0.029000558463395391 0.13666616292404687 -0.059873727624048863 0.031105466578331319 0.15472316904072822 0.025839723165762708 0.1454619256767555 0.1493141975154984 0.15154787889119339 -0.046697415687443601 0.068132227967210662 0.17496137960178015 -0.077259444510753575 0.23395127799783477 0.1499133310700746 0.14727942672686764 -0.039604299947515659 0.20618619951923325 -0.071779860556528088 -0.078559072967805538 0.26984725797107884 0.23832747175965921 0.024092644697159469 0.30662616217945032 -0.075554057610333278 0.15428203127442147 0.13073966775726983 0.092775541802551972 -0.07810280238198819 0.083879949968271611 0.081200891827241592 0.13606896021139359 -0.051407899936743703 0.21240119209464609 -0.0062029713004400164 -0.073715713904479049 0.34810008857252689 0.057939684056421518 0.17865568656774158 0.16482228280074382 -0.077733326920849388 -0.070035450059263149 0.21849229962239933 0.029762657235693397 0.10865295705278427 0.22363847110500965 -0.00085059036801754463
leaf_weight=52214.136826962233 94.594855144619942 80.115565124899149 46.551837023347616 72.327386312186718 62.485870491713285 118.07823610305786 480.18571436032653 24.676518000662327 28.752090211957693 498.50361233949661 19015.678339608014 355.43219524621964 91.624966531991959 93.135010853409767 53.132972605526447 13.263636492192747 327.8080155774951 76.51929946616292 37.993456359952688 15.267194800078867 71.357412800192833 119.54960242658854 3676.327673278749 16.125848453491926 135.67026093229651 38.68256713449955 17.112941928207874 36.515741653740406 6.023684959858655 1245.8667552024126 170.19353976100683 47.263830453157425 7.8138131350278845 835.5400362983346 1306.6793953403831 17.648480303585529 15.854972645640371 32.814891956746578 4.413734082132577 572.28695839270949 514.48678816109896 1794.4140211865306 27.646312423050404 100.76146652922034 16.218938149511814 28.455924078822136 346.36068630963564 70.726380106061697 17.916591189801693 28.093427404761314 47.03440872579813 3.0983966775238505 25.919080704450607 53.136057816445827 23.824324637651443 20.219077032059431 75.987982980906963 3.505612187087535 59.739457011222839 68.471444766968489 11.449307925999163 26.348119549453259
leaf_count=1029970 442 1061 584 307 352 1283 2011 234 363 7588 76548 1659 553 474 318 154 1367 1242 322 78 472 540 14858 82 1486 236 114 452 33 5166 686 415 36 14892 25000 99 136 423 38 10273 2074 7470 265 1779 99 205 1825 1088 133 350 795 37 234 256 99 271 1145 19 499 367 71 132
internal_value=-0.00413374 -0.0798888 0.141171 0.0870985 0.0152789 0.0349401 0.07847 -0.0821989 -0.0366658 -0.0259382 0.147655 0.134606 -0.0391973 0.0857448 0.0840126 -0.0567852 0.112185 0.0394681 0.0481609 -0.060045 0.0202649 0.112896 0.140898 -0.0230736 0.0174241 0.0481698 0.00207007 0.0427437 -0.0575722 0.141538 0.10553 0.0461158 -0.0165023 -0.0608201 -0.0832606 -0.0660961 -0.0703013 0.0342389 -0.00280054 -0.0648665 0.129398 0.123516 -0.00810868 -0.0230074 -0.0609839 -0.0176492 0.121081 -0.0362045 -3.98511e-05 0.0789229 -0.0192655 0.0520462 -0.0211331 0.132093 0.0723484 0.04571 -0.0363221 -0.0407845 -0.0233225 0.0663917 0.119175 0.0895613
internal_weight=85537.8 56224.9 29312.9 3138.47 1332.48 1602.81 934.567 54892.4 1250.73 668.247 26174.5 7158.79 879.586 147.501 791.781 1102.43 443.376 184.27 348.405 695.316 253.81 148.302 6367.01 92.6451 454.381 258.971 167.153 115.568 520.746 1535.65 289.785 119.591 54.3657 1077.71 53641.7 1427.54 1409.9 103.216 87.3614 680.049 2690.68 2176.19 107.762 242.174 514.723 150.04 452.89 217.498 116.736 46.01 82.9477 35.9133 62.4348 91.8186 106.529 82.7049 113.981 121.584 195.41 139.829 24.7129 381.78
internal_count=1221560 1092203 129357 21497 16101 14923 6109 1076102 19604 8814 107860 31312 13554 1094 5119 18701 2371 1877 2748 11677 2306 903 26193 1324 4098 2113 1621 1004 7720 6574 1408 722 620 18476 1056498 26528 26429 1429 1293 11599 11335 9261 1326 3584 7687 1507 2547 3350 1571 483 1255 460 686 492 722 623 1467 1302 1985 839 225 1791
is_linear=0
shrinkage=0.08


Tree=8
num_leaves=63
num_cat=0
split_feature=16 9 16 11 11 16 11 14 9 6 10 6 14 14 11 0 6 0 6 6 9 14 7 6 14 2 5 14 0 16 4 7 1 14 7 0 6 1 9 11 1 0 1 4 11 2 1 8 6 9 9 5 14 1 6 2 5 14 9 9 1 7
split_gain=129095 1827.08 1411.83 1062.28 1006.76 409.115 511.814 404.1 384.999 250.282 312.85 227.791 219.515 205.103 161.797 139.783 116.951 293.134 115.944 107.2 105.328 105.118 98.2888 90.2461 88.6668 86.6071 76.9884 118.096 76.6572 83.1141 70.8134 114.78 79.6763 70.2245 69.8936 121.119 69.2137 192.021 68.9477 290.058 119.302 128.186 105.289 62.366 57.8525 72.3119 56.2014 56.1507 54.1699 54.0594 51.5075 51.0128 50.5529 48.85 92.3224 148.055 46.2336 46.0742 45.6136 43.3233 43.0345 42.7941
threshold=0.71812930703163158 0.80106952786445629 0.78905326128005993 0.31666667759418493 0.43650794029235845 0.66075360774993908 0.43650794029235845 2.1429483890533452 0.50802230834960949 0.064866758882999434 0.74342104792594921 0.42163743078708654 15.636798381805422 2.02772068977356 0.64583334326744091 0.19292803853750232 0.077524039894342436 0.24068965017795566 0.45584416389465338 0.39339827001094824 0.56265702843666088 16.569128990173343 1.0000000180025095e-35 0.052177859470248229 3.7642933130264287 0.88273492455482494 0.46428571641445165 7.5303425788879403 0.27812939882278448 0.85893502831459057 0.47673159837722784 0.58123868703842174 0.87026646733284008 1.2002621889114382 1.0000000180025095e-35 0.8263767957687379 0.2299679517745972 0.2736185491085053 0.70617502927780162 0.43650794029235845 0.64549729228019725 0.24068965017795566 0.87026646733284008 0.46049895882606512 0.41428571939468389 0.89512962102890026 0.982753485441208 0.6157280206680299 0.93933823704719555 0.90954548120498668 0.98255756497383129 0.23611111193895343 2.1762032508850102 0.13446328043937686 0.05505050532519818 0.27334994077682501 0.30952382087707525 17.030370712280277 0.96209374070167553 0.9034201204776765 0.90070420503616344 0.59748178720474254
decision_type=2 2 2 2 2 2 2 2 2 2 2 2 2 2 2 2 2 2 2 2 2 2 2 2 2 2 2 2 2 2 2 2 2 2 2 2 2 2 2 2 2 2 2 2 2 2 2 2 2 2 2 2 2 2 2 2 2 2 2 2 2 2
left_child=1 5 3 7 13 38 21 11 12 10 14 -2 25 19 24 -15 17 -5 -17 58 22 30 -9 -8 43 26 -4 33 -12 -30 -7 34 -33 -28 35 60 37 59 -1 42 41 52 -40 50 45 46 49 -13 -27 -11 -10 -19 -41 -6 55 -55 -39 -24 -3 -22 -32 -38
right_child=2 4 8 16 53 6 23 20 9 44 28 47 -14 15 -16 18 -18 51 -20 -21 36 -23 57 -25 -26 48 27 -29 29 -31 31 32 -34 -35 -36 -37 61 56 39 40 -42 -43 -44 -45 -46 -47 -48 -49 -50 -51 -52 -53 -54 54 -56 -57 -58 -59 -60 -61 -62 -63
leaf_value=-0.08332725967428882 -0.058651034380452674 -0.070721908608575398 -0.05300000442745012 0.12732862206178916 0.14719410692263404 -0.081175928497025804 -0.017638429798997598 0.07229764615977248 -0.055814076244635934 0.089493682340391803 0.13615385187492368 0.013608807652544365 0.13155657601778914 0.087684494795041812 0.11388336858508895 -0.059679327728861163 0.14363317138775406 -0.023509687563358285 0.17150138632556869 0.18238302762364572 0.032389233204698872 0.10302426309264108 -0.061151911475443382 0.13516745185909587 0.087643164471708848 0.13652653405443491 6.2572129983777861e-05 -0.0005549313301357854 -0.0073412415807542477 0.11144472480363218 -0.052435591940565573 0.0045672624829190007 0.19996681371470992 0.14177031646810878 -0.06717854497605201 0.31263375837669855 0.067966478555848073 -0.054335748822177808 -0.077933306025681451 0.056236596040282284 0.2399775966795647 -0.061831067534138175 0.27515623264426903 0.1229363083814253 0.14275685195700666 0.14070825675574439 0.13511617271203741 0.14796830656840235 0.072087007277240822 0.12487148399497429 0.10064967820664093 0.28447559587688998 0.2295653488649495 0.1046271676605709 0.14839567257353831 -0.044411831154952945 0.13454910070382534 0.10815604074890202 0.12487233481846177 0.15108237121074408 0.092248583136674736 0.13731752388350543
leaf_weight=48308.803748335689 436.09973701834679 574.37104362249374 54.453377392143011 397.34903601557016 147.1507191285491 490.83142644539475 31.298893347382545 88.475351635366678 143.6425459086895 483.12471629679203 1013.2463951259851 36.044780291616917 570.13582435250282 115.21224970370531 130.92703761160374 118.14662178605795 736.15790409594774 118.22722390294075 15.733312025666235 11.142224565148352 26.300622157752514 26.192809596657753 92.655842285603285 117.96617273241282 58.964617885649204 112.25899514555931 29.362904325127602 133.06218541413546 49.885966975241899 154.30843073129654 54.561666179448366 47.195670690387487 18.626533836126328 94.126811742782593 384.12133806571364 7.8906762823462477 93.405407294631004 85.601321332156658 1340.9086803048849 31.557441603392363 18.313327025622129 57.44652521982789 5.4268518239259711 16.354940265417099 18030.646116033196 3500.4909384697676 1104.5775401294231 44.46193939447403 325.78239881247282 646.13781340420246 14.858380407094954 3.5451131686568251 16.348192412406206 137.58922006934881 115.11498865485191 61.826998084783554 9.1833473294973356 11.571565523743628 7.733405113220214 78.197583094239235 17.337714239954948 145.88525874167681
leaf_count=1027264 6781 10560 552 1711 614 9615 397 709 1768 1995 4139 328 2343 758 599 2037 3013 1249 68 54 158 225 1267 506 315 474 265 986 348 672 895 673 145 439 6904 55 434 1256 27590 356 104 1017 32 90 73124 14177 4456 203 1752 2606 75 19 135 681 486 766 49 72 77 328 189 605
internal_value=-0.00415539 -0.0793049 0.130994 0.0722652 0.0142014 -0.081697 -0.0354602 0.016644 0.136287 0.13848 0.107671 -0.0358265 0.0941511 -0.0378388 0.0426791 0.0230826 0.123128 0.0940491 -0.0325114 -0.0634184 0.0595834 -0.0552223 0.0102853 0.103126 0.00280847 0.06568 0.0333961 0.0517337 0.127142 0.0824246 -0.0592837 -0.0389992 0.0598619 0.108076 -0.0530261 0.0151059 0.0812442 0.0464191 -0.0828079 -0.0657399 0.0515137 0.0187531 -0.0765101 -0.0257994 0.140531 0.133532 0.122286 0.0878124 0.0886012 0.109736 -0.0411467 -0.0145434 0.115386 0.109149 0.0913496 0.0584191 -0.0360354 -0.042355 -0.0681234 0.121209 -0.0175467 0.110247
internal_weight=81348.4 52278.8 29069.5 2403.16 1304.02 50974.8 1196.02 1147.88 26666.3 25347.2 1582.19 516.606 1319.18 842.339 364.748 249.092 1255.28 519.121 133.88 593.247 631.276 1046.76 192.703 149.265 233.82 749.047 311.005 256.552 1217.44 204.194 1020.57 529.734 65.8222 123.49 463.911 79.7901 438.574 199.283 49778.8 1470 123.665 105.352 1346.34 174.856 23765 5734.33 2233.84 80.5067 438.041 1129.26 158.501 121.772 47.9056 461.682 314.531 199.416 94.7847 104.227 582.104 104.498 71.8994 239.291
internal_count=1221560 1092203 129357 18182 16101 1076102 19604 12190 111175 104364 8006 7312 6811 13554 2847 2863 5992 2979 2105 10691 4878 18701 2048 903 2248 4468 2242 1690 5159 1020 18476 8861 818 704 8043 1139 2830 1791 1056498 29234 1612 1508 27622 1933 96358 23234 9057 531 2226 4601 1843 1268 491 2547 1933 1447 1305 1339 10637 486 1084 1039
is_linear=0
shrinkage=0.08


Tree=9
num_leaves=63
num_cat=0
split_feature=16 16 9 11 11 14 9 16 11 4 4 10 14 14 4 9 7 11 0 7 3 4 2 2 4 8 14 14 11 4 2 16 10 9 11 4 4 11 2 4 14 16 0 5 11 14 9 4 9 0 7 14 14 5 9 0 2 4 14 14 2 16
split_gain=114135 1615.91 1435.47 1125.47 769.578 403.268 375.752 270.016 619.133 249.88 217.278 297.874 215.499 170.045 134.607 118.75 129.443 109.829 98.0586 93.1834 124.48 92.1029 202.533 81.8079 71.6233 67.3136 66.8092 66.4262 60.9805 83.7223 75.2317 59.6653 57.9572 56.9498 195.317 76.9878 76.722 56.9302 76.2771 56.0651 84.9643 82.3189 55.1579 71.3207 54.0159 53.9072 50.2775 46.9812 46.4663 45.351 41.7786 40.682 85.0097 39.1092 38.0487 37.5213 36.7626 117.126 36.5253 36.1129 58.2953 63.6584
threshold=0.70842674374580394 0.78905326128005993 0.80106952786445629 0.43650794029235845 0.43650794029235845 2.1429483890533452 0.63182720541954052 0.63740643858909618 0.43650794029235845 0.73765182495117199 0.41897973418235784 0.71008405089378368 15.703504562377931 2.02772068977356 0.48331478238105779 0.53579971194267284 1.0000000180025095e-35 0.43650794029235845 0.19292803853750232 1.0000000180025095e-35 0.80217391252517711 0.51113310456275951 0.14389234036207202 0.67962265014648449 0.52704679965972911 0.84243628382682811 2.1407539844512944 16.569128990173343 0.73214286565780651 0.43288289010524755 0.2237871661782265 0.65066003799438488 0.075498577207326903 0.70617502927780162 0.43650794029235845 0.082482993602752699 0.46709956228733068 0.41428571939468389 0.89512962102890026 0.99350649118423473 1.6000460386276247 0.93799206614494335 0.23606811463832858 0.15476191043853763 0.84523808956146251 0.48390753567218786 0.9976744055747987 0.59611794352531444 0.57583689689636242 0.83414238691329967 0.59748178720474254 9.9774074554443377 15.551264286041262 0.77500000596046459 0.88029849529266369 0.77849927544593822 0.2290398105978966 0.47413024306297308 15.636798381805422 2.285822987556458 0.2237871661782265 0.54579001665115368
decision_type=2 2 2 2 2 2 2 2 2 2 2 2 2 2 2 2 2 2 2 2 2 2 2 2 2 2 2 2 2 2 2 2 2 2 2 2 2 2 2 2 2 2 2 2 2 2 2 2 2 2 2 2 2 2 2 2 2 2 2 2 2 2
left_child=2 3 7 5 13 9 12 33 19 25 11 17 23 47 -10 16 49 26 -15 20 -9 22 54 -3 -20 -2 -8 -21 29 30 -5 -16 -29 -1 59 -36 -37 38 45 40 53 -41 -13 44 46 -12 -44 -4 -11 -7 51 -23 -53 -25 -17 58 -6 -58 -22 -35 61 -61
right_child=1 6 4 28 56 15 10 8 14 48 37 42 -14 18 31 21 -18 -19 24 27 55 50 -24 39 -26 -27 -28 32 -30 -31 -32 -33 -34 34 35 36 -38 -39 -40 41 -42 -43 43 -45 -46 -47 -48 -49 -50 -51 -52 52 -54 -55 -56 -57 57 -59 -60 60 -62 -63
leaf_value=-0.083141099002268529 -0.063008084432094227 -0.033909200128276369 -0.067583429860960567 0.084224449872373555 0.11917070893079933 0.04115796872480721 -0.065858794188934214 -0.056078973476558595 -0.0048089360333168716 -0.0051516083894241919 -0.00012973664908911257 0.12745141747641073 0.12400499879044896 0.075993758446228521 0.32690729441926164 0.004531555768239731 -0.057162139308656296 0.080637235375678601 -0.059657277886212418 -0.072487429191063366 0.03816663115725661 0.11581509946782716 -0.037769874985256656 -0.017064989669619671 0.11351139012766728 0.027941515969381114 0.039325876672851041 -0.078457624083377586 0.12804568392265808 0.12412035663140614 -0.042163667166959441 0.1309678768515565 0.17921001804143188 -0.079974986720224864 0.14928873616037472 -0.035274354987764524 0.21367109243390683 0.13426163543796574 0.13253553369273513 0.0061556269746858086 0.12284699039848918 0.075255390583946244 -0.03091350974250176 0.14381897957815271 0.093015825609569072 0.11482114906195705 0.10800915721879635 0.096187635279825823 0.12371395272674056 0.17650108150779509 0.12482807703824107 -0.061010262265682229 0.10728560129286961 0.11885450906991929 0.12751358368366694 0.26855166717587664 -0.0022395116377816062 0.1371855355595118 0.35633428956632046 0.36509165905707613 -0.067662117828529877 0.020359763903974294
leaf_weight=44300.684373855591 492.77917344868183 54.430040717124939 501.76285154372454 83.381522744894028 241.61110080033541 86.037474118173122 83.776308853179216 54.930124349892139 52.809749163687229 24.424135070294142 26.42517788335681 979.78022708371282 600.60790271311998 105.17227509617805 11.101024143397806 19.119060389697552 112.95815032348037 138.39273701608181 94.031151197850704 1467.544087368995 17.078045360744007 60.176269508898258 122.60094851255417 49.948986422270536 18.253417290747166 58.236147329211235 71.741427291184664 9.9974798224866408 944.16905230283737 166.32702300697565 47.206535518169403 95.612558372318745 12.663649935275314 944.90992137044668 29.670804537832737 62.823292624205351 9.0664639659225923 17560.028715714812 3395.938986107707 168.41263887286186 202.56221362575889 319.97542085498571 55.217453230172396 106.19291679561138 147.06131979823112 2186.9951810874045 23.884670957922935 11.466815534979103 67.1219144128263 19.421942576766014 184.14263639599085 36.3011878952384 40.796301700174809 18.591595083475113 101.97370061278343 10.465517830103634 75.27068243175745 79.068285092711449 2.6702563799917689 4.0868088491261032 63.211422573775053 21.274807177484035
leaf_count=1016380 8273 475 9786 347 1035 723 1210 1025 713 263 130 4034 2480 686 95 124 1715 654 1772 30622 246 272 1790 441 104 759 566 154 4140 695 478 424 90 21006 261 1059 61 72776 14012 1163 917 1626 436 435 637 8974 112 84 339 100 776 255 171 97 435 71 833 334 26 80 1357 426
internal_value=-0.00416204 0.121717 -0.0793735 0.0623952 0.00986858 0.0139157 0.127758 -0.081505 -0.0505298 -0.0330611 0.130048 0.101592 0.0876552 -0.0388034 0.0996545 0.0524408 0.00234501 0.0287962 0.0204857 -0.0657378 0.0156608 0.0718031 0.0347118 0.0608319 -0.0315063 -0.0533957 -0.0173364 -0.0703886 0.118101 0.086479 0.0385362 0.151351 0.065534 -0.0826877 -0.0649933 0.0408693 -0.0038783 0.13202 0.125004 0.0676217 0.0967953 0.0514275 0.117898 0.0897362 0.0643421 0.113449 0.0110338 -0.0639244 0.0893331 0.0660834 0.0999252 0.0665199 0.0280439 0.0198031 0.108096 0.146087 0.0996879 0.0691883 0.0811875 -0.0753965 -0.0265522 0.0759104
internal_weight=77154.4 28857.1 48297.2 2667.17 1126.64 1426.09 26190 47170.6 1734.87 642.561 24775.4 1606.05 1414.53 730.687 159.523 783.528 218.418 293.91 217.457 1575.35 85.1439 565.11 243.694 813.921 112.285 551.015 155.518 1490.21 1241.08 296.915 130.588 106.714 22.6611 45435.7 1135.04 101.561 71.8898 23169.4 5609.36 759.491 271.103 488.388 1312.14 332.356 226.163 2213.42 79.1021 513.23 91.546 105.459 321.416 137.274 77.0975 68.5406 121.093 30.2138 395.95 154.339 19.7483 1033.48 88.573 25.3616
internal_count=1221560 132830 1088730 21655 14634 15995 111175 1074096 33466 9634 103976 8084 7199 12432 1232 6361 2538 2430 2562 32234 1368 3823 2349 4719 1876 9032 1776 30866 5660 1520 825 519 244 1040630 24250 1381 1120 95892 23116 4244 1455 2789 5654 1620 1185 9104 548 9870 602 823 1474 698 426 538 559 343 2202 1167 272 22869 1863 506
is_linear=0
shrinkage=0.08


Tree=10
num_leaves=63
num_cat=0
split_feature=9 14 6 11 7 14 3 7 4 9 15 0 9 1 0 0 14 1 15 4 14 11 3 11 1 14 1 3 1 14 11 1 15 8 14 6 4 6 9 7 11 3 14 7 9 7 1 5 5 3 4 3 15 9 3 11 1 14 0 6 4 11
split_gain=86197.9 6603.9 5476.19 2923.81 2087.4 1170.72 897.754 565.086 1098.24 447.064 295.867 267.381 196.572 1110.81 182.428 158.909 138.123 125.382 115.283 125.973 95.5542 95.2 91.9883 89.9009 172.661 132.143 87.7565 85.6003 83.8803 83.3899 82.1158 79.2956 75.3162 62.2555 61.2033 59.432 56.9576 56.47 52.7026 388.959 59.1332 52.1252 52.1156 48.0851 51.7705 46.2694 44.7278 43.8351 41.73 41.2937 40.7971 39.022 38.6966 174.715 233.399 82.5846 47.7636 38.1017 37.4173 36.5499 36.8162 35.4789
threshold=0.74431523680686962 15.822612285614015 0.082650274038314833 0.64583334326744091 1.0000000180025095e-35 2.9287461042404179 0.80217391252517711 0.65633013844490062 0.54446640610694896 0.98255756497383129 5.5000000000000009 0.2237871661782265 0.63182720541954052 0.82426470518112194 0.27812939882278448 0.20761494338512423 3.6668192148208623 0.49675324559211737 16.500000000000004 0.99350649118423473 1.5790911912918093 0.31666667759418493 0.89512962102890026 0.43650794029235845 0.82807883620262157 0.86068987846374523 0.95488464832305919 0.75147059559822094 0.17519181966781619 3.7642933130264287 0.2264957278966904 0.99350649118423473 3.5000000000000004 0.71933290362358104 3.1822726726531987 0.28708791732788091 0.55217784643173229 0.53452381491661083 0.46683587133884435 1.0000000180025095e-35 0.2264957278966904 0.71209660172462474 4.5504581928253183 1.0000000180025095e-35 0.53196728229522716 0.84898874163627636 0.91545844078063976 0.11805555596947671 0.30952382087707525 0.21352583914995196 0.70659971237182628 0.7320508360862733 4.5000000000000009 0.52839964628219616 0.71209660172462474 0.31666667759418493 0.79743590950965892 1.1111539602279665 0.053342817351222045 0.41277891397476202 0.99350649118423473 0.43650794029235845
decision_type=2 2 2 2 2 2 2 2 2 2 2 2 2 2 2 2 2 2 2 2 2 2 2 2 2 2 2 2 2 2 2 2 2 2 2 2 2 2 2 2 2 2 2 2 2 2 2 2 2 2 2 2 2 2 2 2 2 2 2 2 2 2
left_child=1 4 3 5 6 9 -1 12 29 15 22 58 52 16 -5 20 37 -16 19 35 45 -18 31 24 25 -4 -21 42 -23 -9 59 -3 -28 34 -27 50 46 -14 39 -24 -41 -32 -13 -12 -45 -2 -17 -10 -49 -11 -8 -19 53 -6 56 -56 -55 -37 -7 -15 -61 -31
right_child=2 10 23 14 7 11 18 8 47 49 43 27 13 30 17 36 21 51 -20 26 -22 28 38 -25 -26 33 32 -29 -30 61 41 -33 -34 -35 -36 57 -38 -39 -40 40 -42 -43 -44 44 -46 -47 -48 48 -50 -51 -52 -53 -54 54 55 -57 -58 -59 -60 60 -62 -63
leaf_value=-0.068361988928525144 -0.059041258307191632 -0.046357483403444026 -0.025967936174356009 0.12081091862536253 -0.08069024657408988 -0.11584222675990616 -0.040740650328867395 -0.077818187196985841 0.23518766262251042 0.144136962199679 0.062408720106878021 -0.055704172021121795 -0.079127826861980499 -0.0420581843829681 -0.0049079358587240862 -0.077924394149464976 -0.048093456259284288 0.06609652105832764 -0.0030391414068840351 -0.01868002727966064 0.013688897323992319 0.70247828700906956 0.12582530576045728 0.12745078882012836 0.12148462425826984 -0.0096399540997315208 0.10062195852804681 0.13893881328130897 0.12275779478719075 0.0024673441552835614 0.3901027392801536 0.22626615944325129 0.035136379711323419 0.10271773944131329 0.095667545641351673 0.041215373342759466 0.11630121958254939 0.10128795426412143 0.12898334844700179 -0.073130549054997898 0.15573402448801166 0.13526000325309986 0.034852820343091409 -0.081925816008423469 0.10945826424590717 0.067383952143388631 0.27908742797985786 -0.045630625783419552 0.12116424219968941 0.020273078847379836 0.26061663860686318 0.13750267040396 -0.082997623094979059 -0.078804011788600581 0.022650386978694554 0.1689518441092078 0.56695392852957494 0.14483899836047789 0.11145491994770158 0.12120446468596727 0.013104519565661511 0.3217177566395697
leaf_weight=498.6966325044632 342.41930064558983 39.336502533406019 67.615642067044973 1411.9726855941117 1565.2582298032939 4.6879752650856963 20.556390907615427 594.69004216790199 20.805578045547009 73.804483637213707 28.928264211863279 112.3334252461791 2601.9103953912854 21.521974705159664 133.58372579887509 1386.8641392253339 30.141571827232838 121.74428264796734 138.05011325702071 88.797173339873552 230.58678775653243 1.7102629095315958 464.20798234269023 17235.077405981719 4711.1750313155353 70.062363348901272 228.07267107442021 23.730632662773132 24.196641031652689 4.2829046919941884 5.3480796702206126 8.2623310498893243 221.63078343495727 575.10871873050928 71.23234685882926 25.429746467620134 9.7894396521151048 11.150798939168451 694.09166957065463 84.833606921136379 7.897937834262847 129.95245879888535 63.757684532552958 71.252219311892986 10.361296840012072 19.586813017725945 2.2495527379214755 10.029867369681595 223.88963553309441 22.469970133155584 3.3425509743392459 81.949736297130585 37438.69522388652 135.46073050051928 57.723092827945948 43.154625374823809 0.73704557865857978 212.29395696520805 411.43389128521085 47.196902878582478 35.203258328139782 4.6430416144430637
leaf_count=11196 6153 658 637 6085 38012 30 194 14259 133 314 152 1604 62625 297 1136 29056 580 704 1418 664 2464 23 1942 73552 19838 681 1033 107 213 94 39 49 1355 2576 333 193 59 90 3048 1780 51 572 487 1669 59 163 14 155 1106 177 21 343 923735 3350 648 208 16 1013 1911 260 177 49
internal_value=-0.00415949 -0.0710755 0.108717 0.0275917 -0.0764815 -0.02455 0.0183708 -0.0796505 -0.0153906 -0.0531434 0.0994268 0.0723687 -0.0809591 -0.0608911 0.108184 -0.061283 -0.0756926 0.055324 0.0644746 0.0761231 -0.0265622 0.0485675 0.110122 0.12461 0.1157 0.0809384 0.0539975 -0.00369429 0.161028 -0.0741753 0.104256 0.000965247 0.0683482 0.0910284 0.0434498 0.121664 -0.0759911 -0.0783579 0.114275 0.0959443 -0.0536382 0.145333 -0.022916 -0.0262153 -0.0576285 -0.0522009 -0.0773462 0.12391 0.114013 0.115228 0.00140775 0.0948245 -0.0824464 -0.0709966 -0.00699555 0.0852369 -0.0753094 0.133754 0.108894 0.0507748 0.0750217 0.168533
internal_weight=73037 45853.7 27183.2 4452.96 44444.6 2703.71 1436.87 43007.7 858.341 2087.77 1409.17 615.944 42149.4 2908.33 1749.25 1991.5 2669.11 337.278 938.173 800.123 592.593 56.0485 1298.63 22730.3 5495.19 784.019 538.501 199.822 25.9069 603.616 239.223 47.5988 449.703 716.403 141.295 261.623 1398.9 2613.06 1251.03 556.94 92.7315 135.301 176.091 110.542 81.6135 362.006 1389.11 254.725 233.92 96.2745 23.8989 203.694 39241 1802.33 237.075 100.878 136.198 237.724 416.122 103.922 82.4002 8.92595
internal_count=1221560 1073136 148424 50807 1063728 42539 17087 1046641 15796 38400 9408 4139 1030845 64876 8268 37909 63531 2183 5891 4473 8780 816 7528 97617 24065 4227 3052 2198 236 14402 1345 707 2388 3590 1014 1421 29129 62715 6821 3773 1831 611 2091 1880 1728 6316 29070 1394 1261 491 215 1047 965969 42234 4222 856 3366 1206 1941 734 437 143
is_linear=0
shrinkage=0.08


Tree=11
num_leaves=63
num_cat=0
split_feature=9 14 6 9 8 11 1 9 6 0 15 14 11 14 0 5 14 11 1 8 14 2 11 9 0 15 14 9 2 2 15 11 2 10 8 11 2 2 2 8 4 1 11 1 11 1 11 6 11 14 9 2 8 9 14 4 4 5 2 8 8 14
split_gain=76952.8 5996.86 4832.43 2524.82 1979.57 836.247 738.713 526.253 1638.69 443.847 257.161 204.827 175.303 154.21 112.409 106.078 100.445 95.5231 165.795 114.102 108.287 95.0384 792.951 203.392 91.3591 88.8167 115.453 81.2208 79.9643 72.2626 69.6267 68.3111 66.5485 66.2002 419.985 67.7998 63.2941 62.9514 59.6693 59.2801 57.8452 54.0044 52.8819 52.3661 49.7802 116.253 60.5489 46.6291 45.3564 67.2544 51.4876 44.3261 42.6023 46.4518 40.1694 37.6212 82.8377 37.1817 35.8279 36.6823 37.8426 35.8208
threshold=0.74431523680686962 15.822612285614015 0.082650274038314833 0.90954548120498668 1.0000000180025095e-35 0.64583334326744091 0.80901724100112926 0.66220691800117504 0.27718676626682287 0.24283374845981601 5.5000000000000009 4.3330924510955819 0.64583334326744091 3.6668192148208623 0.20761494338512423 0.15476191043853763 1.4186671376228335 0.43650794029235845 0.83457711338996898 0.73854896426200878 2.285822987556458 0.72850123047828685 0.31666667759418493 0.54067841172218334 0.90070420503616344 16.500000000000004 7.5303425788879403 0.46047899127006536 0.28708791732788091 0.6900656819343568 4.5000000000000009 0.31666667759418493 0.75134408473968517 0.075498577207326903 1.0000000180025095e-35 0.2264957278966904 0.70222854614257824 0.58380147814750682 0.8263767957687379 0.97789987921714794 0.42761905491352087 0.49675324559211737 0.31666667759418493 0.97332859039306652 0.43650794029235845 0.14160401374101642 0.77500000596046459 0.10923295468091966 0.61250001192092907 1.7647139430046084 0.98255756497383129 0.26158231496810919 1.0000000180025095e-35 0.53196728229522716 1.0505385398864748 0.99350649118423473 0.8155706822872163 0.30952382087707525 0.087595909833908095 0.86683088541030895 0.56572300195693981 4.3330924510955819
decision_type=2 2 2 2 2 2 2 2 2 2 2 2 2 2 2 2 2 2 2 2 2 2 2 2 2 2 2 2 2 2 2 2 2 2 2 2 2 2 2 2 2 2 2 2 2 2 2 2 2 2 2 2 2 2 2 2 2 2 2 2 2 2
left_child=1 4 3 5 6 11 38 21 13 48 33 14 29 44 16 -10 -2 18 19 20 -4 24 23 -23 -6 26 37 -24 -7 39 43 36 57 34 -3 -36 -17 -8 -1 61 -30 -14 -15 -28 -9 46 -46 -47 49 50 -5 -13 -12 -54 -39 56 -25 -16 -18 60 -60 -11
right_child=2 10 17 9 7 28 25 8 15 12 52 51 41 42 32 31 58 -19 -20 -21 -22 22 27 55 -26 -27 30 -29 40 -31 -32 -33 -34 -35 35 -37 -38 54 -40 -41 -42 -43 -44 -45 45 47 -48 -49 -50 -51 -52 -53 53 -55 -56 -57 -58 -59 59 -61 -62 -63
leaf_value=-0.066761267133465529 -0.065906161718703227 0.1179148911828518 -0.041479694250008803 0.00036501990396730028 -0.082760410295065312 0.099701116840144433 -0.051055866321668794 -0.079893718341692288 0.2525774381316348 -0.060583893269890464 0.056678943641523739 0.11477122756058149 0.029036140958218996 -0.01625249697562314 -0.077806991742891435 -0.026159611887148097 -0.054829598643906706 0.12165908540704096 0.11538593578253847 0.09355399148582981 0.07555598511985577 -0.082120817696059251 -0.010464633313091892 -0.01452120057884845 0.31808030832500928 -0.00042654152952829546 0.00054494267280257123 0.14032745182371392 -0.021978948496634069 0.13079144346315139 0.011751010151199727 0.12074694714813461 0.17075334588113006 0.12121848170980602 -0.076978017196660156 0.12821141707123654 0.081469989316285046 0.029706483461739382 0.046973576384261875 0.12765243145905322 0.12091803037426227 0.098168945803041793 0.17927913557490657 0.08551076246023899 0.1029441580690237 -0.063860755294697549 0.58860987223624828 0.11800490723796758 0.11805566879312475 0.10438765094012224 0.11800389274211308 -0.012347957281762099 -0.081436520082475067 0.10084182848671518 0.13940131415014095 -0.026039964575099366 0.15863058190459675 0.22392266998423122 0.10142442665712219 0.2010766247798759 -0.0004414501568484687 0.02536583468903
leaf_weight=479.78050354123116 258.78164492174983 462.06560239195824 89.294577207416296 80.544326171278954 34486.185850288719 262.40009012445807 13.378029573708771 1800.4372842796147 27.344615235924721 182.1900740377605 29.288349758833647 50.37219800055027 131.40983264893293 16.142948571592569 1214.482313554734 46.915116798132658 50.650006033480167 16635.513365834951 4528.0330148115754 619.8707229308784 116.74910775572062 2763.5331044085324 28.183401849120855 44.277696866542101 3.6394354328513137 130.66127833724022 55.296503476798534 121.04732561483979 71.441442221403122 17.903968218713999 191.89435071498156 210.81785609945655 6.9695824272930613 687.80456959456205 99.095509476959705 11.502478860318659 137.32667540386319 23.936487201601267 31.457524925470352 13.355152994394301 24.295868627727032 160.81759272515774 19.600455671548843 289.32686468958855 4.1663907803595057 89.729405257850885 2.7125014439225197 10.031370315700768 1076.7258031070232 417.59024577587843 33.804886221885681 26.947310335934162 66.153355482965708 10.347253911197184 198.87397548183799 74.2821877412498 29.440315671265125 2.6194451674818984 27.195190418511629 6.95101149752736 164.65179332345724 37.404368463903666
leaf_count=11067 5182 1996 1006 881 920020 1300 174 46663 171 2816 152 273 742 370 27704 689 592 73552 19626 2822 611 71842 491 712 36 1470 355 644 786 85 1372 940 45 3193 2269 70 693 192 179 64 127 721 191 1292 60 2029 37 78 4593 1873 146 305 1669 59 986 771 204 14 309 52 1964 233
internal_value=-0.00415122 -0.0704667 0.103472 0.0261127 -0.0759178 -0.034824 0.0170847 -0.0792138 -0.0426133 0.0875028 0.0944345 -0.0569286 0.0249695 -0.0736625 -0.0626148 0.100195 -0.0309883 0.118668 0.109373 0.0764105 0.0248354 -0.0815192 -0.068009 -0.0772276 -0.0827181 0.0605747 0.0708898 0.111849 0.0768677 -0.0240877 0.0503723 0.0896481 -0.0757461 0.104489 0.0843968 -0.0556378 0.0540633 0.117497 -0.0597629 -0.0359914 0.0142849 0.0670811 0.0909703 0.0718776 -0.0767481 -0.0236397 0.294453 -0.0455734 0.108614 0.0895022 0.0351424 0.0704678 -0.0253697 -0.0567821 0.127617 0.014141 0.0546294 -0.0771576 0.00523611 0.0205397 0.0139985 -0.0459437
internal_weight=69005.6 42696.7 26309 4319.5 41330.4 2167.76 1414.61 39915.8 2365.22 2151.75 1366.26 1809.62 543.081 1942.82 1732.3 422.404 508.23 21989.5 5353.95 825.914 206.044 37550.6 3060.76 2911.53 34489.8 903.367 772.706 149.231 358.137 250.854 536.518 395.06 1224.07 1260.47 572.664 110.598 184.242 236.188 511.238 232.95 95.7373 292.227 35.7434 344.623 1907.08 106.64 6.87889 99.7608 1608.67 531.939 114.349 77.3195 105.789 76.5006 222.81 148 73.718 1217.1 249.448 198.798 191.847 219.594
internal_count=1221560 1073136 148424 50807 1063728 38653 17087 1046641 51921 12154 9408 36440 4661 49428 35862 2493 8099 97617 24065 4439 1617 994720 74664 73529 920056 5841 4371 1135 2213 3198 3019 2322 27763 7528 4335 2339 1382 1352 11246 3113 913 1463 561 1647 48867 2204 97 2107 7493 2900 1027 578 1880 1728 1178 1687 916 27718 2917 2325 2273 3049
is_linear=0
shrinkage=0.08


Tree=12
num_leaves=63
num_cat=0
split_feature=16 15 8 11 8 16 11 11 4 11 16 6 6 2 0 4 14 6 6 15 10 11 2 6 4 16 8 14 0 4 2 2 6 10 4 14 6 0 8 5 14 14 5 14 2 10 0 6 0 3 16 6 14 14 14 8 0 14 3 11 8 10
split_gain=81255.8 1166.28 928.025 917.292 412.242 390.346 591.78 305.241 257.205 221.075 206.537 150.088 142.854 141.699 140.759 132.829 142.145 96.9789 91.318 90.6869 84.8536 141.137 84.3125 81.0156 115.885 80.2192 73.6204 72.5269 63.4955 62.8018 61.1767 59.2025 83.8832 56.0926 74.2316 77.6879 54.8256 75.1568 70.0295 52.7162 51.7442 44.384 41.2594 40.3804 39.3243 38.9199 37.8604 37.0785 37.2364 41.3155 35.1286 35.0748 56.4273 34.5977 33.9373 33.134 517.854 93.9562 35.0675 33.1053 32.6474 32.5149
threshold=0.70842674374580394 6.5000000000000009 0.73854896426200878 0.43650794029235845 0.7942219376564027 0.63740643858909618 0.43650794029235845 0.38750000298023229 0.48683299124240881 0.43650794029235845 0.80528196692466747 0.1353641748428345 0.28416149318218237 0.18321678787469867 0.24283374845981601 0.99350649118423473 1.3560217618942263 0.049590164795517928 0.54653680324554454 6.5000000000000009 0.36038962006568914 0.43650794029235845 0.91331186890602123 0.11483516544103624 0.087922707200050368 0.85893502831459057 1.0000000180025095e-35 1.5790911912918093 0.28700129687786108 0.81120249629020702 0.16784037649631503 0.18321678787469867 0.13270440697669986 0.075498577207326903 0.7103942632675172 6.803347349166871 0.23166368901729587 0.14389234036207202 0.50917509198188793 0.46428571641445165 16.099511146545414 1.7136697173118594 0.30952382087707525 2.2343510389328007 0.69614070653915416 0.14039409160614016 0.11189358308911325 0.13680927455425265 0.2014492750167847 0.69804355502128612 0.83375209569931041 0.92153847217559826 17.030370712280277 15.636798381805422 7.5303425788879403 1.0000000180025095e-35 0.81872946023941051 16.099511146545414 0.80217391252517711 0.31666667759418493 0.63658976554870617 0.62019231915473949
decision_type=2 2 2 2 2 2 2 2 2 2 2 2 2 2 2 2 2 2 2 2 2 2 2 2 2 2 2 2 2 2 2 2 2 2 2 2 2 2 2 2 2 2 2 2 2 2 2 2 2 2 2 2 2 2 2 2 2 2 2 2 2 2
left_child=2 9 5 4 8 20 19 12 30 10 36 13 14 -6 27 16 18 28 -10 26 55 43 45 24 61 -26 -7 -4 -8 39 41 -23 -33 59 -35 -36 37 -2 51 -18 -37 -3 -39 -22 -15 53 -45 48 -11 -50 -17 -38 -53 54 -12 56 57 58 -1 -28 -43 -5
right_child=1 3 7 23 11 6 17 -9 15 47 22 -13 -14 44 -16 50 29 -19 -20 -21 21 31 -24 -25 25 -27 33 -29 -30 -31 -32 32 -34 34 35 40 38 42 -40 -41 -42 60 -44 46 -46 -47 -48 -49 49 -51 -52 52 -54 -55 -56 -57 -58 -59 -60 -61 -62 -63
leaf_value=-0.07454322906850161 0.077248355460836374 -0.061258920281891234 -0.038201155228595449 0.050491519275545634 0.083627249277737695 0.10789822177472036 0.063330741816401845 0.086087734873788693 -0.04590740912119335 0.11352498794825466 0.086173730265793683 0.10254101408055365 0.17239141570708877 -0.041254030246594339 -0.076949898558138483 -0.061040762893974268 0.0051083828983116888 0.12715503285425067 0.062013753804885628 -0.071305887748959407 -0.077540335149832287 0.10367501573407975 0.11201763732239627 0.11493273618575074 0.0023996057044550303 0.091958282649349229 -0.081456470831943448 0.083116378654863821 -0.064574174059933195 0.12725884403887328 -0.073825421233510616 -0.060740329142518375 0.25344821580883931 -0.047725140553490315 0.19930698933012839 -0.046316434543552498 0.090006535265761661 -0.041017376705760597 0.092459208638413878 0.096371250145069823 0.12410855668086901 0.16560424544336103 0.08746998339509085 0.097230670076473499 0.14094530429548491 0.096544908735437682 -0.051095080792735524 0.11695564779091518 0.064647585843978797 0.11816484807311954 -0.00033015073573436143 -0.022121821396630097 0.098671057914638635 0.0986037819074638 0.022056261847196126 -0.081925029848721242 0.99823166046212541 0.48678668720710222 0.056101215396349789 0.30767036401854753 0.014513111853136874 0.11618999444246232
leaf_weight=327.35819588601589 93.233024582266808 39.217477288097143 57.777084499597549 55.991714958101511 138.0940316170454 25.174658481031656 81.418616440147161 254.15611243247986 129.58473105356097 639.14971072971821 88.955799773335457 406.17459647357464 21.612202525138855 131.24952437728643 228.77729830518365 106.70482200756669 81.470767751336098 117.55033463984728 81.88906617462635 1162.8487117514014 386.53205029293895 46.055052984505892 3248.9057765007019 1174.9734966605902 156.84812214970589 108.14146742969751 118.67091321200132 69.444152027368546 35.745242152363062 117.73827835172415 322.48211357370019 44.008843921124935 6.2052603848278514 108.86162198334932 18.326473645865917 35.775521092116833 47.023894980549812 95.404744029045105 361.06727722659707 80.564452167600393 16.735538572072983 12.348740704357622 19.216678056865931 16.727281033992767 8.0461327917873842 2036.8212178125978 32.243837393820286 15233.270467892289 273.63357982411981 139.33133403211832 142.39937473833561 95.235119551420212 33.44181927293539 143.72984516620636 130.10595242679119 35509.320893149823 2.950752079486846 1.9557371474802483 13.699592389166353 1.4159447737038124 35.364145621657372 346.97163454443216
leaf_count=9137 452 673 1228 240 791 236 472 1551 1440 2813 390 1774 109 2026 5760 1506 688 598 505 28944 10418 275 14643 5370 1078 472 3059 675 585 532 6947 940 44 2200 160 712 254 1435 1600 427 105 75 104 192 41 9041 729 70168 1359 616 1051 1038 171 626 709 1020201 45 31 306 18 258 1517
internal_value=-0.00413927 0.104228 -0.0778587 0.0624287 0.0223628 -0.0794529 -0.0422404 0.0183072 -0.00688754 0.111004 0.098397 0.0715624 -0.0273134 0.0262011 -0.0394372 0.0212501 0.0453801 0.0758165 -0.00411706 -0.0608649 -0.0812145 -0.0494922 0.103618 0.102286 0.0800395 0.0389482 -0.0235025 0.0280204 0.0243085 0.0827938 -0.0577695 0.0381676 -0.0219142 -0.0345369 -0.00624829 0.0574924 0.0587937 0.0239097 0.072302 0.0504846 0.00799887 0.00179255 -0.019476 -0.0688696 -0.0307297 0.092245 -0.000430799 0.115952 0.101427 0.0827039 -0.0263358 0.0308788 0.00927101 0.0681041 0.0480929 -0.081685 -0.057047 -0.0661249 -0.0692955 -0.0768683 0.0536175 0.107061
internal_weight=65096.1 26354.8 38741.3 3676.25 1833.33 38109.6 1722.52 631.767 1149.76 22678.5 6393.14 683.564 377.611 277.39 355.999 740.351 491.247 234.714 211.474 1487.81 36387.1 531.772 5648.52 1842.93 667.953 264.99 324.961 127.221 117.164 279.773 409.412 96.2692 50.2141 299.786 179.699 70.8375 744.623 207.854 536.768 162.035 52.5111 86.9304 114.621 435.503 139.296 2399.61 48.9711 16285.4 1052.11 412.965 249.104 175.701 128.677 362.792 219.062 35855.3 345.964 343.014 341.058 120.087 47.7129 402.963
internal_count=1221560 132830 1088730 27411 18734 1079407 37089 9323 14102 105419 30463 4632 7772 2858 7663 6149 3592 1655 1945 35434 1042318 12598 25409 8677 3307 1550 6490 1903 1057 1647 7953 1259 984 6254 3177 977 5054 1991 3063 1115 817 1006 1539 11339 2067 10766 921 74956 4788 1975 2557 1463 1209 1725 1099 1029720 9519 9474 9443 3077 333 1757
is_linear=0
shrinkage=0.08


Tree=13
num_leaves=63
num_cat=0
split_feature=16 9 16 12 12 14 9 16 12 6 6 6 2 15 14 9 7 6 2 7 1 2 14 10 1 1 2 4 6 9 14 2 1 9 6 5 2 1 1 2 14 1 1 6 4 5 15 9 2 16 12 2 9 1 4 7 2 1 15 2 4 1
split_gain=72963.1 1196.46 1080.26 637.747 375.446 362.279 337.513 253.011 265.219 224.25 204.274 199.909 266.083 159.596 133.458 105.262 97.4199 97.2834 100.214 86.2958 91.9948 78.2502 71.9975 71.0566 67.7034 65.9435 183.68 55.671 53.2106 53.1243 109.606 66.9104 61.6234 52.94 51.6615 51.0226 47.1699 44.4366 43.2455 42.8857 42.5039 41.7978 93.7812 72.0959 41.6155 40.7677 40.2809 39.0134 38.1958 36.5088 35.5693 52.3159 36.6184 46.7932 49.4031 35.1942 241.079 87.4801 45.4597 34.9042 34.6677 41.0522
threshold=0.70842674374580394 0.79187294840812694 0.82036876678466808 1.0000000180025095e-35 1.0000000180025095e-35 2.1130636930465703 0.63182720541954052 0.63740643858909618 1.0000000180025095e-35 0.099180329591035857 0.43050193786621099 0.10923295468091966 0.25866188108921057 5.5000000000000009 2.02772068977356 0.55081140995025646 1.0000000180025095e-35 0.052177859470248229 0.3034138828516007 1.0000000180025095e-35 0.86425063014030468 0.70222854614257824 15.636798381805422 0.59411767125129711 0.24121212214231494 0.69631093740463268 0.26365442574024206 0.54446640610694896 0.36939570307731634 0.70617502927780162 2.3369866609573369 0.23294574022293094 0.83457711338996898 0.97572758793830883 0.30495168268680578 0.23611111193895343 0.83414238691329967 0.71330726146698009 0.15047170221805575 0.080540537834167494 16.569128990173343 0.84028983116149913 0.18350168317556384 0.069366481155157103 0.43288289010524755 0.30952382087707525 7.5000000000000009 0.90954548120498668 0.25866188108921057 0.54579001665115368 1.0000000180025095e-35 0.92390406131744396 0.97572758793830883 0.982753485441208 0.99350649118423473 1.0000000180025095e-35 0.75134408473968517 0.99350649118423473 5.5000000000000009 0.92031747102737438 0.99350649118423473 0.94201681017875682
decision_type=2 2 2 2 2 2 2 2 2 2 2 2 2 2 2 2 2 2 2 2 2 2 2 2 2 2 2 2 2 2 2 2 2 2 2 2 2 2 2 2 2 2 2 2 2 2 2 2 2 2 2 2 2 2 2 2 2 2 2 2 2 2
left_child=1 7 3 5 14 10 13 29 19 -10 33 12 23 22 34 16 60 18 -8 20 -9 44 -4 -5 -16 26 39 45 -26 55 32 49 -31 36 38 -12 -2 -33 47 -6 -21 42 -17 48 -20 -14 -11 -3 -44 -32 51 52 53 54 -19 56 57 -1 -59 -15 -7 -62
right_child=2 4 6 11 25 15 17 8 9 46 35 -13 27 59 24 41 -18 50 21 40 -22 -23 -24 -25 28 -27 -28 -29 -30 30 31 37 -34 -35 -36 -37 -38 -39 -40 -41 -42 -43 43 -45 -46 -47 -48 -49 -50 -51 -52 -53 -54 -55 -56 -57 -58 58 -60 -61 61 -63
leaf_value=-0.073473595495766889 -0.059469871700638957 -0.037394713160378665 0.059389287313160705 0.032752383532928593 -0.043328689755165184 0.092005297410928666 0.098581117352078251 -0.044078525778339366 -0.055413666293844734 0.13285300986727414 0.13759787750029853 0.10938099022677808 -0.032653258826963946 -0.0023849195650308659 0.069307984150341631 0.10204610420001682 -0.048225411599920144 0.080581239576296315 -0.0045459548850718739 -0.070742841405266127 0.13669058934088973 0.12672239116859188 0.10450959335538887 0.098960350821378676 -0.050316066732812387 0.12231034914852348 -0.049491021044014351 0.12608391130285071 0.12324642998544344 -0.073478312227201067 0.24917681398472982 -0.065041958451871398 0.21877616479153303 0.084439128949452547 0.11989498806448938 0.029090701893947593 0.12053758860510172 0.14346308674597796 -0.077176779120304045 0.081322423089226048 0.040912203807536518 0.086476586662473473 0.031045940766629875 0.061452136157017077 0.092435642896409945 0.18477041265901231 0.035068106496441306 0.11585512366115257 -0.063582048953082601 0.060332233349235279 0.1121475782449602 0.11245266948541728 0.11379977197692774 0.10131771362856365 0.014804705579516153 -0.082092380039214527 0.36202915825667503 0.46041343262567525 0.051887114027815769 0.051042481846920486 -0.049104446518950198 0.062266732934660611
leaf_weight=313.08231825381517 452.72343831136823 53.803197346627712 425.43097416311502 130.00394472852349 18.796270173043013 68.953736454248428 808.78240084648132 52.491982694715261 103.38079655170441 88.748272784054279 39.984901893883944 1251.1601265184581 202.55272894725204 201.24645183235407 89.603433333337307 132.86757177114487 111.72467897832394 591.69139815121889 145.8117415048182 1007.2060017958283 27.434059869498014 50.720117971301079 483.6397438198328 513.60570509359241 84.334712382405996 80.70600413903594 102.76824802160263 16.464147470891476 13.054854352027176 735.0428381152451 8.4095627255737764 47.091889631003141 4.6466475650668135 17.903743587434292 9.7874077297747117 90.528366211801767 9.5124945230782014 7.5969772972166529 354.23545590043068 293.35729828849435 22.303030923008919 367.30306464806199 44.366090256720781 119.68695647642016 35.142504658550024 5.6738858222961417 38.725420400500298 13.249586176127194 70.967994917184114 29.660511683672667 15378.589753746986 2071.4138753116131 457.51522801816463 769.26861022412777 83.376624718308449 32380.099707692862 8.6066546440124494 2.7729543000459662 4.6946947164833546 128.05407981574535 36.172485515475273 51.113886788487434
leaf_count=9292 8736 1073 1905 747 119 438 3785 1114 2335 485 176 5958 2367 1547 587 600 1864 2608 1077 27497 254 235 2203 2355 1881 392 1665 72 64 21030 98 1245 24 98 64 659 54 74 9558 1620 239 1700 364 556 158 25 330 134 1390 468 73968 9811 2080 3550 356 1006861 92 38 97 699 340 349
internal_value=-0.00412275 -0.0773518 0.0998015 0.0600607 0.00427475 0.0221679 0.10666 -0.0799579 -0.0458738 0.0321406 -0.0264138 0.0889131 0.0594204 0.0661088 -0.0373201 0.0517411 0.00881685 0.109123 0.0852929 -0.0621072 0.0179692 0.0389035 0.083394 0.0855869 0.0191227 0.0561453 0.0432756 -0.0155315 -0.0270504 -0.0813199 -0.0613626 0.0206114 -0.0716424 -0.0505374 -0.061804 0.0623337 -0.0557654 -0.036078 -0.0660253 0.0738166 -0.068324 0.0673863 0.0483264 0.0179563 0.0142885 -0.0267288 0.103147 -0.00711265 -0.0271811 0.102047 0.110404 0.103657 0.0940763 0.0878286 0.0724573 -0.0818278 -0.0558006 -0.0670191 0.203585 0.0183912 0.0496068 0.0161132
internal_weight=61359.6 35995.7 25364 3733.27 1113.7 1613.81 21630.7 34882 1340.29 230.854 610.653 2119.46 868.3 1238.37 618.069 1003.16 267.965 20392.3 1040.46 1109.44 79.926 231.674 909.071 643.61 186.993 495.628 414.922 224.691 97.3896 33541.7 832.448 92.7589 739.689 480.14 431.076 130.513 462.236 54.6889 421.288 312.154 1029.51 735.192 367.889 235.021 180.954 208.227 127.474 67.0528 115.334 38.0701 19351.9 3973.27 1901.85 1444.34 675.068 32709.3 329.157 320.55 7.46765 329.301 156.24 87.2864
internal_count=1221560 1088730 132830 28848 17157 17324 103982 1071573 32254 3150 9723 11524 5566 6354 13361 7601 2991 97628 5255 29104 1368 1470 4108 3102 2532 3796 3404 2464 1945 1039319 22939 1885 21054 8888 10829 835 8790 1319 10765 1739 27736 4610 2910 2310 1235 2392 815 1207 1754 566 92373 18405 8594 6514 2964 1016380 9519 9427 135 2246 1127 689
is_linear=0
shrinkage=0.08


Tree=14
num_leaves=63
num_cat=0
split_feature=16 9 15 11 11 16 16 11 11 14 4 4 14 9 6 9 5 14 14 3 6 15 6 4 1 1 16 4 9 6 5 14 9 11 7 9 4 9 1 1 6 16 6 3 1 6 3 7 3 7 3 3 3 16 15 16 10 3 3 4 1 7
split_gain=65666.2 1140.13 1025.5 756.99 427.126 283.991 253.251 358.377 244.81 196.561 134.687 134.45 128.038 119.592 137.21 112.863 107.285 103.179 96.3376 89.919 91.7002 86.4984 79.3911 101.512 78.6564 71.0436 64.0923 60.0485 62.0779 57.5555 67.7495 69.367 55.0856 140.529 53.0025 59.3092 72.3757 52.7316 51.9343 68.5504 47.1783 45.5232 44.202 43.256 40.0397 67.4498 70.3792 36.0711 173.825 35.6599 33.6772 36.31 33.3836 32.2145 32.1499 32.0384 31.5371 31.4496 31.2415 31.0349 29.9634 28.756
threshold=0.70842674374580394 0.79187294840812694 6.5000000000000009 0.43650794029235845 0.43650794029235845 0.82036876678466808 0.63740643858909618 0.43650794029235845 0.43650794029235845 15.703504562377931 0.99350649118423473 0.55217784643173229 1.5790911912918093 0.95780044794082653 0.11583184450864793 0.68048396706581127 0.13392857462167743 3.4883683919906621 15.181572437286379 0.25143678486347204 0.29217478632926946 6.5000000000000009 0.11483516544103624 0.087922707200050368 0.13446328043937686 0.74849396944046032 0.85893502831459057 0.45748709142208105 0.97572758793830883 0.9321839213371278 0.30952382087707525 1.0716246366500857 0.70617502927780162 0.31666667759418493 1.0000000180025095e-35 0.46482679247856146 0.47673159837722784 0.98255756497383129 0.14160401374101642 0.65485891699790966 0.30495168268680578 0.82036876678466808 0.13680927455425265 0.92390406131744396 0.13446328043937686 0.064866758882999434 0.26766170561313635 1.0000000180025095e-35 0.82426470518112194 0.54872652888298046 0.19639987498521808 0.61257407069206249 0.32305502891540533 0.60112446546554577 7.5000000000000009 0.86972683668136608 0.69615384936332714 0.270728349685669 0.091608393937349333 0.54446640610694896 0.65485891699790966 0.70649471879005443
decision_type=2 2 2 2 2 2 2 2 2 2 2 2 2 2 2 2 2 2 2 2 2 2 2 2 2 2 2 2 2 2 2 2 2 2 2 2 2 2 2 2 2 2 2 2 2 2 2 2 2 2 2 2 2 2 2 2 2 2 2 2 2 2
left_child=1 6 8 5 12 13 32 21 9 10 11 17 40 14 24 -7 -16 37 41 53 -21 34 23 56 -4 54 -25 28 -17 30 -18 61 47 -34 -8 -36 -37 -2 -35 57 -3 -12 50 -11 -6 46 58 48 -1 -38 -10 52 -52 -14 -9 -20 -5 -40 -46 -26 -54 -32
right_child=2 4 3 22 44 15 7 25 42 43 18 -13 19 -15 16 27 29 -19 55 20 -22 -23 -24 26 59 -27 -28 -29 -30 -31 31 -33 33 38 35 36 49 -39 39 -41 -42 -43 -44 -45 45 -47 -48 -49 -50 -51 51 -53 60 -55 -56 -57 -58 -59 -60 -61 -62 -63
leaf_value=-0.07089757810325846 -0.020723584508286656 -0.070405806584852071 0.052440018333265351 0.05583400730328876 0.1057058118932712 0.010407241210619027 0.085511438152519756 0.081405430613500057 0.10407055491572141 0.062842025073768085 -0.05121419213622265 0.093292294795235278 0.12804578533888886 0.081445224125439711 0.11552243432826638 -0.022427747502803998 -0.08212601984574594 0.077410955543242385 0.025898659407268064 -0.068278799997966336 0.11188555566944677 -0.071902104652463009 0.10672876231059288 8.0921256148849737e-05 -0.065697310456313912 0.1186238745993054 0.081234044320523807 0.087365787050771346 0.096041835474224957 -0.056822469284028891 -0.044048484902188718 0.067021007996940773 -0.073365342772869921 0.14139583267147576 -0.076009666225747466 -0.07200431162663827 0.0078346547088897264 0.094298725440089493 0.028606063691450499 0.19167705813155686 0.12151293224644956 0.024140024772813906 0.10924401491865914 0.10443578842856323 -0.097448149273105578 0.11422257233697693 -0.047150866960685579 -0.081822422638328479 0.16266019856093636 0.11568868991687474 0.078405219202290835 0.10325096134372531 -0.0024629221373623869 0.029780613862121278 -0.048215997827483259 0.080624031235401683 0.11027003544199125 -0.075878616150155384 0.067186220025882828 0.097761541002188715 0.11594447646484188 0.087785839319449707
leaf_weight=290.3189592063427 155.1605560220778 366.54268686845899 42.103335607796907 89.001124955713749 129.59428865462542 268.67961848527193 27.433757156133652 19.752205066382885 587.53395049273968 168.79581844061613 68.359616108238697 1675.91005237028 25.466640308499336 80.949553091078997 56.129829425364733 73.297468543052673 38.591012004762888 242.74236306920648 89.776541899889708 122.90927961096168 21.199085559695959 864.37095009163022 1074.1563705354929 155.64384024962783 388.51409238576889 89.530082914978266 103.83554904162884 435.26926576346159 46.118807263672352 94.964458651840687 72.096545364707708 140.63137963041663 680.25819369032979 20.198476746678352 107.50217110663652 49.92787142843008 50.099581370130181 30.527330979704857 33.902242397889495 10.335140315815805 8.3851535171270353 205.7161448225379 13866.912192091346 3077.2486284300685 7.8223141804337493 78.831429667770863 58.212209831923246 29985.231388933957 21.934957053512335 32.248146127909422 148.51535452902317 164.37946759909391 79.573039371520281 132.14198683202267 32.226906228810549 288.42809598147869 290.21461102366447 40.416780246421695 129.53546227887273 7.5788675732910624 16.516722321510315 12.411867745220659
leaf_count=9220 1693 9864 348 387 567 1948 236 184 2772 754 735 7849 257 530 292 796 556 1302 592 3214 114 25156 5370 1078 8669 488 472 2015 212 1449 853 941 21135 175 3093 1389 892 153 526 60 52 963 70168 15119 37 395 779 1006861 299 341 707 778 454 1252 475 1303 1370 1043 626 63 77 62
internal_value=-0.00410224 -0.0768665 0.0958706 0.0556013 0.00396735 0.0187128 -0.0795662 -0.0445943 0.102568 0.0889322 0.073223 0.0830681 -0.0348955 -0.0114828 -0.0203015 0.0529647 0.012675 0.0430738 0.0414612 0.00389749 -0.0417757 -0.0596043 0.0934478 0.0711119 -0.0515192 0.0754332 0.0325559 0.0735788 0.0233254 -0.0034189 0.0158107 0.032598 -0.0809986 -0.0600773 -0.0198235 -0.0318752 0.00399346 -0.00181377 0.0261322 -0.00136969 -0.0661136 0.00534528 0.108075 0.102273 0.0690581 0.0517501 0.0265684 -0.0815407 -0.0544908 0.0500713 0.0918003 0.0741734 0.0546326 0.0456584 0.0010405 0.0676336 0.097494 -0.0282157 0.0578105 -0.0625697 0.0178899 -0.0246858
internal_weight=57772.6 33436.3 24336.3 3470.19 1080.64 1757.34 32355.7 1273.09 20866.1 6002.67 2756.62 2104.34 676.645 933.971 853.021 823.365 414.825 428.43 652.28 301.717 144.108 1131.58 1712.85 638.695 438.196 141.509 259.479 554.686 119.416 358.695 263.731 225.14 31082.6 785.111 267.212 239.778 132.276 185.688 104.853 84.6542 374.928 274.076 14863.4 3246.04 403.996 274.401 195.57 30297.5 312.254 82.3477 996.519 408.985 244.605 157.609 51.9791 378.205 379.216 74.319 137.358 396.093 96.0898 84.5084
internal_count=1221560 1088730 132830 27411 17157 18734 1071573 32254 105419 30463 14590 10997 14753 13763 13233 4971 4153 3148 3593 4837 3328 31107 8677 3307 9080 1147 1550 3023 1008 3861 2412 1856 1039319 22939 5951 5715 2622 1846 1804 1629 9916 1698 74956 15873 2404 1837 1442 1016380 9519 1233 4788 2016 1238 1509 659 1895 1757 1569 663 8732 531 915
is_linear=0
shrinkage=0.08


Tree=15
num_leaves=63
num_cat=0
split_feature=16 16 9 12 9 14 12 16 12 6 2 4 6 6 14 10 1 4 14 6 7 5 10 9 9 12 1 1 14 12 2 1 2 1 2 8 2 3 2 14 16 1 9 4 14 2 1 7 2 1 14 8 2 1 4 5 14 1 14 4 10 9
split_gain=59218.7 1151.05 905.333 552.29 366.968 255.01 242.486 190.799 178.895 178.861 199.072 170.486 162.698 149.65 140.812 128.044 106.82 98.5173 180.188 73.0505 69.3269 64.5609 63.061 56.7226 56.7009 103.509 55.6914 54.2617 61.6595 54.1582 71.3355 50.1038 135.886 49.7736 69.6479 47.1806 46.8718 46.6382 46.4282 46.0881 45.3331 44.1837 58.2151 47.5009 43.286 40.5755 53.3598 37.2377 159.179 55.1319 37.1349 36.3045 35.5196 35.1846 35.0787 70.1745 35.0424 34.2001 33.6776 32.2895 31.3823 30.7896
threshold=0.69871267676353466 0.80528196692466747 0.79187294840812694 1.0000000180025095e-35 0.52280154824256908 2.2675398588180546 1.0000000180025095e-35 0.63740643858909618 1.0000000180025095e-35 0.13680927455425265 0.25866188108921057 0.76533168554306041 0.052177859470248229 0.099180329591035857 15.636798381805422 0.76696833968162548 0.13446328043937686 0.99350649118423473 15.551264286041262 0.35805861651897436 1.0000000180025095e-35 0.30952382087707525 0.59411767125129711 0.95780044794082653 0.70617502927780162 1.0000000180025095e-35 0.86425063014030468 0.82807883620262157 4.3330924510955819 1.0000000180025095e-35 0.92390406131744396 0.69631093740463268 0.2674796879291535 0.71330726146698009 0.21352583914995196 0.52060455083847057 0.6569296419620515 0.96051946282386791 0.3034138828516007 1.6000460386276247 0.91595917940139782 0.982753485441208 0.90954548120498668 0.99350649118423473 4.5504581928253183 0.72850123047828685 0.20256410539150241 1.0000000180025095e-35 0.74239632487297069 0.99350649118423473 0.54793533682823192 0.80528196692466747 0.080540537834167494 0.18350168317556384 0.99350649118423473 0.46428571641445165 16.569128990173343 0.95488464832305919 0.98363578319549572 0.42761905491352087 0.41042780876159674 0.95093432068824779
decision_type=2 2 2 2 2 2 2 2 2 2 2 2 2 2 2 2 2 2 2 2 2 2 2 2 2 2 2 2 2 2 2 2 2 2 2 2 2 2 2 2 2 2 2 2 2 2 2 2 2 2 2 2 2 2 2 2 2 2 2 2 2 2
left_child=2 3 7 5 14 11 16 24 20 10 22 23 15 -10 36 45 39 27 -19 44 26 -12 -5 37 47 -26 -9 28 61 30 41 32 52 34 35 -27 -3 51 -17 -4 -40 42 43 -14 -18 46 -6 48 49 -1 -13 -2 -8 -25 55 -38 -22 -56 -15 -48 -53 -7
right_child=1 4 6 9 12 17 31 8 13 -11 21 50 29 58 -16 38 19 18 -20 -21 56 -23 -24 53 25 33 -28 -29 -30 -31 -32 -33 -34 -35 -36 -37 54 -39 40 -41 -42 -43 -44 -45 -46 -47 59 -49 -50 -51 -52 60 -54 -55 57 -57 -58 -59 -60 -61 -62 -63
leaf_value=-0.071782310664570886 -0.067136561099837913 -0.057866128303174433 -0.02734741943959719 0.028210177017469817 0.07700303357136995 0.0064804608500535653 -0.05490092466530521 -0.037701530918259965 -0.053438027974252428 0.10173846628435949 -0.027490827373156508 -0.033818032793164025 0.057926502760559266 -0.030956257002274615 0.090122226874204736 0.095194606327496212 -0.063280263399396575 -0.045933579851495258 0.06713958141291651 0.10507594317188357 -0.070091439100099559 0.14102061440641175 0.090519964036010092 0.12536897258354496 -0.072685393048585734 0.21046039412793718 0.11739636975150154 0.10062090745782844 0.096646577796357477 0.10531094866963009 0.10538053755601839 0.11797611045560466 -0.056677653078093318 0.18674295860039036 -0.062542197276507491 0.022734081766540581 -0.02893911455577727 0.13396711127968017 0.0059940884210822089 0.089757867078197148 0.10341395553807621 0.095603127554800285 0.087562644855973967 -0.025752640639052596 0.1281300641206371 0.13424864635454131 -0.015985766910061427 -0.081565868963494076 0.2329339860427295 0.11993449765856549 0.088991519148831119 0.14805323588091665 0.069001570705340506 -0.040799188571820112 -0.024999415122456559 0.084349670997058313 0.042706797205051751 0.035002970964596293 0.1056109252982036 0.079729897864367516 -0.024133513339267783 0.087219993649989655
leaf_weight=274.47222138755023 397.2639187630266 33.871315032243729 35.612977303564548 138.76946733519435 71.855590578168631 180.77018405869603 15.692366797477005 40.779007460922003 87.979892479255795 909.48853028193116 202.36380508169532 19.434460666030645 325.45416715741158 13.238619573414324 467.53437460958958 743.09606708586216 397.4319807831198 190.0112396851182 171.69964675232768 17.997662860900164 824.83015913143754 15.678275033831595 414.29552158713341 18.984720978885889 609.5230631865561 10.62833011522889 23.273013219237328 162.61239061877131 97.207768592983484 14197.688762128353 1928.4464074671268 54.593640752136707 79.319722376763821 9.05301017872989 66.800281355157495 44.20557220838964 42.779897168278694 8.3058926574885827 79.891322039067745 54.309486623853445 49.518558531999588 951.47564002871513 554.032211355865 50.098984926939011 7.7079580575227729 20.663750849664211 172.38198002055287 27763.404611522332 11.953081160783766 9.9477301351726037 83.296499606221914 7.4743329212069503 262.6716928370297 14.29660017415881 71.640293166041374 192.2562977001071 18.01150619238615 401.60255288332701 90.956248972564936 25.95264907181263 72.332334464415908 36.297831855714321
leaf_count=9283 9133 292 730 826 345 1985 104 950 2191 4728 2574 184 1505 127 2299 3643 11004 2787 1074 97 25785 73 2021 101 20319 121 201 800 521 75452 10013 287 1439 45 1836 618 353 66 421 347 221 4770 2601 216 62 99 1564 1006861 102 134 489 105 1477 186 491 967 210 2055 575 141 1336 218
internal_value=-0.00407914 0.0915212 -0.0770278 0.0464385 0.0984685 0.0104448 0.000905882 -0.0794398 -0.0467258 0.0777073 0.0493635 -0.0283961 0.101165 0.0233885 0.0557338 0.0721696 -0.0358049 0.0392253 0.00774084 -0.0526327 -0.0615834 -0.015374 0.0748858 -0.0470454 -0.0806882 -0.0588331 0.0186526 0.0631057 0.0436946 0.103038 0.0945685 0.0465908 0.0356952 0.00577383 -0.00769538 0.0591206 0.03407 -0.0539731 0.0874934 0.0433794 0.0432717 0.0834842 0.0710798 0.0467637 -0.0596386 0.0262012 0.0179379 -0.0812648 -0.0530578 -0.0650769 0.0657586 -0.0572451 0.0620167 0.0539884 0.0384666 0.0637295 -0.0676809 0.0259197 0.0882592 -0.0034611 -0.00800728 0.0199816
internal_weight=54345.2 23520.8 30824.4 3140.58 20380.2 1459.99 925.337 29899.1 1099.07 1680.6 771.107 621.389 19170.6 192.175 1209.68 1163.36 513.06 838.599 361.711 423.138 906.894 218.042 553.065 518.658 28800 740.21 64.052 476.888 314.276 18007.2 3809.51 412.277 357.684 130.687 121.634 54.8339 742.15 485.376 872.506 89.9225 129.41 1881.06 929.585 375.553 405.14 290.854 270.19 28059.8 296.373 284.42 102.731 477.071 278.364 33.2813 708.279 235.036 842.842 473.243 104.195 198.335 79.8067 217.068
internal_count=1221560 136655 1084905 29207 107448 18985 15547 1069358 30039 10222 5494 11600 100991 2893 6457 6434 12240 7385 3861 11163 27146 2647 2847 10927 1039319 22939 1151 3524 2724 94557 19105 3307 3020 2620 2575 739 4158 10640 4285 1077 642 9092 4322 1721 11066 2149 2050 1016380 9519 9417 673 10574 1581 287 3866 1320 25995 2546 702 1705 1441 2203
is_linear=0
shrinkage=0.08


Tree=16
num_leaves=63
num_cat=0
split_feature=9 14 6 7 11 14 9 6 3 9 0 15 14 0 11 1 0 3 15 9 4 1 15 4 11 14 11 14 15 3 1 1 0 8 9 11 1 6 15 1 3 4 0 3 8 6 11 14 9 7 7 11 8 7 3 4 14 8 1 3 3 1
split_gain=45429.7 3846.04 3018.38 1540.27 1429.15 633.436 443.683 1016.96 419.884 196.51 173.456 148 128.143 118.091 114.166 135.021 94.0245 90.6003 87.6025 280.808 184.699 77.3089 75.5265 77.8167 71.4351 67.8463 59.2724 56.8101 53.3312 52.4521 51.609 51.1952 46.7251 45.6475 45.4205 44.8092 76.2103 42.4906 42.4817 41.7086 47.8917 40.2503 39.0879 35.7496 35.6964 38.7539 35.6825 33.9044 32.6257 200.756 32.1577 31.9367 31.2007 29.0574 28.8972 27.6892 27.6861 27.6641 27.448 27.4276 26.775 25.8567
threshold=0.74431523680686962 15.822612285614015 0.10923295468091966 1.0000000180025095e-35 0.64583334326744091 2.4907497167587285 0.66220691800117504 0.2336879447102547 0.75147059559822094 0.98255756497383129 0.25949975848197943 5.5000000000000009 3.7642933130264287 0.24283374845981601 0.43650794029235845 0.84273937344551098 0.24283374845981601 0.7320508360862733 4.5000000000000009 0.52839964628219616 0.47413024306297308 0.65485891699790966 16.500000000000004 0.99350649118423473 0.31666667759418493 0.86068987846374523 0.31666667759418493 4.5504581928253183 10.500000000000002 0.89512962102890026 0.99350649118423473 0.95488464832305919 0.57735043764114391 0.7942219376564027 0.9343664050102235 0.43650794029235845 0.15504807978868487 0.049590164795517928 3.5000000000000004 0.77448415756225597 0.60660174489021312 0.55646631121635448 0.92907443642616283 0.77032968401908886 0.77221456170082103 0.47913043200969702 0.64583334326744091 1.1111539602279665 0.46047899127006536 1.0000000180025095e-35 0.83131474256515514 0.2264957278966904 0.59275647997856151 0.57202136516571056 0.62575301527977001 0.6624472737312318 17.829000473022464 0.46482679247856146 0.13446328043937686 0.93127068877220165 0.21352583914995196 0.91545844078063976
decision_type=2 2 2 2 2 2 2 2 2 2 2 2 2 2 2 2 2 2 2 2 2 2 2 2 2 2 2 2 2 2 2 2 2 2 2 2 2 2 2 2 2 2 2 2 2 2 2 2 2 2 2 2 2 2 2 2 2 2 2 2 2 2
left_child=1 3 4 8 5 9 18 12 -1 16 27 29 35 -6 15 25 28 37 19 -5 -21 33 23 32 53 -4 39 34 50 30 -3 -25 -10 -15 57 55 52 -12 -33 -9 -41 61 -17 -26 45 -27 -14 -34 49 -31 -2 -51 -37 -22 -28 -8 -13 -7 -59 -24 -11 -18
right_child=2 11 14 6 13 10 7 26 22 60 17 56 46 21 -16 42 41 -19 -20 20 24 -23 59 31 43 44 54 -29 -30 48 -32 38 47 -35 -36 36 -38 -39 -40 40 -42 -43 -44 -45 -46 -47 -48 -49 -50 51 -52 -53 -54 -55 -56 -57 -58 58 -60 -61 -62 -63
leaf_value=-0.071511331788594049 -0.010171138952818249 -0.050920004163653214 -0.024041898894919842 -0.078082182348908818 0.092451393749024238 0.18393402254172719 -0.078436671409897907 -0.019654784216770783 -0.05281818293840039 0.1030507927217142 -0.052133015152188697 -0.041590031546694509 0.037978186642818046 -0.035486356154605818 0.10323108056423266 0.086996868370551275 -0.077119678081736892 0.099038056914765832 -0.081044879395352154 -0.068964538596564914 -0.01156474186038146 0.095392428232088267 -0.042932297134528799 -0.025306294341951065 0.35064970584099897 0.0078459375114077832 0.23916040555015453 0.095602561210854378 -0.049401614838999415 0.096366025619018622 0.17761459154683609 0.06333944627205125 0.0087317253607223019 0.038250574045161724 0.07972005572642181 0.34695306879894744 -0.046354466749135001 0.06268076623591487 0.015184634542261044 0.34648016099509926 0.059534413300783053 0.084520054875086278 0.10355257753685836 0.12036850901001264 0.076403127431805412 0.078214434891569082 0.23530887713150492 0.097987005396799054 0.10288645604272474 -0.072063577014908703 0.083559680634268843 0.11757751357778375 0.067877904412395815 0.084319398011670724 0.10134936334111991 0.15838508461061046 0.08894297629047479 0.052176946317916056 -0.018691524072476151 0.02263953142334665 -0.0058234773073204196 0.17833748498076094
leaf_weight=301.76261170767248 141.65710732527077 31.18388519436121 60.038874756544828 1004.6387895308435 1131.915771458298 5.8697370514273635 1245.6637576520443 47.080728368833661 16.043587258085608 55.309036880731583 174.80388013087213 73.549893716350198 17.395457316190004 69.630895234644413 13033.791459113359 1962.0932565517724 857.70500296540558 36.208382118493319 24450.824995039031 96.421010410413146 52.624253980815411 128.50112710893154 90.979562148451805 94.430326355621219 4.6542978398501864 121.92655909061432 10.288684796541927 227.41870762035251 346.70854371972382 376.87919461727142 7.9329546838998786 234.4418870434165 30.771798158064485 235.31118771806359 114.68310359492898 4.3657491412013751 74.801174029707909 23.389593008905649 234.54676292836666 3.8268216811120501 136.61864728480577 10.068726621568201 1706.4988204836845 59.104772977530956 488.08331681415439 85.012679152190685 8.8475735969841498 237.15236260928214 550.17518448084593 60.410158878192306 28.067733151838183 6.2735801413655272 6.2121685817837715 32.857024637982249 181.92413505911827 3.1677461154758921 12.111695345491169 54.779217280447483 96.758290177211165 74.058274175971746 19.571923442184925 2.5433277413249007
leaf_count=10244 2096 658 542 38012 5676 34 46353 902 197 252 3039 1777 389 811 73320 10076 26009 205 951476 3707 845 639 1357 740 83 965 68 1105 7755 1942 49 1033 268 1326 558 58 2080 188 1356 28 827 65 9333 324 2408 419 88 1283 3074 1759 194 46 70 273 1009 49 103 306 938 609 151 14
internal_value=-0.00405301 -0.0676287 0.0854573 -0.0732899 0.0204495 -0.0211913 -0.0773418 -0.0382485 0.0113162 -0.0516403 0.0394499 0.0779136 -0.0705591 0.0788542 0.0994621 0.0883572 -0.0584567 -0.0173248 -0.0799887 -0.0593343 0.0173354 0.0433456 0.0360037 0.0456467 0.073092 0.0575496 0.0775075 0.0660922 -0.0314144 0.0862941 -0.00457284 0.0284358 0.0797948 0.0214134 0.0414268 -0.0740025 -0.0179317 -0.0385834 0.0392567 0.0455087 0.067353 -0.0745031 0.094698 0.137179 0.0645978 0.036754 0.104506 0.0877358 0.0898709 0.0737271 0.00532931 -0.0542222 0.183059 0.0252909 0.108726 -0.077836 -0.023134 0.0135273 0.00692668 -0.0135079 0.0745939 -0.0763644
internal_weight=51092.4 29874 21218.3 28755.5 3760.9 2195.54 27441.3 1740.19 1314.19 1461.63 733.911 1118.52 1360.45 1565.36 17457.4 4423.65 1386.75 234.402 25701.1 1250.3 245.661 433.443 1012.42 847.387 149.24 755.061 379.739 499.509 516.433 1032.85 39.1168 563.419 283.968 304.942 272.09 1334.21 85.3791 198.193 468.989 187.526 140.445 870.317 3668.59 63.7591 695.023 206.939 26.243 267.924 993.738 443.563 169.725 66.6837 10.5779 85.4813 192.213 1248.83 85.6616 157.407 151.538 165.038 74.881 860.248
internal_count=1221560 1073136 148424 1063728 51361 42909 1046641 51921 17087 36536 6373 9408 49087 8452 97063 23743 36133 3432 994720 43244 5232 2776 6843 4877 1525 4334 2834 2941 10045 7528 707 3129 1748 2137 1836 48610 2208 3227 2389 1757 855 26088 19409 407 3792 1384 477 1551 6821 3747 2290 1805 128 1118 1077 46402 1880 1278 1244 1966 403 26023
is_linear=0
shrinkage=0.08


Tree=17
num_leaves=63
num_cat=0
split_feature=16 16 11 16 11 10 14 4 10 14 14 11 2 1 1 4 0 15 1 8 4 1 1 5 14 5 16 3 5 0 8 10 1 3 1 5 14 4 14 4 14 0 4 1 4 2 11 0 1 4 8 1 14 10 14 4 5 15 0 11 8 10
split_gain=48439.9 1143.38 717.054 485.739 600.901 358.87 279.241 205.625 128.912 123.573 119.152 100.485 134.218 96.2868 95.9162 95.7975 123.656 86.8013 77.7184 72.3366 91.3582 67.0885 69.2101 63.7345 57.6815 57.3639 55.5605 54.6606 81.2298 54.0755 52.6293 60.6529 67.0801 51.9022 51.5083 48.6715 47.0897 45.8441 45.6914 53.4039 45.1521 41.589 39.8584 45.595 38.6572 38.153 37.1408 36.6328 35.449 34.3426 34.1144 33.0259 54.7911 45.2144 32.1557 30.444 48.9109 43.2203 29.889 29.6057 29.5445 41.7209
threshold=0.69081535935401928 0.82036876678466808 0.43650794029235845 0.61951711773872387 0.43650794029235845 0.060661764815449722 2.2675398588180546 0.73765182495117199 0.36038962006568914 15.636798381805422 2.1762032508850102 0.43650794029235845 0.90501254796981823 0.82807883620262157 0.982753485441208 0.46709956228733068 0.2014492750167847 6.5000000000000009 0.15504807978868487 0.50099602341651928 0.99350649118423473 0.79205974936485302 0.18350168317556384 0.30952382087707525 16.569128990173343 0.46428571641445165 0.63740643858909618 0.99438202381134044 0.84523808956146251 0.26344709098339086 1.0000000180025095e-35 0.10762548446655275 0.84273937344551098 0.60107529163360607 0.70396453142166149 0.23611111193895343 3.4061220884323125 0.99350649118423473 1.6667355298995974 0.72834226489067089 2.6670846939086919 0.73942822217941295 0.99350649118423473 0.94494947791099559 0.84889996051788341 0.19139194488525393 0.43650794029235845 0.65261757373809826 0.15504807978868487 0.49205549061298376 0.76220238208770763 0.14160401374101642 2.373399138450623 0.1490740776062012 1.5754950046539309 0.99350649118423473 0.46428571641445165 2.5000000000000004 0.25176055729389196 0.81666666269302379 0.81501609086990368 0.52506268024444591
decision_type=2 2 2 2 2 2 2 2 2 2 2 2 2 2 2 2 2 2 2 2 2 2 2 2 2 2 2 2 2 2 2 2 2 2 2 2 2 2 2 2 2 2 2 2 2 2 2 2 2 2 2 2 2 2 2 2 2 2 2 2 2 2
left_child=3 2 6 8 17 9 7 18 51 47 45 12 14 40 27 16 -4 30 -2 20 -8 22 -21 -24 -22 60 33 38 41 -12 -5 -32 50 -15 -31 59 -35 -30 39 -7 48 -29 -40 -44 -9 46 54 -3 -6 -13 -33 52 -1 -54 -10 56 -49 -57 -52 -18 -20 -62
right_child=1 5 15 4 13 11 19 44 10 -11 29 49 -14 26 -16 -17 35 -19 25 21 24 -23 23 -25 -26 -27 -28 28 37 34 31 32 -34 36 -36 -37 -38 -39 42 -41 -42 -43 43 -45 -46 -47 -48 55 -50 -51 58 -53 53 -55 -56 57 -58 -59 -60 -61 61 -63
leaf_value=-0.067919226135042129 0.03771622050199646 -0.042652767912223964 0.082335705918027927 0.093006391516918654 0.062368362300179905 -0.024656807008698066 0.069297734857219892 0.020507864941703261 -0.068394162957154156 0.083700232167846736 0.10100161092466532 0.084474494018192112 0.098643153025763319 0.17987075053343218 0.090044094326298063 0.098604628770118843 -0.04112134273411603 -0.068416983577700152 -0.069111312243325812 0.067842872391085302 -0.038367425308647063 0.072933775549204827 -0.028544813833672734 0.062074724100889586 0.062488920388903919 0.035294220618774012 0.11657024353056486 0.010103669611693811 0.10762961318165007 -0.069848389677005768 -0.074926733091306721 -0.048589206961822673 0.088167163828483844 0.31848723104557847 0.29905071643221415 0.1271082577868119 0.97686613900802044 -0.054313499749236355 0.071876302095441033 0.073442871032092655 0.077411632035089897 -0.17578091169376478 0.035247110970626959 -0.14806365451027056 0.099455890683234613 -0.077506219556808628 0.057746386150575049 -0.026210931256732826 -0.018785066725265961 0.10093169410356349 0.11400553151453494 -0.080810238343123883 -0.0749811306596153 0.097091756975836607 0.082210084224461535 0.062438583284310109 0.077553326069415063 0.007592532650385321 -0.042738520883073887 0.022026078425503366 0.068805845119594158 -0.050461699058058203
leaf_weight=456.11710842698812 66.840882686898112 42.552507262676954 518.18464599922299 23.608171077445149 52.323168966919184 82.226920798420906 104.03483182005584 85.573538949713111 65.708216734230518 429.04434552788734 52.251960380002856 871.99143638461828 2264.9080677255988 4.4788394644856444 842.41783584654331 971.3790595382452 71.977298196405172 1205.6411261484027 447.84774699993432 155.56120010837913 201.06610528752208 405.4232519660145 163.23722952976823 71.397760756313801 44.285283833742142 43.372545035555959 69.613244909793139 12.32146519422531 34.505282521247864 26.086723918095235 121.23155362345278 111.95703313313425 40.994271092116833 1.5240790583193304 2.6703401561826459 21.420254930853844 1.2785218860954044 16.555373206734657 764.2447413764894 62.51844821870327 103.1373556740582 20.552111372351646 66.076362475752831 9.9980142414569837 74.037283489480615 197.24607990309596 29.789118755608797 35.126792121678591 100.83830564469099 11702.796628639102 17.81052941270173 23669.038379434496 16.202297570183873 24.629168389365077 10.526838481426237 126.49694679677486 168.69582949578762 336.75588610768318 13.833078274503348 139.8200564943254 24.830538647249341 76.920535989105701
leaf_count=18282 728 333 2620 225 255 717 708 688 2250 2282 528 4588 13023 25 4601 5633 742 42475 11880 761 3514 2278 2431 347 253 432 390 59 171 763 4433 3011 691 26 26 99 22 74 3994 311 730 101 291 44 442 7355 187 289 1294 69797 136 996485 663 469 283 550 866 1891 389 895 424 1310
internal_value=-0.00402547 0.084905 0.0443407 -0.0766582 -0.0373353 0.0932655 0.0113027 -0.0243516 -0.0796507 0.0498067 -0.0336793 0.0962197 0.0854681 0.0600488 0.0698566 0.0820128 0.0605637 -0.0584729 -0.044062 0.0368186 0.00647515 0.0501436 0.026464 -0.000969932 -0.0201631 -0.0532801 0.138563 0.0539479 -0.00802494 0.0525125 -0.0220804 -0.0309644 -0.00209248 0.348826 -0.0355929 0.0121885 0.618834 0.0551229 0.0592284 0.0177144 0.0364929 -0.106109 0.0663792 0.0111556 0.0571288 -0.0567027 -0.018 0.0293145 0.00893865 0.0997905 -0.0278593 -0.0803817 -0.0599714 0.0288117 -0.0475981 0.0339052 0.0596706 0.0225689 0.0454845 0.000566033 -0.0602701 -0.0213566
internal_weight=47995.5 21577 3687.21 26418.5 1868.27 17889.8 1964.43 819.423 24550.3 1138.67 384.279 16751.1 4176.32 333.194 1911.42 1722.78 751.402 1535.08 659.812 1145.01 349.386 795.619 390.196 234.635 245.351 592.971 76.8947 1069 83.9342 81.009 329.435 305.826 184.595 7.28144 28.7571 233.218 2.8026 51.0607 985.064 144.745 256.299 32.8736 840.319 76.0744 159.611 303.27 106.024 709.628 153.161 12574.8 143.601 24166 496.949 40.8315 76.2351 667.075 203.823 463.253 31.6436 211.797 549.599 101.751
internal_count=1221560 140167 36185 1081393 54102 103982 26196 15904 1027291 6211 11392 97771 23386 2742 10363 9989 4356 51360 14774 10292 4475 5817 3539 2778 3767 14046 463 5762 405 1317 8885 8660 4227 73 789 1736 48 245 5357 1028 2279 160 4329 335 1130 10075 2720 3929 1549 74385 3536 1015899 19414 1132 2533 3596 1155 2441 525 1637 13614 1734
is_linear=0
shrinkage=0.08


Tree=18
num_leaves=63
num_cat=0
split_feature=16 15 9 11 11 8 14 4 11 16 11 4 8 4 14 3 14 7 4 9 4 3 9 11 4 4 4 16 4 16 5 3 5 9 14 0 4 5 0 14 10 5 0 5 9 3 7 0 3 5 14 9 9 4 4 16 0 14 4 0 4 5
split_gain=43832.2 1092.22 686.486 676.415 308.53 293.162 203.786 202.018 191.576 157.53 276.796 132.579 120.06 102.557 96.8695 96.2136 87.0574 85.219 82.2486 71.0791 70.344 61.7279 58.0414 113.488 57.6249 56.2064 89.3372 60.3903 53.3509 51.213 49.2823 47.0193 46.7164 44.7203 49.7876 43.9236 40.5492 38.6979 36.6738 35.7942 45.578 34.8882 34.8686 34.4405 30.9446 30.5822 30.2987 112.402 37.4696 29.9899 29.5983 38.029 29.5831 29.3387 41.4242 32.1986 29.1329 29.1307 29.0121 28.5643 28.3725 28.0751
threshold=0.69081535935401928 6.5000000000000009 0.79187294840812694 0.73214286565780651 0.43650794029235845 0.7942219376564027 15.703504562377931 0.58123165369033825 0.38750000298023229 0.61951711773872387 0.43650794029235845 0.99350649118423473 0.72767147421836864 0.47673159837722784 1.2245371341705324 0.2362911254167557 2.0573798418045048 1.0000000180025095e-35 0.47673159837722784 0.96209374070167553 0.54446640610694896 0.77849927544593822 0.69520044326782238 0.31666667759418493 0.4246212244033814 0.99350649118423473 0.64899963140487682 0.86972683668136608 0.8155706822872163 0.63740643858909618 0.30952382087707525 0.92390406131744396 0.46428571641445165 0.98255756497383129 6.2380828857421884 0.21352583914995196 0.072077922523021712 0.15476191043853763 0.25176055729389196 16.099511146545414 0.12060606107115747 0.46428571641445165 0.18677325546741488 0.30952382087707525 0.85048422217369091 0.93127068877220165 1.0000000180025095e-35 0.73942822217941295 0.99438202381134044 0.30952382087707525 1.1481554508209231 0.70028248429298412 0.62529620528221141 0.48934240639209753 0.077677227556705489 0.85893502831459057 0.71010184288024913 3.868401408195496 0.47673159837722784 0.087595909833908095 0.95861870050430309 0.17424242943525317
decision_type=2 2 2 2 2 2 2 2 2 2 2 2 2 2 2 2 2 2 2 2 2 2 2 2 2 2 2 2 2 2 2 2 2 2 2 2 2 2 2 2 2 2 2 2 2 2 2 2 2 2 2 2 2 2 2 2 2 2 2 2 2 2
left_child=2 4 9 5 6 7 12 19 16 22 17 14 25 15 45 -7 -4 21 -12 30 33 -11 46 56 35 26 32 -27 41 50 -3 -8 44 34 49 -6 -25 -37 59 -19 -41 -16 -21 -17 -2 -9 47 48 -1 -14 -20 -52 -32 54 -5 -56 -24 -38 -40 -18 -23 -60
right_child=1 3 8 53 24 13 31 11 -10 10 18 -13 20 -15 28 43 38 39 29 42 -22 60 23 36 -26 27 -28 -29 -30 -31 52 -33 -34 -35 -36 37 57 -39 58 40 -42 -43 -44 -45 -46 -47 -48 -49 -50 -51 51 -53 -54 -55 55 -57 -58 -59 61 -61 -62 -63
leaf_value=-0.070116667656960688 -0.062399030476422333 -0.064287541075895238 -0.057319914039099203 0.092943348386491917 0.090789038811634845 0.05461227095223712 0.046702038782423037 -0.028579305909986048 0.050037201309848678 -0.054195118882712785 -0.016864284160478662 -0.029617708446727987 -0.013670917520007611 0.078870723447939745 0.0019893934488658597 -0.042896052489809808 -0.061564930104339242 -0.071154331565090476 -0.029911102483575095 0.10059614879175646 0.081309285293455227 0.17894570100354251 -0.071225054066151663 0.10109666458925563 0.098798839808544883 -0.019862863618209724 0.077777282221346222 0.037274721923743467 0.10497761338330039 0.091675415150366008 -0.049076446983085477 0.091936934486684191 0.0857370243278405 0.085310760096101945 0.086417576327028109 0.0360626408851814 -0.028515202772517362 0.10162803388058624 -0.068082511165636503 -0.059092894575129659 0.16929045710097212 0.073194183263430163 -0.070013336418894928 0.10879901481410967 0.026049494706968324 0.039594015576216196 -0.081100173480767548 0.21451895115478598 0.10374756027037677 0.080564332041695302 0.49747608820243111 0.1122728581527236 0.070725775914186675 0.097723458497069149 0.017883016321051052 0.080102489950858599 0.34866606244917014 0.15974771674830365 0.13141737365484338 0.063504833862157245 0.032776821041335572 -0.098436765714395108
leaf_weight=213.80084163323045 59.494185043498874 455.87674461863935 310.62037754803896 273.94819651544094 541.22602324187756 204.02849073335528 156.08185632526875 123.53129202499986 289.19450682029128 33.02677727304399 49.94949210062623 267.79330179281533 151.83778572827578 410.40011094138026 86.286456789821386 128.9761442951858 13.582612339407204 1041.3802951946855 1.464739790186284 29.087247956544161 1178.1576406061649 15.547137761488555 530.65572730451822 30.358330443501472 11187.165315944701 173.23081294633448 352.20037512667477 373.93814772367477 136.34534682333469 65.343754686415195 23.920953391119838 2545.676048938185 32.068664342164993 96.367865614593029 55.778488349169493 226.14815844595432 57.632998637855053 77.30726058781147 42.940208647400141 14.609106261283161 9.0612455569207651 89.94665733166039 10.41069173067808 10.347156360745428 44.065589558333158 63.896550120785832 21668.329230142757 9.7019804846495372 8.2387263812124711 25.200915925204754 4.7462650034576654 2.5064874142408371 29.409942531958222 718.5148082152009 117.69766077026725 97.184242233633995 1.0596341621130694 5.7884990554302922 10.77535164169967 83.735190419480205 18.747557904571295 4.9693574868142596
leaf_count=8907 882 11814 10154 1493 2995 1345 767 1444 1887 1056 915 3407 1543 2277 699 2298 105 41219 43 142 6501 170 22063 315 70701 1807 1843 1670 729 364 399 15225 165 520 287 1243 1531 430 1379 394 57 516 117 49 401 428 989527 88 105 122 66 13 242 4456 697 513 10 60 79 660 178 48
internal_value=-0.00399479 0.0821868 -0.076183 0.0398473 0.0902195 0.0120936 0.0740257 -0.0106854 -0.00112388 -0.0785685 -0.0509992 0.0158069 0.0577684 0.0518794 0.0401353 0.0196173 -0.0328315 -0.0634256 0.0624688 -0.0477559 0.0721741 0.0238659 -0.0801062 -0.0560774 0.0972775 0.0367882 0.0565325 0.0191853 0.0674021 0.115974 -0.0557751 0.0893237 0.00136386 0.0394793 0.0205087 0.077129 0.0250631 0.0527659 0.0159279 -0.0689432 0.0283345 0.0383312 0.0556277 -0.0316301 -0.0247634 -0.00533815 -0.0807924 -0.0520191 -0.0636655 -0.000256819 0.298108 0.364353 0.0169899 0.0874372 0.0723179 0.0460229 -0.0703883 -0.0113324 -0.034022 0.0460489 0.0990409 0.0588706
internal_weight=45091.3 20553.5 24537.8 3277.6 17275.9 2070.26 5244.1 1316.51 755.818 23781.9 1256.38 767.8 2542.34 753.752 500.006 343.352 466.623 1132.37 124.011 548.706 1507.34 67.3215 22525.6 625.495 12031.8 1035 487.829 547.169 312.578 74.0612 509.208 2701.76 135.628 329.185 232.817 844.681 93.7798 303.455 156.003 1065.05 23.6704 176.233 39.4979 139.323 103.56 187.428 21900.1 231.742 222.04 177.039 8.71749 7.25275 53.3309 1207.34 488.83 214.882 531.715 63.4215 58.6849 97.3178 34.2947 15.7447
internal_count=1221560 140167 1081393 33065 107102 25906 31733 19937 14312 1067081 44475 7223 15741 5969 3816 3692 12425 43074 1401 12714 8973 1404 1022606 23979 75369 6768 3291 3477 1944 486 12455 15992 1448 2472 1952 4668 1906 1673 2271 41670 451 1215 259 2347 1283 1872 998627 9100 9012 1665 122 79 641 7159 2703 1210 22073 1591 1506 765 348 127
is_linear=0
shrinkage=0.08


Tree=19
num_leaves=63
num_cat=0
split_feature=16 16 9 11 9 14 11 6 16 11 6 2 6 14 14 2 7 11 2 7 6 4 14 3 2 9 3 15 5 6 2 11 9 11 9 5 14 6 4 15 11 8 3 6 2 5 3 15 9 4 4 4 7 3 16 3 6 8 8 4 14 16
split_gain=39705.4 1041.65 668.009 590.319 369.795 219.058 190.36 147.337 146.698 242.545 144.715 126.334 124.779 122.421 98.2398 85.2204 80.1838 76.6509 92.5228 72.2799 67.0307 65.9607 80.9624 58.9865 50.8493 51.0017 50.6367 49.862 48.8969 46.2106 68.907 45.4568 44.8045 104.05 44.1571 42.5131 41.0279 39.4103 36.8748 35.4496 43.6106 35.0905 34.7691 46.2339 32.465 32.2639 31.7747 35.5024 31.5317 48.1362 51.6525 31.5039 30.95 89.3661 30.531 30.5034 37.3758 30.4166 29.6996 69.907 28.4284 28.2109
threshold=0.69081535935401928 0.82036876678466808 0.77437999844551098 0.31666667759418493 0.63897106051445018 2.1429483890533452 0.43650794029235845 0.13680927455425265 0.61951711773872387 0.43650794029235845 0.47913043200969702 0.20734438300132754 0.052177859470248229 16.569128990173343 2.0573798418045048 0.270728349685669 1.0000000180025095e-35 0.41428571939468389 0.91331186890602123 0.60386699438095104 0.05505050532519818 0.99350649118423473 17.030370712280277 0.77032968401908886 0.81120249629020702 0.97572758793830883 0.77849927544593822 5.5000000000000009 0.23611111193895343 0.2299679517745972 0.21680375933647159 0.64583334326744091 0.69520044326782238 0.43650794029235845 0.98255756497383129 0.23611111193895343 1.0716246366500857 0.41763564944267279 0.77015754580497753 6.5000000000000009 0.31666667759418493 0.7942219376564027 0.27812939882278448 0.28416149318218237 0.32290647923946386 0.23611111193895343 0.2290398105978966 8.5000000000000018 0.47031715512275701 0.7103942632675172 0.9759001135826112 0.58123165369033825 1.0000000180025095e-35 0.80217391252517711 0.89485698938369762 0.26365442574024206 0.13680927455425265 0.81501609086990368 0.39034107327461248 0.082482993602752699 15.2471981048584 0.56867393851280224
decision_type=2 2 2 2 2 2 2 2 2 2 2 2 2 2 2 2 2 2 2 2 2 2 2 2 2 2 2 2 2 2 2 2 2 2 2 2 2 2 2 2 2 2 2 2 2 2 2 2 2 2 2 2 2 2 2 2 2 2 2 2 2 2
left_child=2 3 8 5 13 10 14 11 32 16 24 31 15 27 37 -6 26 18 34 21 -11 38 -23 54 25 41 -10 -3 44 30 -21 -5 52 58 -14 -12 -22 46 -7 40 48 -2 -16 -44 57 -45 47 61 -18 -50 -51 -46 53 -1 -17 -35 -57 -13 59 -34 -52 -4
right_child=1 4 6 7 12 19 -8 -9 9 20 35 28 17 -15 42 23 39 -19 -20 29 36 22 -24 -25 -26 -27 -28 -29 -30 -31 -32 -33 33 55 -36 -37 -38 -39 -40 -41 -42 -43 43 45 51 -47 -48 -49 49 50 60 -53 -54 -55 -56 56 -58 -59 -60 -61 -62 -63
leaf_value=-0.068145488655720968 -0.067540356333399151 0.043869836876924612 0.33590310282915925 0.026289618258815987 0.078203111452470525 0.018842646240798087 0.042690220473615488 0.093928721831170334 -0.052535126052015199 -0.035592781948559742 0.12315729122716734 -0.028477020782222418 0.062981349902634015 0.089107697892263027 0.040465449391320595 -0.015725478419018474 -0.078271812402370508 0.096832728464448528 0.095201088010728921 0.059764150034542468 -0.03093164326921918 -0.035934843868611024 0.062698333807149162 0.10333723520114148 0.073185160231623927 0.069073211055173278 0.086422568098717789 0.00368500697381031 0.11678295831246932 0.075284551364445007 -0.029244344086738365 0.083092964336067221 0.66602311041439111 0.088994101475829326 0.096069613352492367 0.019100631032731196 0.12734593242336928 0.116678176649962 0.085893674837489206 -0.076746796665098191 0.14316486371333562 -0.018244062616028647 -0.070258629348967067 0.1614423442647426 -0.041075351862923402 -0.10305694485773267 -0.079113885891898092 -0.047088559267173764 -0.06576099432990605 0.20257155989178954 -0.083140608117948517 0.1135044304867398 -0.080897973091750675 0.098576296623876805 0.051393333928004131 -0.071986607096524338 0.14345548217824947 0.058295195046076678 -0.07211518055661531 -0.057606753213072875 0.065511779536741546 0.035200587652819623
leaf_weight=196.74240527115762 392.77646048925817 519.697993516922 2.2731359377503422 115.9127275198698 620.14758157357574 154.56691928952932 314.05414288304746 947.38885661959648 31.411870714277029 31.744598150253296 37.011881977319717 41.035022785887122 1332.4458958134055 287.18896995484829 114.01978424377739 143.53575693070889 98.79225130751729 10513.903637811542 1923.6138499677181 147.92357226274908 12.461865041404961 245.30301175825298 68.034045651555061 47.652255740016699 22.020248925313354 21.770597092807293 36.039216641336679 318.86881471797824 22.468045994639397 255.94782649353147 89.250318128615618 405.88283441588283 1.1720873322337855 34.984345829114318 320.14646196365356 78.263294123113155 65.954121625050902 8.0954451672732812 79.487709280103445 736.67749933153391 8.0773893203586322 120.84854392521083 49.546355837956071 10.94402079284191 134.86278360337019 4.0415047630667678 240.63504084385931 115.22512292303145 52.257000168785453 10.508439417928455 14.873399784788488 9.001180060207842 20050.369183454663 22.979684893041849 62.157164584845304 22.226552205160264 6.7092198804020873 69.885065417736769 458.95084102638066 3.1524204704910517 18.443515164777637 16.42182495072484
leaf_count=8800 11197 2489 54 640 3592 1500 2142 6061 1056 735 197 442 7429 1701 1120 1106 4239 70693 12359 820 122 3973 376 263 164 122 348 2195 117 1338 1633 2253 34 417 1861 648 402 47 434 32297 113 2176 1659 58 1607 34 9683 3447 1988 140 472 42 989527 300 294 749 38 445 20565 132 306 369
internal_value=-0.00396494 0.0796827 -0.0757176 0.0398588 0.0882459 0.00649395 -0.00718306 0.0725888 -0.0784548 -0.0502147 -0.029084 0.0472872 0.0915725 0.0440281 -0.0350926 0.0622318 -0.0625428 0.0933914 0.0832742 0.0294951 0.0624874 0.00948249 -0.0145189 0.0231366 -0.045958 -0.0508582 0.0217102 0.0285894 0.00364805 0.0517101 0.0262696 0.0704746 -0.0799719 -0.0569474 0.0693913 0.0525105 0.102192 -0.0579568 0.041614 -0.0685908 -0.0389862 -0.0559417 0.013907 -0.0330183 -0.00632871 0.0901085 -0.0617312 -0.0304971 -0.0465362 -0.0139055 0.0479265 -0.0314037 -0.0805707 -0.0507089 0.00455677 0.0387337 -0.0220329 0.0261937 -0.070149 0.138521 -0.000849899 0.0717633
internal_weight=42338.8 19549 22789.8 3459.64 16089.4 1713.2 875.256 1746.44 21914.5 1117.24 672.691 799.048 14963.6 1125.76 561.202 873.493 1007.08 14090.1 3576.21 1040.51 110.161 547.392 313.337 253.345 557.416 535.396 67.4511 838.567 277.252 493.122 237.174 521.796 20797.3 527.195 1652.59 115.275 78.416 382.651 234.055 939.629 202.952 513.625 178.552 64.5319 254.784 14.9855 374.555 133.92 194.875 96.0824 43.8254 143.864 20270.1 219.722 205.693 63.9201 28.9358 110.92 463.275 4.32451 33.3169 18.695
internal_count=1221560 140167 1081393 36185 103982 24578 18613 11607 1062780 42218 14504 5546 97597 6385 16471 5255 40959 92342 21649 10074 1259 6283 4349 1663 13659 13495 1404 4684 2653 3791 2453 2893 1020562 21935 9290 845 524 13600 1934 39555 7258 13373 2871 1751 2536 92 13553 3870 7145 2906 918 1649 998627 9100 1400 1204 787 887 20731 166 778 423
is_linear=0
shrinkage=0.08


Tree=20
num_leaves=63
num_cat=0
split_feature=16 11 15 9 8 6 11 14 4 16 11 0 4 6 14 4 14 6 7 9 9 14 2 4 16 4 0 3 14 9 14 6 11 3 10 2 14 3 0 6 6 0 6 0 6 15 10 4 7 6 7 0 14 2 3 4 7 3 11 4 14 16
split_gain=35989 1021.18 782.951 649.03 234.173 212.518 188.546 162.021 161.601 138.356 208.477 127.334 101.687 93.5413 93.1723 90.42 85.609 80.8393 75.6758 73.7126 61.5408 61.267 59.4377 58.6057 57.543 51.9304 49.2736 47.0296 46.0968 42.0468 112.654 78.6882 48.2075 41.8297 41.1252 39.289 37.8531 37.3505 37.1516 37.0157 36.881 102.482 35.8326 35.1071 34.122 33.6105 38.1069 57.2346 32.9856 32.441 32.0588 86.0422 32.6343 31.7717 30.3032 29.6868 28.6488 28.0047 26.8272 26.4046 26.246 31.2486
threshold=0.69081535935401928 0.43650794029235845 5.5000000000000009 0.76609560847282421 0.7942219376564027 0.05505050532519818 0.31666667759418493 15.703504562377931 0.58123165369033825 0.61951711773872387 0.43650794029235845 0.20761494338512423 0.99350649118423473 0.2336879447102547 2.0573798418045048 0.99350649118423473 1.3560217618942263 0.052177859470248229 1.0000000180025095e-35 0.98255756497383129 0.96209374070167553 15.181572437286379 0.27931983768939977 0.38529014587402349 0.8790508806705476 0.81120249629020702 0.24068965017795566 0.92390406131744396 2.1429483890533452 0.68048396706581127 4.1410288810729989 0.52086955308914196 0.43650794029235845 0.77849927544593822 0.69615384936332714 0.88273492455482494 1.0716246366500857 0.72850123047828685 0.17673087120056155 0.41763564944267279 0.20638945698738101 0.2674796879291535 0.55217784643173229 0.24283374845981601 0.28416149318218237 6.5000000000000009 0.10762548446655275 0.67068272829055797 0.52088177204132091 0.75304877758026134 1.0000000180025095e-35 0.73942822217941295 15.551264286041262 0.080540537834167494 0.94185259938240062 0.12632978707551959 1.0000000180025095e-35 0.79277813434600841 0.64583334326744091 0.84889996051788341 4.1410288810729989 0.80528196692466747
decision_type=2 2 2 2 2 2 2 2 2 2 2 2 2 2 2 2 2 2 2 2 2 2 2 2 2 2 2 2 2 2 2 2 2 2 2 2 2 2 2 2 2 2 2 2 2 2 2 2 2 2 2 2 2 2 2 2 2 2 2 2 2 2
left_child=3 2 7 9 8 11 14 15 20 29 18 34 16 19 39 17 42 22 33 26 28 -17 -2 -12 57 54 60 -9 -4 50 31 32 -31 -11 58 49 -25 -28 -34 -5 41 53 59 -16 -45 46 -20 -48 -49 -19 51 52 -1 -8 -18 -22 -14 -13 -3 -10 61 -6
right_child=1 5 4 6 13 -7 40 27 12 10 23 24 56 -15 43 21 25 35 45 -21 55 -23 -24 36 -26 -27 37 -29 -30 30 -32 -33 38 -35 -36 -37 -38 -39 -40 -41 -42 -43 -44 44 -46 -47 47 48 -50 -51 -52 -53 -54 -55 -56 -57 -58 -59 -60 -61 -62 -63
leaf_value=-0.067360662297024143 0.04773181069213793 -0.002208023879969624 -0.070315225038627388 -0.064288043405675233 0.037518100945795503 0.09485223109016809 -0.061922918689702636 0.040800834463865392 -0.048613710540383645 -0.050854497034989753 -0.044444060821623735 0.001563188236385804 -0.0070868577812490873 0.074948612897695444 0.041237636300909299 -0.0023923394188928894 0.0098095883538647684 0.054135101434841959 -0.072788690033961351 0.089939510838437875 0.10463354782212962 0.050095101202097439 -0.040350166105044785 -0.030561665902398911 0.069034620596595403 0.095145214203813888 -0.055616459706788635 0.087450606657718893 -0.013319164457203816 -0.073870967534754001 0.19115162115933509 0.26539400634570887 0.080149602744476342 0.075821294176577916 0.088094715438164176 0.091217740217551468 0.11910954145833516 0.059658640943695905 -0.049967304961693951 0.10774819752345957 0.10370092695006428 -0.055470992957738274 0.030829281231055942 -0.063070716033594584 0.079597085474696322 -0.076671830129150215 -0.063472416429920742 0.00098222301040841366 0.13903638749250172 0.093862802214560781 -0.080794873614902993 0.16904757096863843 0.1142682267324352 0.057866332030178998 0.086261777489682986 -0.064946283317446507 -0.058365075197509705 0.13561037874017595 0.064202692510939449 0.098986210460439233 0.081582560661395076 -0.06220103484071296
leaf_weight=191.34833649359643 161.62125018797815 52.7856310531497 320.19047637470067 377.3573330566287 66.868747172877192 10733.005300611258 15.091030223295091 147.29383358359337 102.36354267224669 29.916234269738197 26.428220801055431 292.84679007530212 218.99321641586721 376.43220008164644 99.225242352113128 251.36244574934244 125.64652200974524 667.01025142148137 99.270752012729645 70.79111834987998 24.281805031001568 328.12471190653741 70.382465556263924 13.026604086160658 134.28984615951777 144.66631172969937 110.35005213879049 2267.5680643934757 126.77228580228984 538.02924058400095 11.297130722552536 4.6103908997029057 23.602397738024592 37.715714003890753 659.89439511299133 454.87828909233212 63.683263877406716 21.492592399939895 34.678415579721332 8.1778208129107934 43.89343897998333 76.34242345765233 88.59139971062541 52.664723958820105 13.474091734737156 660.36201641336083 46.28839117474854 24.484395027160645 20.22721297852695 163.86683545261621 18405.977494832128 10.947515374049543 6.5478348210453978 232.30778452195227 45.087814725935459 9.0764683801680786 102.30536545440555 10.326309386640785 148.30430058017373 8.3928657211363298 45.058596663177013 28.762784440070391
leaf_count=8916 1037 242 10553 14977 669 76565 94 760 1333 1056 622 2014 1686 2201 902 1731 903 3723 4432 393 125 1900 1168 144 687 791 2206 15060 1932 26608 181 38 263 348 4077 2905 425 142 1216 50 278 1391 607 1920 90 31254 1876 585 245 941 981945 88 96 1353 243 111 2192 51 762 50 229 178
internal_value=-0.00393448 0.0773177 0.0518951 -0.075255 0.0107154 0.0911541 -0.00948293 0.0704777 -0.00934592 -0.0782386 -0.0495473 0.0605854 0.0118999 0.0474058 -0.0390919 0.0542107 0.0339426 0.0644748 -0.0616602 0.017207 -0.0463264 0.0273278 0.0210106 0.0582965 0.0254394 0.05988 -0.00168549 0.0846052 -0.0541494 -0.0797628 -0.0591338 -0.0638391 -0.0663846 0.0197877 0.078443 0.0723175 0.0936929 -0.0368247 0.00272707 -0.0606389 0.034886 0.025556 -0.00709456 0.0111434 -0.0340058 -0.0681359 -0.0385107 -0.00111723 0.0634369 0.0619703 -0.0804412 -0.0492736 -0.0613511 0.0505593 0.0299992 0.0584925 -0.0234145 0.00612894 0.04677 -0.0374289 0.0312439 0.0075259
internal_weight=39746.7 18579.7 6548.23 21167 2036.12 12031.5 918.534 4512.11 1316.37 20248.4 1021.4 1298.45 836.047 719.756 550.899 2097.25 514.748 1517.76 918.265 343.324 480.321 579.487 232.004 103.138 437.463 315.401 272.533 2414.86 446.963 19227 612.218 600.92 596.31 67.6319 860.984 1285.76 76.7099 131.843 58.2808 385.535 367.635 323.741 199.348 165.364 66.1388 850.633 190.271 91 44.7116 830.877 18614.8 208.844 197.896 247.399 170.734 33.3583 321.299 303.173 201.09 110.756 140.69 95.6315
internal_count=1221560 140167 55769 1081393 26544 84398 21055 29225 20526 1060338 40987 7833 7805 6018 17939 13405 3927 9774 39796 3817 12721 3631 2205 1191 2752 1937 3424 15820 12485 1019351 28306 28125 28087 1404 5081 7569 569 2348 1479 15027 3116 2838 1990 2912 2010 38392 7138 2706 830 4664 991045 9100 9012 1447 1146 236 3878 2065 1004 1383 1076 847
is_linear=0
shrinkage=0.08


Tree=21
num_leaves=63
num_cat=0
split_feature=16 16 9 12 9 6 1 1 0 16 12 1 1 1 6 0 7 6 3 7 8 10 5 5 8 12 2 0 3 9 0 9 4 9 1 12 3 7 9 1 5 9 1 3 5 5 7 1 4 2 2 0 8 9 9 0 2 4 0 4 4 4
split_gain=32641.7 958.023 628.093 420.069 368.771 196.16 152.408 164.281 152.335 138.467 130.823 129.814 179.212 125.86 117.43 102.615 97.7385 87.6083 73.7473 73.1065 68.8376 61.1006 57.1233 53.638 53.4379 51.6075 64.6713 48.9398 52.287 47.8655 44.4207 43.8758 43.6469 43.18 95.1901 61.9169 50.5949 42.2151 54.5426 41.8859 40.0895 37.6178 44.8199 54.7666 75.0376 33.5824 32.7307 87.9707 31.8693 29.9048 28.1296 26.9986 26.7663 26.4966 25.9893 25.7094 25.5927 25.403 25.3661 24.9352 24.2294 25.6331
threshold=0.69081535935401928 0.83375209569931041 0.76609560847282421 1.0000000180025095e-35 0.63182720541954052 0.13680927455425265 0.14160401374101642 0.68801230192184459 0.21680375933647159 0.61951711773872387 1.0000000180025095e-35 0.82807883620262157 0.26794873178005224 0.84273937344551098 0.057417582720518119 0.25586470961570745 0.59026268124580394 0.064866758882999434 0.93643954396247875 1.0000000180025095e-35 0.75058686733245861 0.69615384936332714 0.73214286565780651 0.23611111193895343 0.70025381445884716 1.0000000180025095e-35 0.92390406131744396 0.3034138828516007 0.7320508360862733 0.90954548120498668 0.072077922523021712 0.76609560847282421 0.84889996051788341 0.67658114433288585 0.77448415756225597 1.0000000180025095e-35 0.26365442574024206 1.0000000180025095e-35 0.5071096420288087 0.79743590950965892 0.21111111342906955 0.97572758793830883 0.982753485441208 0.99438202381134044 0.84523808956146251 0.30952382087707525 1.0000000180025095e-35 0.84028983116149913 0.99350649118423473 0.93643954396247875 0.85867896676063549 0.78629976511001598 0.52060455083847057 0.51869320869445812 0.69520044326782238 0.053342817351222045 0.080540537834167494 0.99350649118423473 0.66333335638046276 0.70064935088157665 0.49205549061298376 0.10084745660424234
decision_type=2 2 2 2 2 2 2 2 2 2 2 2 2 2 2 2 2 2 2 2 2 2 2 2 2 2 2 2 2 2 2 2 2 2 2 2 2 2 2 2 2 2 2 2 2 2 2 2 2 2 2 2 2 2 2 2 2 2 2 2 2 2
left_child=2 3 9 11 18 8 30 15 21 33 19 12 29 45 -14 20 22 27 50 39 -8 55 32 -10 -16 26 41 -6 60 -2 -4 -26 -13 46 35 -35 52 -24 -39 -11 -9 42 43 48 51 59 47 -1 -19 -20 -3 -45 -37 -15 -36 -5 -31 -46 -49 -12 61 -29
right_child=1 4 6 5 17 -7 7 40 23 10 13 16 14 53 24 -17 -18 25 49 -21 -22 -23 37 -25 31 -27 -28 28 -30 56 -32 -33 -34 34 54 36 -38 38 -40 -41 -42 -43 -44 44 57 -47 -48 58 -50 -51 -52 -53 -54 -55 -56 -57 -58 -59 -60 -61 -62 -63
leaf_value=-0.067303867928806577 -0.0026479419462547777 -0.045563095659906329 -0.07016081525234294 -0.1237421655173892 0.074423490280002794 0.087128270892068413 -0.032655595817264557 0.11245747591302813 -0.016378122727680969 -0.055598292124105851 -0.064628127236662558 0.017887845125003039 -0.065035471574231896 0.026628771871427506 -0.02372367093474801 -0.07036007183489193 0.067720464919239567 0.060692771465265527 0.030503102266878936 -0.068766812129439872 0.054390334171261656 0.082105738070859663 0.035795180996693397 0.10359594974501608 0.16613769424342398 0.092789222201064489 0.092594822228716608 0.11033224510160837 0.085193177847312049 -0.040194067737963933 0.059421716376081027 0.024193248414330033 0.10487914405435865 -0.073372754069670545 0.51352135265011978 0.15627386435301197 -0.065233247343802855 -0.068497697168373103 0.010587871096969749 0.071787699302289523 -0.088334177855305424 0.091448466554374191 0.076342007039802401 -0.050774553550788845 0.10424165194519171 0.048742990432103631 -0.080642478923115907 0.035292290558439104 -0.003633447377066625 0.060223953598413822 0.024386016485804157 -0.21716356128599895 0.018874203964696256 0.15427047588165396 0.14850590267813463 0.034107318167029048 0.079813276001275954 -0.050566342462053354 0.20944933910733091 0.20159926712258577 0.095858943320562121 -0.024034658011161291
leaf_weight=175.17157982103527 83.010703219100833 80.137149732559919 18.478492230176926 6.8001748397946349 495.62048077210784 1086.7018537037075 174.90866992622614 59.565669294446707 301.36617377400398 28.566896796226501 78.944463171064854 99.157968021929264 335.32294944860041 14.319587990641592 210.08022595755756 339.49423878081143 326.2823612075299 370.27693776786327 378.14127280935645 739.05110375955701 87.09845176525414 355.20861273258924 96.136384177953005 25.899027321487665 15.794136874377726 9515.1363190189004 1333.8649005144835 9.903793662786482 67.500148326158524 12.242427894845603 202.1175263915211 118.52510807849467 58.803971156477928 515.79150570742786 1.5994758382439602 11.627786844968794 46.626092372462153 107.92868160270154 115.57784708403051 39.172907063737512 7.125070108100771 320.82223057746887 516.34853763878345 12.302418082952501 20.118297278881073 25.154933869838715 16981.889508610591 14.686445230618121 56.861465319991112 507.40535030514002 68.029231369495392 12.667922884225844 41.314408209174871 38.107539288699627 5.6875307355076075 228.5390085671097 160.17175393179059 10.235191717743875 8.4216908831149322 2.3176828362047663 14.703207142651079 110.11035002022982
leaf_count=8761 1113 644 294 43 3089 7832 3853 499 3559 998 2799 894 11098 132 2865 13204 1984 2098 2206 36106 1185 2250 745 148 112 72270 9643 50 406 99 1947 771 341 27606 37 167 2032 2699 900 406 73 2058 3394 64 116 272 979348 264 277 2768 397 64 1010 258 51 1339 987 49 75 16 73 722
internal_value=-0.00390226 0.0750895 -0.0748029 0.0391683 0.0847637 0.0641291 -0.00908917 -0.0281237 0.0368978 -0.0779148 -0.0484104 0.010397 -0.00986828 0.0179517 -0.0313367 -0.041332 0.0339713 0.0884571 0.0387923 -0.0614761 -0.00371911 0.0611602 0.0109151 -0.00688365 0.00147397 0.090038 0.0801724 0.060891 0.0277238 0.0472622 0.0485671 0.040884 0.0502718 -0.0795151 -0.0588194 -0.0622233 -0.00446604 -0.00853428 -0.0276016 0.0180671 0.0910054 0.067616 0.0599609 0.0424292 -0.0324644 -0.0320312 -0.0802652 -0.0479499 0.0521295 0.0475327 -0.0134466 -0.135187 0.0490515 0.119407 0.228626 0.0295462 0.071292 0.0520404 0.0987633 -0.057035 -0.0010713 -0.0129464
internal_weight=37301 17643.7 19657.2 3743.55 13900.2 2004.51 888.788 668.192 917.813 18768.5 965.635 1739.03 935.147 158.844 679.722 601.501 803.887 12866.5 1033.71 806.791 262.007 590.548 477.605 327.265 344.399 12168.6 2653.5 697.838 202.217 255.425 220.596 134.319 157.962 17802.8 622.647 615.36 99.5683 319.643 223.507 67.7398 66.6907 1319.63 998.811 482.462 55.3238 106.417 17180.2 198.28 427.138 885.547 148.166 24.9703 52.9422 52.4271 7.28701 235.339 172.414 30.3535 23.1081 81.2621 134.717 120.014
internal_count=1221560 140167 1081393 39779 100388 15171 21055 18814 7339 1060338 40987 24608 17045 3477 14846 18242 7563 94373 6015 37510 5038 3632 5579 3707 3748 90033 17763 4340 1251 2199 2241 883 1235 1019351 30903 30815 3209 4344 3599 1404 572 8120 6062 2668 293 3087 988448 9100 2375 4974 1041 128 1177 390 88 1382 1086 165 339 2815 845 772
is_linear=0
shrinkage=0.08


Tree=22
num_leaves=63
num_cat=0
split_feature=16 11 15 9 6 8 14 11 16 11 4 8 11 14 15 6 4 14 7 1 1 2 4 2 9 1 14 11 3 3 1 6 2 5 1 9 6 1 2 1 7 1 1 9 4 1 4 14 14 14 1 3 8 2 1 1 14 4 3 6 5 14
split_gain=29598.5 1003.02 664.958 610.24 225.783 189.57 164.91 155.359 139.432 173.145 128.654 86.3185 85.498 82.6899 79.5493 78.8407 73.0349 87.0106 69.0844 66.6775 57.0016 53.4128 52.1245 52.0555 44.8747 138.788 111.033 48.7701 42.1044 41.782 40.7078 40.5569 38.7548 38.0408 37.2091 36.7187 42.0778 36.0171 90.0602 35.1176 33.5855 76.9153 32.5195 31.5872 30.9887 50.6914 45.1898 35.3469 33.6588 29.8911 29.6344 29.6058 29.8816 28.9573 28.3988 27.16 26.831 26.6116 26.5225 31.3086 30.109 26.4245
threshold=0.69081535935401928 0.43650794029235845 5.5000000000000009 0.76609560847282421 0.13680927455425265 0.7942219376564027 16.099511146545414 0.31666667759418493 0.61951711773872387 0.31666667759418493 0.49205549061298376 0.72767147421836864 0.84523808956146251 2.0573798418045048 7.5000000000000009 0.2336879447102547 0.99350649118423473 1.3560217618942263 1.0000000180025095e-35 0.2736185491085053 0.16843971610069278 0.2014492750167847 0.81120249629020702 0.90501254796981823 0.66220691800117504 0.86425063014030468 3.7642933130264287 0.43650794029235845 0.70064935088157665 0.91366460919380199 0.14160401374101642 0.48331478238105779 0.23294574022293094 0.46428571641445165 0.16843971610069278 0.9976744055747987 0.052177859470248229 0.64932429790496837 0.2674796879291535 0.79743590950965892 1.0000000180025095e-35 0.84028983116149913 0.84273937344551098 0.95780044794082653 0.99350649118423473 0.95488464832305919 0.72834226489067089 15.209865570068361 2.9878323078155522 16.569128990173343 0.87026646733284008 0.7320508360862733 0.97789987921714794 0.32290647923946386 0.15504807978868487 0.15047170221805575 16.569128990173343 0.4246212244033814 0.27812939882278448 0.28416149318218237 0.23611111193895343 1.0505385398864748
decision_type=2 2 2 2 2 2 2 2 2 2 2 2 2 2 2 2 2 2 2 2 2 2 2 2 2 2 2 2 2 2 2 2 2 2 2 2 2 2 2 2 2 2 2 2 2 2 2 2 2 2 2 2 2 2 2 2 2 2 2 2 2 2
left_child=3 2 6 8 12 10 11 13 24 18 20 44 34 42 -11 19 17 31 39 -7 43 -14 33 35 40 26 27 -26 53 -8 -29 -12 -28 -19 -3 36 54 38 61 -10 41 -1 55 -4 46 -46 48 -47 -2 -20 -16 52 -21 -23 -13 -5 -18 -55 -15 -60 -61 -9
right_child=1 4 5 7 -6 15 29 37 9 14 16 23 21 58 50 -17 56 22 49 51 -22 28 -24 -25 25 -27 32 30 -30 -31 -32 -33 -34 -35 -36 -37 -38 -39 -40 -41 -42 -43 -44 -45 45 47 -48 -49 -50 -51 -52 -53 -54 57 -56 -57 -58 -59 59 60 -62 -63
leaf_value=-0.066186129626618156 -0.028667631976729925 0.055925143416479604 -0.017743284666547714 -0.012695449186100612 0.092117608740213783 0.052389406525377324 0.032020168317585175 -0.0063744227619997934 -0.053955418258402957 0.10342859495300552 -0.050037539610140444 0.055175816003850242 0.08245822214145912 0.033879924539050664 -0.05308076564741316 0.069242049118739893 -0.029444033975279806 -0.010875918283348116 -0.070396591765200495 -0.042239458863080913 -0.062502607918702463 0.052669335845266341 0.088154644256203674 0.089415393486585698 -0.074691063229872942 0.33080326315858638 0.25613305932514524 0.11851197996772267 0.089364573311019074 0.08430386986140942 -0.03500513833571469 0.018819987312872995 0.020112112628300274 0.05866977804598579 -0.0030427306523298486 0.089016707449234275 0.054976362555060956 0.10230571885577627 -0.060484725103494549 0.063570660090486744 -0.080575731124623018 0.086758908896574616 0.13572005754226485 0.09958730420499301 -0.033958659240779336 0.0056454521720618444 0.072864998492804631 0.049003278117485019 0.049772412988386819 0.039709339600294644 0.099828687818018985 0.061003206084535862 0.11174841932684537 -0.017160151738903333 -0.021652417683407883 -0.071987680081887329 0.067983378770543931 0.062277130415559941 -0.069020612823982821 0.15897738693205687 -0.099698770529064909 0.05845487685989359
leaf_weight=164.32514065504074 63.073630947619677 108.85390246659517 49.61215884424746 59.815685706213117 9322.3639116957784 156.34135353006423 103.13752263784409 50.702672423794866 27.141019571572542 63.809044672176242 106.68964871950448 47.462035577744246 626.85454799234867 106.38473576679826 47.035397471860051 345.9307893961668 297.96294008754194 99.984807325527072 710.15756365843117 139.23139191418886 319.54746131971478 172.90719423815608 136.6330854780972 358.84425473213196 649.86228808388114 5.7700761891901484 8.6121116690337676 13.966083634644745 104.93007573112845 1898.0498288869858 53.028466010466218 112.43993074260652 9.2185176443308574 101.3738503549248 184.67092863097787 150.34227309376001 570.86648331210017 41.365931171923876 65.521608604118228 40.631677970290184 15556.193339103833 24.134364824742079 5.4235864803194991 20.85888035595417 92.933773646131158 210.19520082883537 218.60950896702707 281.48604227788746 78.690096985548735 16.138330645859241 9.8020670488476735 24.882919503375888 8.5610354840755445 102.90311337262392 87.669868702068925 285.15298091247678 19.260062765330076 36.585951931774616 41.210739677771926 8.7000062465667707 4.3047290891408911 194.97588561102748
leaf_count=8761 739 633 684 1596 75758 1003 536 337 998 575 1668 262 4156 1129 1321 2201 3777 928 37353 2609 11052 930 791 2710 37778 38 108 110 694 14025 1925 827 256 589 1386 975 3434 306 1355 406 970036 339 31 109 691 1368 1295 1666 523 264 70 159 46 636 1001 13400 101 205 1693 51 39 1118
internal_value=-0.00386655 0.0729023 0.0470328 -0.0743192 0.0877073 0.00834336 0.0650631 -0.00867799 -0.077577 -0.047175 -0.00993132 0.0497348 0.0569719 -0.0368635 0.0421192 0.0425769 0.00711248 0.0245595 -0.0607419 0.0145409 -0.0481402 0.0676951 0.050016 0.0638371 -0.0792639 -0.060017 -0.0630864 -0.0679913 0.0455197 0.0816093 -0.00300204 -0.0147053 0.134109 0.0241368 0.0188255 0.0531186 0.0454741 0.0321727 0.0228504 0.0165048 -0.080169 -0.0465998 -0.0586508 0.0169857 0.0316003 0.0202261 0.050052 0.0304677 0.0148728 -0.06795 -0.0267103 -0.0197274 -0.0333195 0.0307928 0.00533177 -0.0617067 -0.0235288 0.00367509 0.0106715 -0.0348694 0.0733524 0.0450755
internal_weight=35024.1 16760.7 6100.67 18263.4 10660.1 1939.31 4161.36 863.559 17399.8 914.715 1264.36 2160.17 1337.71 510.992 120.647 674.947 874.344 557.121 794.069 329.017 390.019 1044.18 337.992 1215.18 16485.1 740.458 734.687 716.857 417.326 2001.19 66.9945 219.13 17.8306 201.359 293.525 856.341 705.998 352.566 311.2 67.7727 15744.7 188.46 350.392 70.471 944.988 584.615 360.373 491.681 141.764 726.296 56.8375 172.675 147.792 312.396 135.132 344.969 317.223 139.489 160.6 54.2155 13.0047 245.679
internal_count=1221560 140167 55769 1081393 84398 26544 29225 21055 1060338 40987 20526 14664 8640 17939 1966 6018 8681 4803 39021 3817 11845 6621 2308 8382 1019351 40215 40177 39813 2465 14561 2035 2495 364 1517 2019 5672 4697 3116 2810 1404 979136 9100 15027 793 6282 3725 2557 3034 1262 37617 1391 2814 2655 1771 1263 14996 3878 841 2912 1783 90 1455
is_linear=0
shrinkage=0.08


Tree=23
num_leaves=63
num_cat=0
split_feature=16 16 9 9 15 7 15 16 15 14 6 1 4 9 0 1 9 1 1 9 6 1 6 1 5 3 7 10 4 1 2 14 2 1 3 5 0 4 14 7 9 1 14 1 7 9 7 1 2 6 4 6 0 6 15 14 16 5 5 2 6 0
split_gain=26860.9 894.253 591.359 371.731 329.544 154.819 151.432 135.121 130.917 99.8949 92.8841 78.7923 104.655 96.1057 75.3898 135.368 69.1656 72.8277 64.9565 62.3055 82.1464 54.7373 59.1275 45.7919 44.1572 41.5909 40.185 40.0534 41.5676 39.4253 89.4957 38.9695 37.7189 38.9978 59.4947 64.7097 64.6102 43.639 37.4049 37.2651 35.6447 118.564 63.4008 45.5135 40.3885 37.0906 34.5214 68.643 34.4227 33.5937 32.6229 32.1732 33.1584 31.3453 37.0357 29.6614 37.6237 29.3443 29.1987 27.8084 27.1378 26.7129
threshold=0.69081535935401928 0.83375209569931041 0.75072255730628978 0.63182720541954052 6.5000000000000009 0.77260699868202221 10.500000000000002 0.61951711773872387 6.5000000000000009 16.569128990173343 0.064866758882999434 0.82807883620262157 0.99350649118423473 0.9343664050102235 0.24283374845981601 0.65485891699790966 0.49685485661029821 0.75615617632865917 0.15504807978868487 0.51869320869445812 0.076340328902006163 0.13446328043937686 0.17902930825948718 0.20256410539150241 0.30952382087707525 0.93643954396247875 1.0000000180025095e-35 0.97826087474823009 0.46709956228733068 0.74849396944046032 0.23606811463832858 1.0344995856285097 0.90501254796981823 0.97999200224876415 0.99438202381134044 0.84523808956146251 0.80982521176338207 0.99350649118423473 4.5504581928253183 1.0000000180025095e-35 0.66220691800117504 0.77448415756225597 3.7642933130264287 0.14160401374101642 0.33406755328178411 0.68048396706581127 1.0000000180025095e-35 0.81120249629020702 0.087595909833908095 0.64852941036224376 0.072077922523021712 0.52086955308914196 0.20761494338512423 0.92450141906738292 2.5000000000000004 2.1054737567901616 0.54244148731231701 0.13392857462167743 0.46428571641445165 0.23294574022293094 0.32466214895248419 0.053342817351222045
decision_type=2 2 2 2 2 2 2 2 2 2 2 2 2 2 2 2 2 2 2 2 2 2 2 2 2 2 2 2 2 2 2 2 2 2 2 2 2 2 2 2 2 2 2 2 2 2 2 2 2 2 2 2 2 2 2 2 2 2 2 2 2 2
left_child=2 4 7 9 16 11 14 40 19 25 23 13 31 24 48 -16 39 18 61 26 -21 -8 -23 -5 51 -3 -9 28 -25 30 -7 -13 33 34 -12 36 -36 -37 58 -2 46 42 43 44 -42 49 47 -1 -4 -43 -15 52 -6 -27 -55 -46 -57 -24 -20 -44 -32 -18
right_child=1 3 6 10 5 29 21 8 -10 -11 32 12 -14 50 15 -17 17 -19 38 20 -22 22 57 27 -26 53 -28 -29 -30 -31 60 -33 -34 -35 35 37 -38 -39 -40 -41 41 45 59 -45 55 -47 -48 -49 -50 -51 -52 -53 -54 54 -56 56 -58 -59 -60 -61 -62 -63
leaf_value=-0.067315056674135912 0.036291091088943066 -0.020383751346902911 -0.033906570402232238 0.082091641038148172 -0.022942930171421089 0.063640599619804158 0.013185564599835418 0.055484115674609522 -0.065978410871359236 0.080408037692011422 0.077328127980056283 -0.0012022583383660985 -0.049593968379624313 0.064647017974931734 -0.058374750583516363 0.095669080068858187 -0.10437567233882447 0.073926969094858061 0.0023021633590657388 -0.059508190418828016 0.096577427251785045 -0.062083348368082318 0.14326915525440362 0.0016544029105347452 -0.0026819550020196203 0.068551490541873483 -0.055073927178762798 0.068544428990859455 0.092164861818470473 0.08700415994899012 -0.033698141844715875 0.071277893496121417 0.091004705861550586 0.088026858180710307 0.016679635965087619 0.092678792148584266 -0.16429527280603412 -0.024597170384673413 0.056904231671857208 -0.038330778633112711 0.39739849388582471 0.21808969780181003 0.19550209635032698 -0.075318482232668627 -0.036232529420992227 0.15403338195346974 -0.08041209364982331 0.065062250418552653 0.060618131924202262 0.96434826550900332 -0.020135346814192025 0.14032676837890981 -0.071623748552979552 0.054242500708124475 0.0075360140718583645 0.34301232688555272 -0.013584631784576902 -0.050193629244285311 0.078287702222426564 -0.018660376701160494 0.093348611444210514 0.078985224379211169
leaf_weight=149.60036902315915 119.68543674051762 132.65786338597536 27.665181800723076 256.97051180154085 131.28586339205503 211.8546144887805 92.855411235243082 26.497126366943121 585.31995548866689 230.44072046130896 1933.4456395059824 66.620610842481256 94.081709552556276 85.91322360932827 135.14713901281357 50.023383161053061 5.1936970129609099 1092.0517669338733 308.40134165622294 30.506758261471987 73.743415163829923 386.63447613269091 13.905805533751847 190.63931709527969 147.33396117016673 106.09760517627001 102.17943869065493 167.12958298623562 39.141663700342178 110.48983157612383 113.43643532879651 165.20001021027565 6058.9212863892317 2585.4260128065944 40.248302519321442 82.990026585757732 18.395957112312317 26.884958490729332 161.81956306099892 66.698795301839709 1.6163129555061448 0.78525466285645762 8.2374617010354978 565.76232211198658 41.076512387953699 7.4085142929106951 14388.224495991133 30.116573590785265 226.7344648744911 0.75943277403712273 43.882645595818758 5.4039214923977843 281.67614794336259 152.31510024517775 379.04926934838295 3.2286121807992449 4.5794627564027905 7.8504960332065812 36.160345748066902 7.3360595628619185 11.888045430183409 242.85816467925906
leaf_count=8611 746 965 320 1822 1772 1543 1502 225 31198 1638 15229 727 2167 560 4886 439 32 8309 3174 1443 1035 16378 98 1267 1846 593 4820 1015 236 854 2094 1239 51903 21659 292 665 107 178 1088 1207 28 31 92 34895 2029 78 970036 489 2123 10 611 39 9893 743 2076 87 150 162 221 228 71 1586
internal_value=-0.00383069 0.07087 -0.0738423 0.0809513 0.0351711 0.00630245 -0.0122003 -0.0774608 -0.045792 0.0341977 0.0850547 -0.010891 0.0215682 -0.0261011 0.0220732 -0.0167602 0.0560332 0.0607215 0.0416064 0.00493414 0.050902 -0.0422566 -0.0548625 0.0557805 -0.0403458 0.0203703 -0.0323078 0.038746 0.0170723 0.0455309 0.0319406 0.0504485 0.0868359 0.0814474 0.0733546 0.0277658 -0.0400899 0.0639829 0.0251769 0.00958718 -0.0791646 -0.0606982 -0.0647945 -0.068823 0.00394563 0.228384 -0.0799769 -0.0451316 0.0503389 0.584982 0.035983 -0.0536097 -0.0561475 0.0288513 0.0209244 -0.00906344 0.133867 0.0734605 0.0102765 0.0946188 -0.0216467 0.075146
internal_weight=32870.5 15902.7 16967.8 12400.8 3501.94 1469.07 940.816 16027 818.247 1000.56 11400.2 1021.4 325.902 695.496 439.57 185.171 2032.87 1846.48 754.433 232.927 104.25 501.246 408.391 653.881 565.7 770.12 128.677 396.911 229.781 447.669 337.179 231.821 10746.3 4687.39 2101.96 168.519 58.6443 109.875 506.381 186.384 15208.7 640.79 631.837 616.263 50.5009 8.9532 14567.9 179.717 254.4 1.54469 129.796 418.366 412.962 637.462 531.364 48.8846 7.80807 21.7563 344.562 15.5735 125.324 248.052
internal_count=1221560 140167 1081393 100388 39779 23416 25908 1055485 38721 6015 94373 18854 4133 14721 7768 5325 16363 14410 6101 7523 2478 18140 16638 4340 13550 4377 5045 2518 1503 4562 3708 1966 90033 38130 16471 1242 399 843 4483 1953 1016764 37628 37509 37189 2294 119 979136 9100 2443 41 1171 11704 11665 3412 2819 2266 237 260 3395 320 2165 1618
is_linear=0
shrinkage=0.08


Tree=24
num_leaves=63
num_cat=0
split_feature=16 11 9 15 6 8 11 16 11 1 2 1 11 4 9 1 7 4 2 4 6 0 9 0 15 2 5 9 4 1 9 1 11 1 1 2 7 1 0 1 10 16 8 16 10 16 5 4 9 1 6 1 6 2 1 15 10 4 7 1 1 16
split_gain=24354.3 1001.2 576.74 567.078 239.699 187.763 164.032 138.235 146.793 133.431 113.645 78.3029 76.6082 76.4526 73.5875 71.6485 64.4877 64.1508 72.0912 62.5304 58.6882 77.8373 52.3143 51.9786 49.6679 45.559 44.1154 39.7125 39.4887 39.166 36.5757 94.3473 62.9807 39.5116 36.1609 84.7294 35.4462 61.209 34.6249 34.3347 40.6746 33.7517 33.326 31.7981 31.433 31.0387 30.7075 30.2683 29.4058 28.3341 28.319 30.7593 26.1421 24.0234 23.9072 23.7986 34.3905 35.4663 27.7504 23.3983 23.1374 23.1168
threshold=0.69081535935401928 0.43650794029235845 0.75072255730628978 4.5000000000000009 0.13680927455425265 0.7942219376564027 0.31666667759418493 0.61951711773872387 0.31666667759418493 0.82807883620262157 0.93419912457466137 0.982753485441208 0.84523808956146251 0.99350649118423473 0.65012314915657055 0.82807883620262157 1.0000000180025095e-35 0.99350649118423473 0.88273492455482494 0.47673159837722784 0.47913043200969702 0.24283374845981601 0.98255756497383129 0.2014492750167847 14.500000000000002 0.88273492455482494 0.46428571641445165 0.96209374070167553 0.95861870050430309 0.65485891699790966 0.66220691800117504 0.77448415756225597 0.43650794029235845 0.15504807978868487 0.64932429790496837 0.270728349685669 1.0000000180025095e-35 0.81120249629020702 0.7454303801059724 0.12732185423374179 0.51190477609634411 0.75797963142395031 0.76220238208770763 0.56148993968963634 0.21240601688623431 0.88669520616531383 0.13392857462167743 0.77015754580497753 0.9976744055747987 0.79743590950965892 0.76253134012222301 0.97646731138229381 0.54006412625312816 0.32290647923946386 0.92403846979141246 6.5000000000000009 0.10762548446655275 0.7103942632675172 0.54872652888298046 0.22431866079568866 0.88273492455482494 0.74301329255104076
decision_type=2 2 2 2 2 2 2 2 2 2 2 2 2 2 2 2 2 2 2 2 2 2 2 2 2 2 2 2 2 2 2 2 2 2 2 2 2 2 2 2 2 2 2 2 2 2 2 2 2 2 2 2 2 2 2 2 2 2 2 2 2 2
left_child=2 3 7 10 12 9 20 30 16 26 11 17 48 25 61 22 49 47 38 -10 21 24 39 -14 42 50 27 52 -28 45 36 32 -32 -34 35 -8 37 -1 54 -7 -41 -15 43 -4 -13 53 -33 -2 -3 -9 51 -11 -5 -25 -19 56 -18 -58 -59 -29 -23 -12
right_child=1 4 6 5 -6 15 34 8 19 13 14 44 23 41 -16 -17 55 18 -20 -21 -22 60 -24 29 -26 -27 28 59 -30 -31 31 46 33 -35 -36 -37 -38 -39 -40 40 -42 -43 -44 -45 -46 -47 -48 -49 -50 -51 -52 -53 -54 -55 -56 -57 57 58 -60 -61 -62 -63
leaf_value=-0.066248978790774682 0.029374436929648581 0.00018381933346711752 0.11179001391755901 -0.051565170091068299 0.08974746354478072 0.070206576833637971 0.042366129792860446 -0.050908540005594242 -0.04406135253518844 -0.0094290852366053519 -0.010555568662505229 0.043745141416892203 0.078548531545081957 -0.056057255419774549 0.089945652902554532 0.06815974240389959 -0.07561540197572604 0.033170246045743486 0.044834542063344952 0.086120492294697384 0.11398845333568967 -0.073479293469229573 0.074583571896990927 0.03294038243140951 -0.053242823297054161 0.076599531022955233 0.029416217646729359 0.081776885807326935 -0.084013784911896996 0.079391781501316969 -0.072736050460569898 0.2539841580294831 0.11518001666917689 -0.027140174637335864 0.10095095419916791 -0.059528444986916187 -0.080251609359187293 0.057399639175066998 -0.08014296552137852 0.04665802286360541 -0.018369699265460716 0.0023847743033462128 0.085743927803197797 -0.018594827518041444 0.075478943585791963 0.069742466327528466 -0.085670290718635467 0.063175756590201262 0.058552736128612823 0.057291457880380217 0.075473651474143158 0.058220547781163916 0.10984745790987273 -0.021312657910818825 -0.14955204498030245 -0.07528815685176013 -0.05831011592641077 0.0033167319740094493 0.14607769698396328 -0.060073371594381392 0.27130247413994535 0.056412592013737169
leaf_weight=140.23184553533792 370.285789526999 208.52927254885435 13.629740197211502 475.2751159965992 8185.2149892896414 48.69003028050065 252.76575235463679 24.729957591742277 35.335562493652105 162.80459951236844 36.08189133182168 287.46359731256962 566.81975647062063 79.002601500600576 1111.8284171819687 367.84770652279258 76.694647120311856 36.881243398413062 100.05367172136903 71.186745963990688 15.607122376561163 284.55455547384918 93.125578869134188 120.90001177787781 104.47327243536711 142.15522118099034 106.94072559848428 24.486381411552429 24.062128925696015 120.23436247929931 530.33700017444789 8.0181042961776239 17.262415135279298 45.106195752508938 41.208834916353226 65.831925127655268 13307.499426078051 31.350363003090024 75.167107336223125 82.552331373095512 242.10174682363868 317.08195868879557 36.013725424185395 98.357848411425948 654.81117381155491 73.682948343455791 2.1631040908396235 312.76231804490089 75.145653516054153 41.453475832939148 49.334561327472329 58.462297299876809 6.509575728327035 91.973390955477953 5.2329716980457297 459.39349732827395 33.589101580902934 24.245905565097928 13.603501172736285 10.691843323409556 1.2511575669050206 384.87029603123665
leaf_count=8611 2752 1523 283 13569 75758 276 1608 998 1222 1443 540 1805 4128 2152 9724 2707 4413 209 684 541 98 15636 599 637 4039 910 832 126 288 816 35538 61 144 1827 339 1596 970036 489 449 1018 2930 2260 407 1895 5134 441 58 2075 496 406 317 382 41 599 32 28702 1679 623 137 134 7 2381
internal_value=-0.0037922 0.0687987 -0.0733148 0.042215 0.0847519 0.011497 -0.0116234 -0.0771074 -0.0443298 -0.00583442 0.0630652 0.0496772 0.0522299 0.0158357 0.0791599 0.0417596 -0.0581277 0.0328065 -0.00504979 0.0429366 -0.0389432 -0.0433774 0.0209411 0.0628892 -0.0110101 0.0399293 -0.0328848 -0.0433928 0.00858181 0.0410696 -0.0789235 -0.0596453 -0.0637931 0.0122513 0.0304328 0.0213116 -0.0797858 -0.0436567 -0.0476065 0.00756073 -0.00183459 -0.00927201 0.0188017 -0.002726 0.0657978 0.0249903 0.181821 0.0448518 0.0156458 0.0168617 0.0206653 0.00844504 -0.0493843 0.00949999 0.0104658 -0.066297 -0.0384134 0.0015258 0.0546266 0.0386638 -0.07197 0.0506724
internal_weight=30885 15109.1 15775.9 5666.56 9442.5 2291.12 913.694 14862.2 780.232 1456.81 3375.44 1842.66 1257.29 808.841 1532.78 834.317 673.71 900.383 217.335 106.522 553.887 538.28 466.47 973.61 252.475 412.757 647.966 516.963 131.003 406.791 14082 602.887 592.706 62.3686 359.807 318.598 13479.1 171.582 117.281 373.344 324.654 396.085 148.001 111.988 942.275 286.556 10.1812 683.048 283.675 66.1834 270.601 221.267 481.785 212.873 42.1142 607.527 148.133 71.4385 37.8494 35.1782 285.806 420.952
internal_count=1221560 140167 1081393 55769 84398 29984 25908 1055485 38721 22454 25785 13140 8640 7464 12645 7530 36958 6201 1374 1763 22365 22267 4823 6621 6624 3052 14990 13870 1120 2493 1016764 37628 37509 1971 3543 3204 979136 9100 690 4224 3948 4412 2585 2178 6939 1677 119 4827 2019 1404 2142 1825 13610 1236 241 35554 6852 2439 760 260 15643 2921
is_linear=0
shrinkage=0.08


Tree=25
num_leaves=63
num_cat=0
split_feature=16 11 9 16 6 14 11 16 11 9 14 6 2 14 1 7 1 11 9 2 1 3 6 4 14 1 14 6 9 14 3 1 7 0 2 6 6 2 0 2 1 1 16 16 2 8 1 0 14 0 3 2 4 3 14 14 14 9 0 14 0 7
split_gain=22095 982.556 559.675 500.745 250.172 177.187 144.872 138.382 132.378 132.351 126.859 97.2838 84.8533 80.9932 74.9613 60.4363 55.1923 54.6417 53.4037 43.7203 47.0151 43.1455 46.6463 40.4476 105.77 48.3772 46.0826 37.7157 37.475 87.8531 45.4725 62.3712 36.376 56.343 33.8496 32.5426 31.755 31.5709 28.6734 28.6523 41.9443 28.0575 28.0352 27.4299 27.306 27.2892 26.6921 58.4664 26.6079 26.3672 26.3253 38.0946 33.4865 25.9599 25.6386 25.033 25.0163 24.6217 26.0837 24.273 23.4142 22.8444
threshold=0.69081535935401928 0.43650794029235845 0.75072255730628978 0.83375209569931041 0.13680927455425265 16.569128990173343 0.43650794029235845 0.61951711773872387 0.31666667759418493 0.64303660392761242 2.1429483890533452 0.47913043200969702 0.90501254796981823 1.5790911912918093 0.15047170221805575 1.0000000180025095e-35 0.84273937344551098 0.86607143282890331 0.98255756497383129 0.81120249629020702 0.12732185423374179 0.25143678486347204 0.28416149318218237 0.99350649118423473 15.703504562377931 0.82807883620262157 4.5504581928253183 0.036038961261510856 0.66220691800117504 2.1762032508850102 0.23294574022293094 0.77448415756225597 1.0000000180025095e-35 0.73942822217941295 0.93643954396247875 0.53452381491661083 0.43874999880790716 0.087595909833908095 0.087595909833908095 0.92390406131744396 0.97467949986457836 0.95488464832305919 0.549086093902588 0.60112446546554577 0.88273492455482494 0.76220238208770763 0.64932429790496837 0.29459981620311743 16.099511146545414 0.77849927544593822 0.77032968401908886 0.32290647923946386 0.4246212244033814 0.6820855736732484 3.0497906208038335 4.1410288810729989 3.0497906208038335 0.53361582756042492 0.89022758603096019 6.803347349166871 0.6832355558872224 0.47793175280094152
decision_type=2 2 2 2 2 2 2 2 2 2 2 2 2 2 2 2 2 2 2 2 2 2 2 2 2 2 2 2 2 2 2 2 2 2 2 2 2 2 2 2 2 2 2 2 2 2 2 2 2 2 2 2 2 2 2 2 2 2 2 2 2 2
left_child=2 3 7 10 14 9 13 28 15 34 11 19 18 36 -3 49 56 55 27 20 -2 37 -23 25 -25 26 -12 59 32 35 42 -32 33 54 60 -30 -4 -15 -19 40 44 -26 -31 -39 -7 -45 47 -8 -17 -9 51 -40 -53 -13 -1 -16 -10 58 -43 -11 -5 -50
right_child=1 4 6 5 -6 39 46 8 16 12 23 53 -14 21 17 48 -18 38 -20 -21 -22 22 -24 24 41 -27 -28 -29 29 30 31 -33 -34 -35 -36 -37 -38 43 50 -41 -42 57 -44 45 -46 -47 -48 -49 61 -51 -52 52 -54 -55 -56 -57 -58 -59 -60 -61 -62 -63
leaf_value=-0.069563822080484145 0.047743034785333378 0.077248246269634127 -0.06584776174805107 -0.052597303789738911 0.088665119189839811 -0.023857987223240788 0.040788548605286537 -0.011113833388370633 -0.0398577966828828 -0.037051928540835707 0.0034352994127008437 0.11044727413474999 0.08319584853848927 -0.063837991817545042 -0.021269162585547573 -0.06858079856051727 0.10749892857231882 -0.13354114342232609 0.077523725278345265 0.061987963622257107 -0.048394666962564788 -0.064924916060060317 0.07604822532492668 -0.035148440961749502 -0.018462167714696942 0.062374654805144029 0.058879697992971214 0.039139308657305652 -0.072511907271918169 0.19497853528068526 -0.060366115068841819 0.22151434669739994 -0.080093225870374707 0.12517196442010184 0.035364708021655276 0.17837579360233249 0.11962475193811106 0.10115759349617826 0.057061159293004877 0.087570494767120019 0.074885610397331909 0.075411510039433194 0.032920676065581966 -0.011852281994447687 0.063110316729000998 0.077975473295415029 0.09796052117819129 -0.05890459336352695 -0.035927048525920539 0.11145759148878037 0.097084332488073508 -0.013410594271650483 0.064438078567674098 0.022172831717305223 0.02036431073427206 0.040685074673528096 0.077390641401551163 0.075520629350002103 -0.043664610084749964 0.072143071714700163 0.0077406011440549431 0.14690562385852127
leaf_weight=127.97979276627302 34.937643621116877 415.20707675069571 307.90909739676863 46.118969775736332 7644.3793583847582 51.102000162005424 229.65955344960093 51.857708167284727 45.206050840206444 71.112011913210154 345.47617598623037 26.761897701770067 519.93096665292978 21.862540435045958 132.13919830322266 549.68791238311678 44.580409713089466 5.5714309513568869 218.06656946241856 27.340025817975402 477.5574973616749 88.600921439006925 18.088728781789541 226.21322970464826 38.440276250243187 247.96847292967141 132.82712653838098 628.07673518918455 489.05176617298275 12.091069160960616 40.987458380870521 5.7256034072488537 12307.688051954843 11.939618686214088 328.96399500966072 3.3313645627349606 6.0234704166650763 34.581270672380924 376.22259874269366 931.39282400906086 411.11829398572445 20.852058917284012 15.707007976248859 64.698715785518289 42.174453943967819 32.526091212406754 35.719074226915836 45.031442366540432 12.769163170829417 14.337697152048348 64.510348252952099 113.16045723110437 51.437081590294838 104.8770751375705 24.112970277667046 61.012219168245792 15.687990117818115 126.61048220843077 27.041074452921748 15.951007470488547 382.81935215741396 6.65231162123382
leaf_count=8197 340 3135 16410 357 75758 252 1372 1323 1301 655 3989 180 4590 322 1066 35108 299 36 1586 203 14295 4690 138 3819 232 1605 846 4242 34144 296 2541 54 970036 88 1687 29 42 464 2462 8589 3414 123 564 966 271 320 305 879 406 81 513 708 328 806 815 392 163 937 335 92 2324 40
internal_value=-0.00375146 0.0668305 -0.072809 0.040214 0.0832975 0.0573712 -0.0111286 -0.0767691 -0.0431346 0.0431612 0.00615168 -0.0215455 0.0572966 -0.0349291 0.0496444 -0.0569141 0.039864 0.0353899 0.042867 -0.0365824 -0.0418408 -0.00193919 -0.0410236 0.0221097 0.00294363 0.0336989 0.0188325 0.0322992 -0.0786801 -0.0585633 0.0223944 -0.0258161 -0.0795944 -0.0421698 0.0160591 -0.0708145 -0.0622891 0.0251965 0.0471165 0.0792539 0.063897 0.0434094 0.103409 0.0399645 0.0154643 0.0181992 0.0329048 0.0244454 -0.0653293 0.0154347 0.0487793 0.0430174 0.0109173 0.0401188 -0.0553065 -0.0016992 -0.00965135 0.0570386 0.00817961 -0.0170461 0.00125314 0.0266974
internal_weight=29011.5 14347.4 14664.1 5483.73 8863.64 3646.83 884.701 13779.4 740.779 2211.04 1836.9 671.474 1453.14 574.291 1219.26 635.305 105.474 804.053 933.206 539.835 512.495 260.358 106.69 1165.43 439.157 726.272 478.303 715.14 13038.6 566.894 74.5111 46.7131 12471.7 164.032 757.902 492.383 313.933 153.669 610.902 1435.79 504.395 212.944 27.7981 131.806 93.2765 97.2248 310.41 274.691 569.109 66.1954 605.33 540.82 164.598 131.639 152.093 193.151 60.894 174.504 47.8931 87.063 428.938 19.4215
internal_count=1221560 140167 1081393 55769 84398 28059 25908 1055485 38721 15533 27710 15824 11165 23352 8640 36958 1763 5505 6575 14838 14635 6900 4828 11886 5446 6440 4835 4989 1016764 37628 3455 2595 979136 9100 4368 34173 16452 2072 4047 12526 3937 1627 860 1750 523 1286 2556 2251 35554 1404 4011 3498 1036 986 9012 1458 1464 1395 458 747 2681 446
is_linear=0
shrinkage=0.08


Tree=26
num_leaves=63
num_cat=0
split_feature=9 1 6 9 7 11 0 11 0 14 3 9 6 3 7 3 11 1 14 11 9 5 5 5 1 7 11 9 10 0 0 8 0 1 14 14 4 5 1 14 8 11 0 6 14 7 9 1 9 11 1 14 5 7 14 14 8 5 6 8 4 8
split_gain=16989.1 2043.91 1754.88 624.079 966.426 528.52 272.405 200.161 134.011 131.384 131.057 266.009 186.222 101.64 109.476 92.7373 89.5146 87.3912 87.1146 78.3173 74.8346 64.647 89.8806 63.7199 60.7384 54.9228 44.5431 44.0945 46.7923 43.2518 39.4891 37.0906 33.3405 50.145 32.6589 44.2307 40.8966 36.5383 32.6419 32.0107 32.5725 31.5617 29.3455 37.4804 56.3412 28.82 28.6237 28.9779 27.4933 68.9643 29.9783 29.9367 26.8303 26.3969 26.2606 25.3453 23.6232 21.9836 31.9716 30.1876 26.7452 30.4884
threshold=0.73097601532936107 0.82426470518112194 0.10923295468091966 0.53196728229522716 1.0000000180025095e-35 0.64583334326744091 0.2237871661782265 0.43650794029235845 0.92907443642616283 3.4061220884323125 0.65261757373809826 0.65396711230278026 0.4743421077728272 0.78456193208694469 0.58451548218727123 0.75147059559822094 0.31666667759418493 0.15504807978868487 16.569128990173343 0.31666667759418493 0.98255756497383129 0.095454547554254546 0.30952382087707525 0.23611111193895343 0.982753485441208 1.0000000180025095e-35 0.19090909510850909 0.9976744055747987 0.97826087474823009 0.092665474861860289 0.080540537834167494 0.88078150153160106 0.27812939882278448 0.77448415756225597 15.703504562377931 9.9774074554443377 0.71535181999206554 0.17424242943525317 0.88047617673873912 1.3954431414604189 0.54292181134223949 0.38750000298023229 0.62988328933715831 0.92450141906738292 0.74096721410751354 0.51867347955703746 0.9034201204776765 0.93127068877220165 0.66220691800117504 0.64583334326744091 0.12276295199990274 3.4883683919906621 0.23611111193895343 0.84898874163627636 15.172973155975344 2.2675398588180546 0.7942219376564027 0.30952382087707525 0.2524509876966477 0.66352924704551708 0.067231640219688429 0.51871871948242199
decision_type=2 2 2 2 2 2 2 2 2 2 2 2 2 2 2 2 2 2 2 2 2 2 2 2 2 2 2 2 2 2 2 2 2 2 2 2 2 2 2 2 2 2 2 2 2 2 2 2 2 2 2 2 2 2 2 2 2 2 2 2 2 2
left_child=1 13 5 4 18 6 9 8 21 20 11 12 26 48 25 23 34 -7 42 45 30 -4 38 31 27 -15 -5 28 46 -19 -2 -8 -31 52 35 36 -12 -38 -23 53 -41 -27 -3 44 -44 -6 47 -24 -1 55 -51 -52 56 -32 -45 -50 -34 60 59 -59 61 -57
right_child=2 3 7 10 19 17 15 -9 -10 -11 16 -13 -14 14 -16 -17 -18 29 -20 -21 -22 22 24 -25 -26 41 -28 -29 -30 32 39 -33 33 -35 -36 -37 37 -39 -40 40 -42 -43 43 54 -46 -47 -48 -49 49 50 51 -53 -54 -55 -56 57 -58 58 -60 -61 -62 -63
leaf_value=-0.079816526977090796 -0.071124714885047416 -0.045845998893650243 0.097706467961513277 -0.081216879106362591 -0.077526298773088281 0.078709070432262357 -0.067877711553322714 0.087714651533709415 0.086710198079127068 0.059677721044615224 -0.035330919234611034 0.17707474513182078 2.0236208542495029 -0.0030849100901728689 0.085701823595189769 0.060367421855840847 0.096315199880141256 -0.12511152992644906 0.078006846616309758 0.034104921100642185 0.071013320021588652 -0.082616125317721528 0.026411812410572971 0.093131233754310649 0.067280960816285332 -0.074972770316086929 1.0981690139825151 0.086329991645749588 -0.1302930160227144 0.051105201362626203 -0.044004751428145285 -0.012004788180343741 -0.048423472264955539 0.090079876915674539 0.0670925637144692 -0.029821624007778984 0.32571219852214706 0.064663324006472525 0.061822986587653894 0.093028956679383282 -0.00097952628948626253 0.026178400906003249 -0.038310171233597 -0.004626879365367949 0.067583074071487018 0.046148942115360338 0.049202250798653493 -0.036536842941096541 -0.075643527194136903 0.23989659960942203 -0.027112020639229285 0.13787294178418344 0.087513466678181065 0.068177026475983282 0.028180582276469527 0.35276285559753051 0.0092093486564876655 0.059160076096809365 -0.022747820821087283 0.53274394111407897 -0.067899908681600341 0.0076556903064819836
leaf_weight=10597.168319137767 77.749627935700119 40.359231945127249 165.37522025965154 0.52004916872829088 1122.2514110989869 441.16812143474817 686.78761701192707 6941.3337051533163 962.50612888485193 260.30368484556675 28.38877613004297 11.377455509267746 0.9159562885761261 107.77999036666006 39.778101744130254 44.53893125616014 285.11210275348276 10.835896618664263 209.79254735261202 42.749760251492262 67.437689401209354 46.476819983683527 436.903025935404 17.396409038454294 672.32222112268209 316.87562921456993 0.33825598191469908 99.857207968831062 11.47320771217346 402.38451658561826 169.76368001848459 85.506938772276044 61.339777564629912 49.340805035084486 120.54844605736434 83.580160382203758 3.5893229702487579 78.043086048215628 12.763364575803278 26.110263831913471 244.21556286886334 21.054098413325846 38.219745732843876 279.346042573452 202.70176498964429 12.18988547567278 367.95463883318007 52.418273724615574 522.87621258664876 4.1826075650751582 28.172207272611558 9.3830948593094927 21.5759546905756 14.57689383998513 354.0641105696559 2.0032246690243474 176.46405017748475 1.8194503020495161 5.9315274506807327 1.635968188755214 47.612455312162638 8.9948210697621089
leaf_count=895716 1566 516 1258 38 85503 3375 33515 73779 9476 1612 935 76 27 1142 495 466 2772 61 1653 1007 392 693 3127 124 5751 23707 12 816 81 2713 5923 1358 866 341 963 1060 26 737 87 316 3180 410 367 1735 1283 425 2674 341 38835 28 1152 111 165 140 2007 29 1084 49 138 18 2948 360
internal_value=-0.00370813 -0.0623864 0.0642758 -0.00243033 -0.0215271 0.00913078 -0.0193749 0.0804055 0.0624654 0.0122147 0.0693422 0.319155 1.23024 -0.0773 -0.041462 -0.0519464 0.0638596 0.0506572 0.0315124 -0.0721917 -0.00838163 0.0499566 0.045312 -0.0582809 0.0488069 -0.052811 0.383576 0.0359839 0.0301969 0.033515 -0.0184381 -0.0616916 0.0359322 0.0161558 0.034404 0.0140501 0.0473782 0.0761415 -0.0514966 -0.00942846 0.00810058 -0.0686707 0.0208485 0.0239271 0.0507842 -0.0761974 0.0323448 0.0196685 -0.0788494 -0.0626483 0.0367355 0.014109 0.00209353 -0.0351339 0.0137119 -0.0696685 -0.00565662 -0.0237229 0.08994 0.283378 -0.0419269 0.0705148
internal_weight=27256.2 14629.4 12626.9 2914.09 2301.67 2857.5 1694.39 9769.38 2828.05 860.157 612.414 13.1517 1.77426 11715.3 485.488 834.23 599.262 1163.11 1124.48 1177.19 599.854 1865.54 1700.17 789.691 1640.93 445.71 0.858305 968.606 868.749 721.941 532.416 772.295 711.105 308.721 314.15 193.601 110.021 81.6324 59.2402 454.666 270.326 337.93 914.691 874.332 240.922 1134.44 857.276 489.321 11229.8 632.612 41.7379 37.5553 259.38 184.341 633.41 590.874 237.804 67.9974 9.38695 3.45542 58.6105 10.998
internal_count=1221560 1066280 155280 101142 94496 57197 48592 98083 24304 13129 6646 153 77 965138 25754 35463 6493 8605 7561 86935 11517 14828 13570 34997 12790 25259 50 7039 6223 5230 11125 34873 5169 2456 3721 2758 1698 763 780 9559 3496 24117 5908 5392 1650 85928 6142 3468 939384 43668 1291 1263 2115 6063 3742 42377 1950 3542 205 67 3337 389
is_linear=0
shrinkage=0.08


Tree=27
num_leaves=63
num_cat=0
split_feature=16 11 9 15 6 16 7 11 14 4 11 14 14 1 7 4 7 2 1 2 11 15 2 1 7 1 4 2 14 14 1 1 2 10 7 9 11 1 1 6 3 1 6 2 2 9 9 2 4 5 4 14 14 9 10 2 16 1 14 9 1 2
split_gain=18215.8 934.691 521.822 446.793 264.619 138.896 133.527 133.138 122.096 107.681 106.229 76.6362 68.8459 67.9187 66.8888 63.2166 54.1662 50.7773 58.0699 47.3852 43.4401 42.5265 42.4963 41.4884 37.1924 49.2099 36.9918 52.4909 38.0764 35.9284 35.6739 33.2439 60.9859 33.1527 32.9128 30.3475 72.7541 40.8878 38.9801 29.0431 28.6152 28.5467 27.3656 27.1928 26.5869 26.4369 25.7838 25.6993 28.3219 25.064 35.9276 24.8019 23.3951 23.352 37.3088 22.999 22.7862 26.6098 22.6527 22.6512 21.6072 21.041
threshold=0.69081535935401928 0.43650794029235845 0.73717105388641369 4.5000000000000009 0.13680927455425265 0.61951711773872387 0.81337305903434765 0.31666667759418493 15.636798381805422 0.58123165369033825 0.31666667759418493 1.5790911912918093 2.1429483890533452 0.17519181966781619 0.62755528092384349 0.99350649118423473 1.0000000180025095e-35 0.96051946282386791 0.94804319739341747 0.87570226192474376 0.86607143282890331 9.5000000000000018 0.270728349685669 0.85053193569183361 1.0000000180025095e-35 0.81120249629020702 0.99350649118423473 0.91734972596168529 1.0505385398864748 16.569128990173343 0.97182539105415355 0.70659971237182628 0.2674796879291535 0.69615384936332714 1.0000000180025095e-35 0.66220691800117504 0.43650794029235845 0.64051282405853283 0.16064515709877017 0.53452381491661083 0.77032968401908886 0.84273937344551098 0.72318005561828624 0.90999102592468273 0.84660634398460399 0.9976744055747987 0.78287062048912059 0.32290647923946386 0.4246212244033814 0.38750000298023229 0.12632978707551959 16.099511146545414 1.0505385398864748 0.98255756497383129 0.97826087474823009 0.080540537834167494 0.43145391345024114 0.12732185423374179 5.3272314071655282 0.96209374070167553 0.49675324559211737 0.63373982906341564
decision_type=2 2 2 2 2 2 2 2 2 2 2 2 2 2 2 2 2 2 2 2 2 2 2 2 2 2 2 2 2 2 2 2 2 2 2 2 2 2 2 2 2 2 2 2 2 2 2 2 2 2 2 2 2 2 2 2 2 2 2 2 2 2
left_child=2 3 5 8 13 24 9 11 15 12 16 41 59 33 26 19 61 18 44 42 -15 -12 -13 -24 25 -1 27 28 -11 34 -17 32 52 -3 -28 -26 39 38 -38 56 47 -4 45 53 -10 -2 -32 60 -49 50 -14 -18 -9 54 -8 -54 57 -37 -58 -5 -22 -7
right_child=1 4 7 6 -6 10 43 31 17 14 21 22 49 20 -16 30 51 -19 -20 -21 40 -23 23 -25 35 -27 29 -29 -30 -31 46 -33 -34 -35 -36 36 37 -39 -40 -41 -42 -43 -44 -45 -46 -47 -48 48 -50 -51 -52 -53 55 -55 -56 -57 58 -59 -60 -61 -62 -63
leaf_value=-0.062744176261013362 0.024081079619655919 0.02947784309365193 -0.067310532242359375 -0.061386652111879506 0.086745455792988993 -0.048533939577258149 0.030984414054578614 -0.012026738576093349 -0.044562428498383912 -0.035172518692258646 0.079382331569703826 0.022062828493096154 0.027323396083465963 -0.0050672773777311695 0.05029145928024862 -0.030699532145822609 -0.066619643101409012 0.084418395928485296 0.065352166993530483 0.078767168799793355 0.039008203805607967 -0.033097392028431524 -0.063169890422861655 0.11761521495042633 -0.079787569526701727 0.049644014091173777 -0.010246597029760196 0.075858968527193427 0.021326149165921123 0.055932926329025627 0.017080371135946983 0.098402417888810004 -0.050080728501674915 0.081783586495909472 -0.066810163986186014 0.66005377118850239 0.11380627640276797 0.23061193174640549 -0.043940364627847908 0.16660617862240865 0.094492007955595578 0.12404880752509929 0.074600622098981259 0.087112296864733152 0.03525493284780809 0.075432196485741426 0.081193799685230772 -0.013537596946106083 0.059389819786712011 0.081978050288755974 -0.039393226678024404 0.027580752811077497 -0.064334473905439657 0.071070936814579003 -0.12892045322018239 0.053314073836277356 -0.074745247221644981 0.035849969892885386 0.38794350876526362 0.015389206162009171 0.097223524777404757 0.047963544084689662
leaf_weight=115.15826436318457 453.86174025200307 100.58935513347387 311.42417401913553 296.32857557944953 6652.0241564009339 21.877296667546034 329.85123198386282 55.201545502990484 45.298864357173443 108.46384981274605 59.863456792198122 149.12786134332418 101.94867247901857 173.20065024681389 231.91348151862621 90.815369063988328 452.42572277318686 881.0043342076242 636.83954867534339 273.38737266138196 266.01411519944668 33.579697267152369 86.753105050884187 8.9636318907141668 10537.403489425778 31.824551843106747 263.48984746821225 80.726503977552056 257.77049697749317 39.675710864365101 302.31717002391815 34.734006378799677 70.055083283223212 338.64267356693745 87.767239535227418 0.53569765202701036 14.54652410559356 5.7804768672212949 32.256491638720036 3.2847324497997752 57.240487411618233 5.0704928990453473 113.72098719701171 79.832206934690475 65.081356983631849 74.728517737239599 46.291873194277287 112.09217684715986 48.97145813703537 22.755983795970678 104.72172525338829 18.624264067038894 11.263143265619872 96.414543218910694 9.6103772763162834 190.52738228812814 388.39667184092104 2.3744892282411456 0.67839007917791505 26.819474456831813 48.197043038904667 42.662810704670846
leaf_count=8611 3437 615 19669 11899 75758 858 3247 446 223 1370 595 2644 691 1374 1685 675 33095 9061 5781 2485 1759 971 5084 60 970036 489 1922 577 1835 284 1817 325 1921 3015 2399 21 134 45 1623 48 513 36 877 770 408 585 436 708 328 137 2116 446 81 738 86 1237 32214 139 19 228 328 546
internal_value=-0.00367447 0.0631908 -0.0717734 0.0366395 0.0806311 -0.0763192 0.00872776 -0.0138553 0.0566431 -0.0025439 -0.0397461 -0.0382458 -0.0312214 0.0451071 0.0122685 0.038903 -0.053478 0.0714076 0.0560674 0.0508727 0.0297353 0.0389617 -0.00463862 -0.0462398 -0.0783858 -0.03841 0.00174449 0.0174649 0.00459352 -0.016229 0.0139599 0.0239891 0.016086 0.0698049 -0.0243799 -0.0789207 -0.0585247 0.0298795 0.00508779 -0.0702853 0.0410549 -0.0642448 0.0389999 0.0441876 0.00249874 0.0313408 0.025594 0.0346191 0.00863601 0.00229158 -0.00648251 -0.0628952 0.0341228 0.0363258 0.0264574 0.0467474 -0.0722704 0.150751 -0.0739385 -0.0550147 0.0479379 0.0152536
internal_weight=25602.8 12918.4 12684.4 5121.44 7796.97 11761.3 2138.09 923.12 2983.35 1622.38 629.033 561.339 552.574 1144.95 1069.81 1355.12 535.59 1628.22 747.22 915.699 705.716 93.4432 244.845 95.7167 11132.2 146.983 837.894 446.961 366.234 390.933 439.424 361.781 327.047 439.232 351.257 10985.3 447.853 52.5835 46.803 395.27 532.515 316.495 642.311 515.708 110.38 528.59 348.609 475.275 161.064 229.426 206.67 471.05 256.992 435.876 339.462 201.791 391.985 2.91019 389.075 323.148 314.211 64.5401
internal_count=1221560 140167 1081393 55769 84398 1049890 29984 31503 25785 25143 36511 27493 15071 8640 10072 10312 34945 15473 6412 7384 5010 1566 7788 5144 1013379 9100 8387 3782 3205 4605 2928 4010 3685 3630 4321 1004279 34243 1802 1757 32441 3636 19705 4899 4841 631 4022 2253 3123 1036 2944 2807 33541 1764 4071 3333 1318 32393 160 32233 12127 2087 1404
is_linear=0
shrinkage=0.08


Tree=28
num_leaves=63
num_cat=0
split_feature=16 11 16 15 11 6 8 14 1 15 2 6 1 15 1 2 10 14 2 8 2 11 4 14 16 2 3 1 14 6 8 10 1 14 3 8 8 2 1 2 0 10 14 11 14 6 4 14 8 0 16 1 15 1 2 8 0 1 4 3 5 0
split_gain=16520.4 912.319 424.89 402.401 276.85 273.313 125.892 121.333 102.21 86.8934 86.5996 73.645 65.769 63.6463 61.4491 53.9804 49.7877 43.8959 47.9677 42.3138 70.2905 40.9166 40.3399 36.2964 38.8609 47.8997 57.4427 36.1296 35.3648 38.9824 34.4207 47.0649 43.6765 36.7715 34.1283 33.891 33.0079 31.6862 40.5018 38.0302 34.0353 30.7432 30.4209 30.3275 29.625 28.0219 28.1162 26.1431 26.0936 36.8501 25.5605 25.5021 25.0978 25.0602 25.218 24.0054 23.2083 22.9315 61.0138 40.0111 71.3898 50.1369
threshold=0.69081535935401928 0.43650794029235845 0.59599304199218761 4.5000000000000009 0.31666667759418493 0.13680927455425265 0.78364446759223949 16.569128990173343 0.14160401374101642 10.500000000000002 0.71516755223274242 0.10380747169256212 0.14415584504604342 9.5000000000000018 0.82807883620262157 0.28708791732788091 0.15192308276891711 9.9774074554443377 0.88273492455482494 0.62753301858901989 0.92907443642616283 0.86607143282890331 0.54446640610694896 1.132088363170624 0.61951711773872387 0.75974681973457348 0.88303694128990184 0.13446328043937686 2.1762032508850102 0.55217784643173229 1.0000000180025095e-35 0.075498577207326903 0.81120249629020702 6.803347349166871 0.72046512365341198 0.76220238208770763 0.97789987921714794 0.96051946282386791 0.95861870050430309 0.88273492455482494 0.78629976511001598 0.3717105239629746 16.569128990173343 0.86607143282890331 2.7150980234146123 0.52419984340667736 0.83438816666603099 15.2471981048584 1.0000000180025095e-35 0.80982521176338207 0.85893502831459057 0.13446328043937686 8.5000000000000018 0.65485891699790966 0.2674796879291535 1.0000000180025095e-35 0.053342817351222045 0.982753485441208 0.99350649118423473 0.99438202381134044 0.84523808956146251 0.73942822217941295
decision_type=2 2 2 2 2 2 2 2 2 2 2 2 2 2 2 2 2 2 2 2 2 2 2 2 2 2 2 2 2 2 2 2 2 2 2 2 2 2 2 2 2 2 2 2 2 2 2 2 2 2 2 2 2 2 2 2 2 2 2 2 2 2
left_child=2 3 8 7 13 12 10 19 9 16 28 15 -3 30 27 -6 -1 18 44 -2 57 -14 -17 -13 25 -25 -27 56 29 -5 -4 -32 35 45 36 -33 -29 38 39 40 -9 48 55 -11 -12 46 -34 -35 49 -10 -23 -15 53 54 -43 -19 -8 58 59 -21 61 -61
right_child=1 5 4 6 11 -7 14 37 41 43 17 23 21 51 -16 22 -18 42 -20 20 -22 50 -24 24 -26 26 -28 34 -30 -31 31 32 33 47 -36 -37 -38 -39 -40 -41 -42 52 -44 -45 -46 -47 -48 -49 -50 -51 -52 -53 -54 -55 -56 -57 -58 -59 -60 60 -62 -63
leaf_value=-0.070092965852454642 0.023222620587845254 0.072444722714526344 0.04327033531294025 -0.055911582425216391 0.024936134979732825 0.085881780193685628 -0.11910266233523487 0.031416627814696944 -0.052929395311664518 -0.064773784804202358 -0.010620635295476974 -0.02244992711021436 -0.0018905041247826071 -0.00019819197354150781 0.060081965810457647 -0.064631825612325708 0.090734869025001372 -0.0051811841907360443 0.063951125067436831 0.039772174196521397 0.086879497145058354 0.026701622601397537 0.39029713926281051 0.20779237685050675 0.086638374501591134 1.509632369037905 0.13719036783903901 -0.018188062863807489 -0.0069801877589902982 0.06734549921769338 -0.078118572558791954 -0.048321500913008048 -0.025760273628440515 -0.082574811263475656 0.045053763840939683 0.033973988606190768 0.080399043229398337 0.084487039477036258 0.069499674186265986 0.066025907292087377 -0.086677287474984044 0.071413846661642882 0.054508224274382622 0.032813546490722524 0.048375529894328417 0.20957115882191824 0.45836526701803393 0.05599028489110075 -0.07937782226665234 0.14222148997156028 0.060754660485709974 -0.068759337502509441 -0.060424173714435238 0.36281306912350547 -0.08216167618151074 -0.054220647836191106 0.073341244107675979 0.061799964296284697 -0.11790918395268213 0.045286151598520848 0.08802209832322673 -0.23638394709238009
leaf_weight=16.382144863717258 618.35095252469182 334.97326653450727 40.803881364874542 296.68691124022007 206.38256353326142 6199.8353945510462 4.2325542997568837 32.397132053971291 120.78478605113924 188.9542501680553 180.94848287198693 17.940524931997061 193.04854448884726 36.478349642828107 326.01526441052556 68.705541426315904 49.670918834395707 240.10380025021732 150.36339116096497 488.44098645821214 246.66556590795517 345.82959340512753 1.270532565191387 6.5689479326829305 84.99021568428725 0.41832089610397805 0.36588967870920897 257.18057093303651 215.04105860181153 17.384192815050483 109.90952154994011 169.26776991132647 7.8630232010036725 15.135532907210289 97.614257771521807 39.500561892054975 23.741347320377827 680.77082016319036 481.75251666456461 54.214035578072071 30.159160777926445 17.351053549908109 41.462998360395432 22.845337817445397 77.936775961890817 12.129069076851009 0.850826478563249 20.540163818746805 9736.7261644499376 6.5273143276572219 238.26336983591318 720.99492138717324 71.502654686570168 1.3559482730925072 11.299245789647101 87.044760826975107 76.50139594823122 184.06298633664846 17.483707122504711 5.799999192357066 13.700846165418623 13.361770190298556
leaf_count=1562 4200 2958 523 11408 1796 75758 32 160 8518 16359 1686 298 1500 1060 2835 2815 1302 1662 1044 3904 2692 2316 14 145 685 17 24 3924 2718 128 9415 9193 280 867 696 1005 165 7585 4705 420 147 353 310 801 472 147 11 545 961633 32 1866 56391 4878 13 711 2403 501 1663 90 37 111 71
internal_value=-0.00362799 0.0613665 -0.0711987 0.0348804 -0.0323062 0.0793311 0.00820432 0.0543469 -0.0771222 -0.0292638 -0.00700683 0.0264043 0.042812 -0.0516505 0.0335207 0.00434835 0.0508472 0.00997709 0.0280132 0.0395751 0.0500046 0.0300394 -0.0563718 0.0816741 0.101903 0.278341 0.869291 0.014666 -0.0319753 -0.0490892 -0.0265098 -0.0340986 -0.015861 0.0465258 0.00430356 -0.0327506 -0.00985624 0.0726817 0.059254 0.016984 -0.0255179 -0.0784566 -0.0100474 -0.0542477 0.00714002 0.130948 0.0215101 -0.00279642 -0.0789073 -0.042924 0.0405925 -0.0654576 -0.034655 0.026751 0.010846 -0.0182292 0.0632522 0.0374214 0.0290931 0.0340233 -0.0514223 -0.151126
internal_weight=24074.9 12271.4 11803.5 4959.42 1560.12 7311.95 2092.26 2867.16 10243.4 277.853 1306.97 386.643 1112.11 1173.47 785.285 276.359 66.0531 777.86 409.249 1587.87 969.516 777.142 69.9761 110.284 92.3434 7.35316 0.784211 459.27 529.112 314.071 416 375.196 265.287 56.5186 378.536 208.768 280.922 1279.29 598.523 116.77 62.5563 9965.55 368.612 211.8 258.885 20.8429 8.71385 35.6757 9864.04 127.312 584.093 757.473 101.509 30.0062 28.6503 327.149 80.734 722.85 538.787 521.304 32.8626 19.1618
internal_count=1221560 140167 1081393 55769 85231 84398 29984 25785 996162 20024 21831 5794 8640 79437 8153 4625 2864 7577 3202 12768 8568 5682 2829 1169 871 186 41 5318 14254 11536 21986 21463 12048 1850 4785 10198 4089 13017 5432 727 307 976138 4375 17160 2158 438 291 1412 970183 8550 4182 57451 5955 1077 1064 4065 533 5876 4213 4123 219 108
is_linear=0
shrinkage=0.08


Tree=29
num_leaves=63
num_cat=0
split_feature=16 11 15 16 6 11 8 4 1 14 15 1 1 8 0 15 1 8 14 8 10 5 11 6 0 14 4 14 4 5 8 10 8 5 5 8 1 10 8 0 0 1 1 0 14 0 4 15 4 1 14 3 14 1 0 8 3 1 3 3 1 0
split_gain=14973.6 919.006 389.948 359.852 296.905 241.029 131.45 114.189 101.813 83.9112 76.7948 64.9037 64.069 62.9286 59.4523 50.7173 48.3569 41.9916 41.7308 40.405 36.3112 33.8982 33.3765 32.3664 48.212 31.6903 36.6911 62.7601 48.0477 42.0903 41.2259 31.1465 30.6049 30.2458 29.5595 26.541 32.5876 26.1361 25.4051 26.8115 24.9146 26.2518 24.1914 24.1809 23.8799 23.8224 22.6445 22.4592 22.4209 47.9643 31.9439 22.8017 21.1556 20.8381 20.5662 20.4637 20.3572 19.9725 21.6468 19.6442 19.3446 18.6716
threshold=0.68302720785141002 0.43650794029235845 3.5000000000000004 0.59599304199218761 0.13680927455425265 0.31666667759418493 0.80528196692466747 0.47413024306297308 0.14160401374101642 16.569128990173343 9.5000000000000018 0.14415584504604342 0.82807883620262157 0.66352924704551708 0.91331186890602123 6.5000000000000009 0.26794873178005224 0.85048422217369091 2.7150980234146123 0.97789987921714794 0.15192308276891711 0.30952382087707525 0.64583334326744091 0.052177859470248229 0.24283374845981601 16.569128990173343 0.99350649118423473 1.2769277691841128 0.78830561041831981 0.46428571641445165 1.0000000180025095e-35 0.3717105239629746 0.75058686733245861 0.13392857462167743 0.23611111193895343 1.0000000180025095e-35 0.81120249629020702 0.32666666805744177 1.0000000180025095e-35 0.77849927544593822 0.072077922523021712 0.11189358308911325 0.12276295199990274 0.93643954396247875 6.803347349166871 0.053342817351222045 0.60660174489021312 8.5000000000000018 0.99350649118423473 0.81120249629020702 15.636798381805422 0.25677657127380377 1.951428294181824 0.95861870050430309 0.85867896676063549 0.38605175912380224 0.93643954396247875 0.65485891699790966 0.26766170561313635 0.24283374845981601 0.13446328043937686 0.20761494338512423
decision_type=2 2 2 2 2 2 2 2 2 2 2 2 2 2 2 2 2 2 2 2 2 2 2 2 2 2 2 2 2 2 2 2 2 2 2 2 2 2 2 2 2 2 2 2 2 2 2 2 2 2 2 2 2 2 2 2 2 2 2 2 2 2
left_child=3 2 9 8 11 15 7 16 10 37 20 45 18 25 19 48 -4 34 42 23 -1 -18 -12 24 40 26 27 56 29 -29 -28 35 38 -25 46 36 -10 -2 39 -17 -8 -42 -7 -39 -43 -3 52 57 49 51 -50 -5 -13 -11 -15 -22 -9 58 -33 -34 -40 -19
right_child=1 4 6 5 -6 12 14 13 31 53 22 17 -14 54 -16 32 21 61 -20 -21 55 -23 -24 33 -26 -27 30 28 -30 -31 -32 47 59 -35 -36 -37 -38 43 60 -41 41 44 -44 -45 -46 -47 -48 -49 50 -51 -52 -53 -54 -55 -56 -57 -58 -59 -60 -61 -62 -63
leaf_value=-0.068942664150506719 0.028048911986081185 -0.07984340775358903 0.0020524609873074592 0.021742793930095844 0.084995130592655177 0.053364361347493436 -0.090156216734805256 -0.049622996502833507 -0.062342706057035437 0.047439992330892536 -0.062566620915047569 -0.039380289988951787 0.10176692605842852 0.027087004768263152 0.082869491920453148 -0.032753162402833595 -0.065021819928891403 0.061671031824457496 0.051762750145070313 0.079580132596105482 0.36668553536514653 0.045395200355121144 0.03489214273939812 0.081690869078944073 -0.045434286570122905 0.048890073206148944 -0.0057426811714808299 -0.035057382549418016 0.065673349978333337 0.041647553488952625 -0.06078152414113773 0.062902692802446231 0.042965921570857164 0.025246897770754572 0.088364021637519968 -0.079180955981189113 0.04100038006162314 0.044562625625324363 -0.012516076330031408 0.14670643457383484 0.10621571340353445 0.0052004739822760424 -0.025483170017067805 0.083409975160783884 0.095490317997423593 0.07285241774571645 0.11435528635961024 -0.058719141306365338 -0.071834210665644119 0.10575592318604977 0.025956533784099536 -0.052968175815383961 0.0082740034978212394 0.077769259251719111 0.070669704510560816 0.076064746886120846 0.011030725297877624 0.31673124722855922 -0.082001203357994559 -0.046846790695109233 -0.07303885571279578 0.029420569762962933
leaf_weight=12.226692001335321 492.38224797230214 6.6753313578665248 129.05988181661814 46.419151213951409 5787.1154170883819 29.662779752165079 11.439256370067595 105.75176410935819 96.924903221428394 171.96643349528313 183.89595831930637 92.645495124161243 58.099209911189973 204.62298003770411 147.23990242928267 34.386477288790047 255.29482780676335 185.3091487288475 97.900522779673338 84.819045506417751 1.6072840755805362 19.127671595662832 25.623046896420419 73.95679675694555 97.167909566313028 80.749620258808136 354.48523247428238 88.935717792250216 148.33312939852476 94.361443388275802 115.47028083447367 18.034654732793577 27.122393916361034 340.47583702206612 24.057581804692745 9009.5878468956798 24.455927450209856 484.46512437518686 35.60645155608654 6.3049817420542231 25.783520478755236 125.26760962791741 155.2219389276579 130.08374378085136 22.046575702726841 320.179218955338 9.9344489872455579 67.844507988542318 82.158019891008735 23.593522032722831 28.897682204842567 59.857858500443399 167.26123209670186 923.95679873786867 104.77912706136703 44.001162253320217 53.245818142779171 1.4256907459348429 10.404561269097028 36.643926239572465 665.76873235125095 302.34988365322351
leaf_count=1253 3562 43 1710 843 75865 189 80 1910 8146 1436 16817 792 547 1595 1625 1518 12848 1598 958 701 23 247 857 603 2255 697 2412 1001 979 598 3377 355 702 2678 186 961633 404 4205 1015 41 162 1030 3649 1518 146 2968 66 4878 6181 635 997 3898 1183 10401 960 1074 406 13 709 2415 57951 2016
internal_value=-0.00357707 0.058923 0.0323769 -0.0712289 0.0777301 -0.0331753 0.0118945 -0.000987496 -0.0767896 0.0573182 -0.0281213 0.039799 0.0252507 0.010168 0.0362406 -0.0522021 -0.0383326 0.02728 0.00953016 0.0274493 0.0534859 -0.0573256 -0.0506479 0.0210975 0.000174742 0.000755689 -0.00329064 0.0120116 0.0318234 0.00443035 -0.019266 -0.0781996 -0.0618307 0.0353195 0.00339367 -0.0786803 -0.041521 0.0417823 -0.0664009 -0.0049466 0.0241902 0.0317468 -0.0128329 0.0527856 0.018713 0.0697339 -0.00418183 -0.0332718 -0.019997 0.00257083 -0.0463882 -0.0203363 -0.00871269 0.0730102 0.0418463 0.0863065 -0.029311 0.0245372 0.00988922 -0.00864581 -0.0699663 0.0416757
internal_weight=22664.5 11780.8 4885.27 10883.7 6895.53 1387.64 2682.41 1754.22 9496.03 2202.85 267.354 1108.41 340.884 1350.74 928.196 1046.76 403.482 781.558 282.785 780.957 57.8351 274.422 209.519 696.138 281.705 1041.33 960.583 490.628 331.63 183.297 469.956 9228.68 805.833 414.433 293.899 9130.97 121.381 1106.93 742.067 40.6915 184.537 173.098 184.885 614.549 147.314 326.855 269.841 97.7094 240.926 129.871 111.056 106.277 259.907 1095.92 309.402 45.6084 158.998 29.8649 28.4392 63.7663 701.375 487.659
internal_count=1221560 143859 59142 1077701 84717 81539 38020 28740 996162 21122 20024 8852 5343 13935 9280 76196 14805 5841 4796 7655 2350 13095 17674 6954 3673 11380 10683 4894 2578 1599 5789 976138 63642 3281 2227 970183 8550 9285 60525 1559 1418 1338 3838 5723 1176 3011 2041 5955 12554 5376 7178 4741 1975 11837 2555 1097 2316 1077 1064 3117 58966 3614
is_linear=0
shrinkage=0.08


Tree=30
num_leaves=63
num_cat=0
split_feature=16 11 9 14 6 8 16 11 6 14 2 9 7 7 2 11 11 9 2 10 6 0 6 2 6 0 14 14 16 2 5 3 5 5 14 16 6 14 14 9 11 14 3 6 7 2 14 9 2 14 15 7 10 6 14 3 15 9 7 9 15 8
split_gain=13568.7 891.878 465.877 351.258 304.53 148.592 112.549 118.877 112.182 109.261 89.8204 73.3432 70.0095 61.7304 60.0614 58.603 53.5906 53.2036 50.3545 48.1766 46.9916 44.6183 71.6593 43.6409 42.8557 47.7476 42.5924 55.1831 51.8061 48.6292 47.2621 37.5154 33.5159 33.2809 32.6071 35.617 31.9511 27.5094 27.1521 27.045 85.9064 48.0357 38.4109 46.3515 28.3375 33.5171 26.9946 30.5526 25.2384 24.2044 23.3914 23.1804 37.7648 23.0395 23.0203 22.6077 22.0785 33.9029 25.6712 21.8494 65.9198 56.9385
threshold=0.68302720785141002 0.43650794029235845 0.73097601532936107 16.099511146545414 0.14400921761989596 0.78364446759223949 0.59832563996315014 0.31666667759418493 0.05505050532519818 1.5790911912918093 0.90501254796981823 0.98255756497383129 0.65633013844490062 1.0000000180025095e-35 0.96051946282386791 0.84523808956146251 0.31666667759418493 0.89749842882156383 0.16784037649631503 0.97826087474823009 0.05505050532519818 0.25949975848197943 0.11834733933210374 0.087595909833908095 0.052177859470248229 0.24283374845981601 1.0505385398864748 14.998265266418459 0.93799206614494335 0.88273492455482494 0.46428571641445165 0.77032968401908886 0.095454547554254546 0.13392857462167743 0.98363578319549572 0.61951711773872387 0.61651584506034862 1.8181590437889101 6.2380828857421884 0.6353554129600526 0.31666667759418493 4.3330924510955819 0.2362911254167557 0.13680927455425265 1.0000000180025095e-35 0.62316370010375988 4.5504581928253183 0.9976744055747987 0.87570226192474376 3.2529178857803349 2.5000000000000004 0.27701576054096227 0.19615384936332705 0.31622806191444403 6.2380828857421884 0.91366460919380199 6.5000000000000009 0.47031715512275701 0.33262412250041967 0.66815477609634411 4.5000000000000009 0.48499850928783422
decision_type=2 2 2 2 2 2 2 2 2 2 2 2 2 2 2 2 2 2 2 2 2 2 2 2 2 2 2 2 2 2 2 2 2 2 2 2 2 2 2 2 2 2 2 2 2 2 2 2 2 2 2 2 2 2 2 2 2 2 2 2 2 2
left_child=2 3 6 5 15 8 39 13 17 16 11 19 26 37 55 46 53 38 -17 24 -9 23 -23 -11 25 54 -10 29 50 30 36 -20 -24 -26 -22 51 49 -8 -2 44 -41 42 59 -44 45 -1 47 -3 -14 -28 -29 -36 -53 -4 -7 -5 57 -15 -59 60 -42 -62
right_child=1 4 9 14 -6 10 7 20 12 21 -12 -13 48 56 -16 18 -18 -19 31 -21 34 22 32 -25 33 -27 27 28 -30 -31 -32 -33 -34 -35 35 -37 -38 -39 -40 40 41 -43 43 -45 -46 -47 -48 -49 -50 -51 -52 52 -54 -55 -56 -57 -58 58 -60 -61 61 -63
leaf_value=-0.058036310412034199 -0.06209800876578387 -0.027328086312649266 -0.066313641207841764 0.01084622715815318 0.084268464015702593 0.0077211721884817468 -0.066156120490288836 -0.050075832077288558 -0.035596126773132959 -0.053795919782951805 0.080432981389027977 0.069551608198822987 0.030970570645721025 -0.077591061273512396 0.081840686129431198 0.068592327233576111 0.0021847148141497146 0.010695168382569382 0.019787820000787795 -0.1085368403510793 -0.062491374857385762 -0.056337547922093625 0.10979611790504992 0.046036386788379603 0.07805928457167173 -0.045742726279060335 -0.042255546696609032 0.010762996718244358 0.017053387129570122 0.072146043250942496 0.041013223042848927 0.091136348728922234 -0.050159845209542135 0.024946806439160307 0.96271852801044278 0.074858590716661039 0.12502162507044332 0.045602884792703149 0.16170891353543718 -0.072541495289305258 1.5020180122496023 0.28452976404304808 -0.078220833266720802 0.25940403615338881 -0.079801524864896473 0.062392248826502572 0.047604123633386508 0.047589249892060072 0.08129957491723229 0.043229265315619173 -0.03444752305564195 -0.016884799583151189 0.41307548819138229 0.081819948995410507 0.081259344783438728 0.053988713733264637 -0.075867413939741044 0.36281879745956519 -0.0028452443118903831 0.050167489450009331 0.76042675434815521 0.031041660483404791
leaf_weight=98.913254231214523 236.20987166650593 150.57824189402163 264.5454525090754 90.837168700993061 5378.537737166509 162.00294642243534 19.796011192724109 27.935386017896235 149.65873575117439 31.643730759620667 256.12497887760401 216.26868009380996 183.82194899395108 66.748996065929532 697.95083520095795 404.420334815979 117.17200027685612 99.832715365104377 364.6673295814544 18.975584955886006 9.7529381215572339 102.70881887804717 31.286680060438812 244.99172371905297 90.131037868559361 110.53494914527982 119.68675604183227 96.23421080969274 397.91864172369242 132.20286745112389 199.73637976311147 54.171373583376408 11.452385012060402 465.3345877751708 0.3047379944473495 53.08544632140547 9.4061662927269918 48.955144808627665 3.5209684409201136 392.05020663607866 0.25245958194136875 4.442263468168675 28.153813241049651 2.8674605963751665 8045.1592070916668 17.391209268011153 70.929562624543905 45.325699757784605 97.640018731355667 25.760579832829535 306.54619579110295 2.1389134833589196 3.3630811106413603 6.8947830442339173 32.751384541392326 539.01298590097576 420.34475958161056 1.2540753073990334 60.827002773992717 17.967665690928698 0.84988199360668648 3.530060869641602
leaf_count=7935 11665 1260 20543 545 75731 1375 1011 1607 2320 462 3020 1891 1474 6250 8664 3912 1657 1791 2361 170 227 6049 319 2947 761 2976 1535 839 2110 1049 1277 572 277 3508 5 395 70 833 21 42043 18 46 2596 46 935017 616 532 349 936 159 5101 93 79 91 222 5663 42405 56 3292 424 45 317
internal_value=-0.0035259 0.0571388 -0.0705939 0.030769 0.076454 0.0171774 -0.0756504 -0.0451399 0.00364235 -0.0124242 0.0377801 0.0278125 0.0119443 -0.0580406 0.0656775 0.0378974 -0.0430322 -0.0383759 0.0484575 0.0175516 0.0373989 0.0157565 -0.0201148 0.0346168 0.0203312 -0.00374714 0.00479873 0.00949425 -0.00341967 0.0307357 0.0152965 0.0290158 0.0669342 0.033565 0.0729971 0.0954349 -0.017874 0.0134233 -0.0588109 -0.0781819 -0.0590915 0.0317241 0.0107804 -0.0470124 -0.0792347 -0.0400284 0.0053162 -0.00999469 0.0484299 -0.0271151 -0.0236456 0.283545 0.245927 -0.0625509 0.0200879 0.0477667 -0.0669872 -0.0380128 0.00454139 0.0901078 0.245024 0.172571
internal_weight=21343.5 11206.7 10136.8 4738.1 6468.63 3410.3 9326.08 714.506 2058.18 810.696 1352.12 1096 1718.61 617.926 1327.8 1090.09 388.612 339.564 823.259 879.73 96.5805 422.083 145.448 276.635 860.755 305.289 1437.15 1287.49 800.699 486.793 354.59 418.839 42.7391 555.466 68.6451 58.8922 154.854 68.7512 239.731 8611.58 450.114 58.0636 53.6213 31.0213 8161.46 116.304 266.834 195.904 281.462 145.447 402.78 5.80673 5.50199 271.44 194.754 629.85 549.175 128.83 62.0811 22.6001 4.6324 4.37994
internal_count=1221560 143859 1077701 59142 84717 44270 1045356 56253 30347 32345 13923 10903 16870 53847 14872 8986 22291 13477 6845 9012 2406 10054 6645 3409 8842 4573 14460 12140 8050 4090 3041 2933 596 4269 799 572 1764 1844 11686 989103 45535 3492 3446 2642 943568 8551 2141 1609 2410 1694 5940 177 172 20634 1597 6208 52003 9598 3348 804 380 362
is_linear=0
shrinkage=0.08


Tree=31
num_leaves=63
num_cat=0
split_feature=16 11 9 14 6 16 16 11 3 1 10 14 1 7 0 14 1 14 6 14 14 0 16 5 1 9 10 5 5 5 16 1 5 6 3 9 1 14 15 9 11 1 3 7 0 5 3 0 0 1 1 6 0 11 14 15 15 9 1 1 0 1
split_gain=12298.5 862.071 454.606 325.787 311.829 138.141 113.535 106.909 96.7478 117.163 89.1442 63.6407 59.5432 58.0608 55.191 52.9241 54.7251 51.4163 42.8938 42.5485 41.7819 39.2917 38.8896 38.4042 37.9499 36.5172 34.3166 33.0195 29.808 61.5479 29.5566 29.5299 38.0805 34.1966 33.7072 32.0455 28.294 29.7726 27.7718 27.5879 78.2949 54.0575 48.9715 29.0868 29.1279 27.5422 26.308 25.6077 25.7214 24.281 24.0503 24.0193 23.902 23.8646 23.7274 22.7746 22.4031 32.0774 23.0817 21.7841 41.5997 21.297
threshold=0.68302720785141002 0.43650794029235845 0.73097601532936107 16.569128990173343 0.14400921761989596 0.83375209569931041 0.59832563996315014 0.31666667759418493 0.24283374845981601 0.68801230192184459 0.14039409160614016 1.4634218215942385 0.14160401374101642 1.0000000180025095e-35 0.91331186890602123 14.998265266418459 0.82807883620262157 1.132088363170624 0.26975052058696752 4.5504581928253183 1.8750809431076052 0.087595909833908095 0.85893502831459057 0.17424242943525317 0.95861870050430309 0.98255756497383129 0.97826087474823009 0.17424242943525317 0.84523808956146251 0.73214286565780651 0.88669520616531383 0.12732185423374179 0.30952382087707525 0.46770833432674414 0.3034138828516007 0.88029849529266369 0.94494947791099559 15.148699283599855 4.5000000000000009 0.6353554129600526 0.31666667759418493 0.65485891699790966 0.2362911254167557 1.0000000180025095e-35 0.81872946023941051 0.17424242943525317 0.94185259938240062 0.087595909833908095 0.21680375933647159 0.86425063014030468 0.15047170221805575 0.63245612382888805 0.91331186890602123 0.35416667163372045 1.8181590437889101 4.5000000000000009 6.5000000000000009 0.47031715512275701 0.76506900787353527 0.99350649118423473 0.8521554470062257 0.54415586590766918
decision_type=2 2 2 2 2 2 2 2 2 2 2 2 2 2 2 2 2 2 2 2 2 2 2 2 2 2 2 2 2 2 2 2 2 2 2 2 2 2 2 2 2 2 2 2 2 2 2 2 2 2 2 2 2 2 2 2 2 2 2 2 2 2
left_child=2 3 6 5 12 11 39 13 17 -10 46 18 -3 54 25 16 19 -4 50 31 51 -19 38 -20 30 26 28 -11 29 53 -5 -13 33 34 35 -33 -17 -38 -14 43 49 42 -42 44 55 -18 -7 -40 -49 -41 -2 -9 -47 -12 -8 -1 57 -15 -59 60 -31 -22
right_child=1 4 8 24 -6 10 7 20 9 27 14 15 22 56 -16 36 45 21 23 -21 61 -23 -24 -25 -26 -27 -28 -29 -30 59 -32 32 -34 -35 -36 -37 37 -39 47 40 41 -43 -44 -45 -46 52 -48 48 -50 -51 -52 -53 -54 -55 -56 -57 -58 58 -60 -61 -62 -63
leaf_value=0.077160248916165963 0.013673249277302332 0.067282545114924389 -0.031536318372298144 -0.010561667568068778 0.083537474422379604 -0.022421083793898223 -0.064758278382605894 -0.04954857867314625 -0.062394810311460283 0.10500002729166824 0.028776698792227863 0.049625220519711861 0.039274496242680923 -0.077226612558415925 0.075666064817569725 -0.06576596055084398 0.097887166869595754 -0.045329790028915795 0.10287505624386283 0.047848881291058271 -0.048207810170535999 0.039819208444605535 0.049032564197055796 -0.01067222907490315 0.072578639362950975 0.067683800750059114 -0.10803259372670407 -0.070081710602615546 0.056891006033169503 -0.05756353380905524 0.05614300672896045 -0.057989818071099868 0.022682067944944512 0.13637933852234638 -0.062757369559574172 0.018963118216230219 -0.045738475544609927 0.017303669299319081 -0.13718756170634222 -0.073316784723577624 0.08266614005557317 0.29892263756824244 -0.069467834316993049 -0.079673709724371863 0.1369761545803232 0.02122145591670856 0.016810076078139134 0.028512418934499736 -0.015946644937559533 0.21896011044590755 -0.057438619981544807 0.1418175265039377 0.087496537309470879 -0.22222669803809367 0.040933828948228328 -0.059042874648608107 -0.075413556952278513 -0.050052824894750388 0.047790488799485699 -0.01887025454314404 -0.31047500291209235 0.098780291767799955
leaf_weight=8.5474667781963927 35.27873282507062 282.70606386289001 121.85406513419002 64.554175831377506 5006.7029313389212 133.95997929014266 18.652620287612081 35.977522227913141 295.90745819360018 38.527405054308474 455.08745309710503 55.681881221011281 158.49800673499703 61.896293194964528 287.92056461423635 69.487655906938016 57.710908140055835 39.503427560441196 22.205293629318476 121.0012246593833 7.2601629532873622 284.2564259711653 269.26224812865257 134.74110384192318 960.45684226229787 176.98461229354143 11.845185689628122 8.3963815513998252 183.29055785387754 13.178307101130487 124.51263923197985 52.864736462943256 135.99204666074365 7.8309468403458586 131.71937962062657 100.42632732074708 77.30846438370645 126.22335976362228 8.6259792409837228 363.40577958524227 26.875080639496446 4.3566704383119932 27.294654409401119 7438.0559719447047 5.7413535416126242 162.85127456113696 596.62303811684251 141.63322358578444 202.14995232410729 1.8282587621361006 221.83105145115405 4.7521418817341319 44.300926817581058 2.4372154306620351 50.124032176099718 97.265561813488603 390.26946573704481 27.906931421719491 34.51547818351537 20.437032610177994 6.0838508307933798 48.133881045505404
leaf_count=410 517 2870 4891 433 75731 1026 1011 1593 21848 563 3682 352 1120 6250 3566 1081 546 734 170 875 272 4150 2275 1741 11946 1688 80 159 1769 90 1224 1305 1040 44 5136 960 2411 1739 54 42024 818 41 2633 935017 25 1141 3381 1015 1652 19 10567 29 381 19 833 8116 42405 2168 1180 197 35 512
internal_value=-0.00347866 0.0553926 -0.0699765 0.0292506 0.0751827 0.016946 -0.0752756 -0.0438847 -0.0118217 -0.0437712 0.031496 -0.000690501 0.0358274 -0.0567657 0.0453085 0.00904101 0.0186806 0.0127585 -0.0275637 0.00541352 0.034289 0.0294298 0.0244291 0.00539282 0.0661294 0.0352543 0.0269644 0.0736715 0.0293142 0.0191487 0.0333676 -0.00518414 -0.0123009 -0.0285465 -0.033078 -0.00757526 -0.0216899 -0.00664193 0.0114624 -0.0779507 -0.0580884 0.0278142 0.00600997 -0.0790656 -0.0385183 0.0490113 0.00961664 -0.00104618 0.00236979 -0.0718537 -0.0476812 -0.0272209 0.0353948 0.0274396 0.0122695 -0.0480405 -0.0659925 -0.0364173 0.00404808 -0.0764027 -0.137444 0.0795154
internal_weight=20105.7 10664.4 9441.3 4594.83 6069.58 3445.3 8652.86 679.489 788.445 342.831 1887.85 1557.46 1062.88 583.365 1157.26 1143.4 870.38 445.614 414.056 605.517 96.1237 323.76 780.169 156.946 1149.52 869.344 692.36 46.9238 680.514 497.224 189.067 484.515 428.833 292.841 285.01 153.291 273.019 203.532 510.907 7973.37 423.76 58.5264 54.1697 7549.61 111.554 264.863 730.583 352.409 343.783 365.234 257.11 40.7297 207.152 457.525 68.7767 105.813 514.588 124.319 62.4224 39.6992 19.2622 55.394
internal_count=1221560 143859 1077701 59142 84717 45539 1045356 56253 32345 22570 15533 30006 8986 53847 11126 17011 11780 9775 12995 9712 2406 4884 6116 1911 13603 7560 5872 722 5792 4023 1657 8837 8485 7445 7401 2265 5231 4150 3841 989103 45535 3492 3451 943568 8551 2068 4407 2721 2667 42043 11084 1622 1522 3701 1844 8526 52003 9598 3348 322 125 784
is_linear=0
shrinkage=0.08


Tree=32
num_leaves=63
num_cat=0
split_feature=16 11 9 4 15 16 9 1 11 8 14 14 14 8 7 11 0 1 4 0 0 1 7 3 0 14 9 11 4 1 9 7 0 1 14 1 4 9 7 9 16 9 9 15 9 4 11 14 4 1 1 1 7 14 14 4 7 14 9 3 3 11
split_gain=11138.4 833.501 444.996 309.829 303.582 114.101 104.17 104.936 96.6218 92.1066 88.8644 77.6594 62.7208 59.0863 54.657 50.2814 40.843 39.0887 38.0995 34.3045 33.4406 65.8701 31.26 30.0264 29.9095 29.3219 28.1154 72.9625 30.5673 46.2444 30.3031 29.3755 27.9314 27.0638 26.1303 24.4778 30.8399 23.9407 34.6779 33.067 23.7564 22.8191 22.6025 22.4772 30.2509 22.4222 25.8024 22.0672 21.9919 21.7307 20.8061 20.7307 31.7669 25.7732 20.5248 20.5085 19.8072 19.6604 19.5309 19.0036 23.723 18.9805
threshold=0.68302720785141002 0.43650794029235845 0.73097601532936107 0.49205549061298376 3.5000000000000004 0.59832563996315014 0.98255756497383129 0.82807883620262157 0.31666667759418493 0.63658976554870617 1.5790911912918093 16.569128990173343 2.2343510389328007 0.85048422217369091 1.0000000180025095e-35 0.31666667759418493 0.20761494338512423 0.64051282405853283 0.37248718738555914 0.91734972596168529 0.27055180072784429 0.60495716333389293 0.77260699868202221 0.6569296419620515 0.087595909833908095 1.0716246366500857 0.6353554129600526 0.64583334326744091 0.072077922523021712 0.65485891699790966 0.66815477609634411 1.0000000180025095e-35 0.59896907210350048 0.86425063014030468 4.5504581928253183 0.11852502077817918 0.46265329420566564 0.85048422217369091 1.0000000180025095e-35 0.53863716125488292 0.85893502831459057 0.46047899127006536 0.46482679247856146 6.5000000000000009 0.47031715512275701 0.96178188920021068 0.095454547554254546 3.2529178857803349 0.6624472737312318 0.95861870050430309 0.75931033492088329 0.14160401374101642 0.41394501924514776 1.3793380260467532 1.8181590437889101 0.9759001135826112 0.46521121263504034 1.5000084638595583 0.51869320869445812 0.31643131375312811 0.61257407069206249 0.31666667759418493
decision_type=2 2 2 2 2 2 2 2 2 2 2 2 2 2 2 2 2 2 2 2 2 2 2 2 2 2 2 2 2 2 2 2 2 2 2 2 2 2 2 2 2 2 2 2 2 2 2 2 2 2 2 2 2 2 2 2 2 2 2 2 2 2
left_child=2 4 5 13 11 26 7 12 14 37 15 40 35 22 54 50 -15 59 -10 23 24 -22 -3 -11 -12 -20 31 33 30 34 -29 32 -1 51 -30 -6 -37 38 -9 -40 -2 -42 -5 44 -16 46 47 -14 -46 -13 -4 52 53 -28 -7 -50 -48 -34 -27 -18 -61 -58
right_child=1 3 10 42 6 8 -8 9 18 19 20 49 45 16 43 -17 17 -19 25 -21 21 -23 -24 -25 -26 58 27 28 29 -31 -32 -33 57 -35 -36 36 -38 -39 39 -41 41 -43 -44 -45 48 -47 56 -49 55 -51 -52 -53 -54 -55 -56 -57 61 -59 -60 60 -62 -63
leaf_value=-0.058496555507574426 0.019378118299682431 -0.0100090975803483 -0.064218026007451953 -0.050270275922905283 0.045484143759765623 -0.063316171690187606 0.06531362930335069 0.0097846569793072508 -0.057635315185660674 0.10596935973843127 -0.045251660269667142 0.040893786804313374 -0.001735272366453738 0.066551968567068659 -0.07684680288004192 0.003335928803040553 0.030942987721158093 0.073258133594212821 -0.046912648843926465 0.077977671728123629 -0.059550203706660532 0.066556018407158885 0.03836670283593252 0.025446633383464739 0.038380545079192856 0.0047007572286878211 -0.0052328176844150124 0.46967796474049267 -0.049262086330403243 0.28603322458836933 0.1071864012620711 -0.079544082627866969 -0.073638084692339303 0.19730254352255971 0.53759381611776347 -0.055269563381407989 -0.014281835570507103 0.079726411037442435 -0.069234724142670082 -0.0023692444124685155 0.026551410072431753 0.056679026995382006 0.082927418264293035 -0.074935860531140749 -0.053144075211834702 -0.059926438742486349 0.10638836142401634 0.036771910838905394 0.13434435561387345 0.073522256019702956 0.094146291568892995 -0.075225536823626288 -0.03835038435963161 0.39605360182111815 0.036843786029667827 0.0040253794390294377 -0.10682046918688387 0.089811764779434269 0.11149973110330455 -0.034263033631700072 0.064856068557535618 -0.017136691304084573
leaf_weight=83.921161402948201 354.19543519150466 225.89449005573988 239.3412236943841 8.1677722930908185 23.282184605486691 17.594936138950288 195.65468978695571 564.18203579261899 23.025718046352267 32.504137353040278 30.665279870852828 157.10373858734965 181.48857372254133 362.42542435973883 57.408636027947068 115.48472514748573 119.85977654159069 84.366464518010616 13.239100856706498 149.52707601338625 85.387192792259157 38.444542998448014 137.54237885959446 336.09595046099275 254.51896556746215 14.592219542711971 2.0007910430431393 1.8321593319997171 20.646915546618409 3.312023799866437 7.5914735617116094 6876.9335751673207 6.6794800376519587 2.4538036677986375 0.49727548379450937 286.92596917226911 198.94713210873306 24.69759433157742 79.058282822370529 117.95652627479285 263.46886149793863 413.28476027399302 4655.5773817203008 362.46936969971284 25.659579888917506 31.485956427641213 6.1364776939153662 200.43291179090738 11.078527281060813 775.38836766034365 5.4299805080518118 330.28302086377516 27.774614720605314 2.098870113492012 51.186144285835326 25.558873237110674 21.304913907311857 15.97184075322002 44.014134033583105 83.680638514459133 18.954192422330379 51.880851266905665
leaf_count=7422 3350 1853 20551 53 256 1011 1858 4016 1381 298 464 1436 2443 3906 6250 1657 704 958 353 1912 5656 718 1068 2955 3216 169 155 37 1705 27 68 935017 551 22 8 13976 2919 230 3141 1105 1408 4527 75447 42405 2165 423 61 1654 264 10401 83 40989 2447 77 833 919 255 578 503 555 173 518
internal_value=-0.00342476 0.0536297 -0.069328 0.0739146 0.0277501 -0.0748978 0.00926935 0.00451403 -0.0426526 0.0194729 -0.0112038 0.0512959 -0.0149559 0.0342664 -0.055493 -0.0401758 0.0483674 0.02689 0.0319168 0.0456581 0.0143144 -0.0203995 0.00829868 0.0325473 0.0293877 0.0606173 -0.0777188 -0.0570506 0.0552481 0.00807856 0.177663 -0.0788982 -0.0372188 -0.0674855 -0.0354602 -0.0346469 -0.0384866 0.00220937 -0.000305727 -0.0292011 0.0361644 0.04495 0.0826941 -0.0650097 -0.0349533 0.00539142 0.00985022 0.0184733 0.00365294 0.0680251 -0.0607049 -0.0692795 -0.00766674 0.200211 0.0112218 0.0434316 -0.0316685 0.0416133 0.0849082 0.00930792 -0.0159581 -0.0432443
internal_weight=18958.6 10161.5 8797.1 5696.47 4465 8027.82 2501.56 2305.91 645.827 1304.02 769.272 1963.44 1001.88 1032.72 550.956 360.256 669.286 306.861 94.8712 518.127 409.016 123.832 363.437 368.6 285.184 71.8455 7382 398.491 33.8798 24.4562 9.42363 6983.51 106.572 364.611 21.1442 509.155 485.873 785.894 761.197 197.015 1030.95 676.754 4663.75 482.175 119.706 492.73 461.244 381.921 62.297 932.492 244.771 362.157 31.8743 4.09966 68.7811 36.6374 79.3222 22.6513 58.6064 222.495 102.635 73.1858
internal_count=1221560 143859 1077701 84717 59142 1045356 38020 36162 56253 13657 32345 21122 22505 9217 53847 22291 6296 2390 2406 5165 10054 6374 2921 3253 3680 1025 989103 45535 1845 1740 105 943568 8551 43690 1713 17151 16895 8492 8262 4246 9285 5935 75500 52003 9598 5354 4931 4097 3348 11837 20634 43668 2679 232 1844 1183 834 1129 672 1432 728 773
is_linear=0
shrinkage=0.08


Tree=33
num_leaves=63
num_cat=0
split_feature=16 16 9 9 12 1 16 1 2 6 15 1 12 2 2 5 3 1 6 5 5 7 12 1 5 2 9 6 15 2 2 10 6 2 2 2 9 12 1 3 7 15 1 7 10 2 9 1 5 15 6 7 16 2 5 4 5 3 2 4 15 4
split_gain=10080.1 651.932 435.071 331.571 172.254 189.154 114.64 89.6558 84.7289 102.434 83.9998 61.6603 51.8212 50.2285 47.6984 47.0256 46.7152 46.3334 87.1452 73.9875 50.4222 45.2956 45.1212 41.5013 39.5949 44.3928 36.1412 35.7616 35.0138 33.703 33.0964 33.0553 32.7266 31.3679 29.8617 29.665 28.4668 60.2332 37.5325 38.1855 29.8921 27.9172 26.8214 26.6403 61.4415 30.4863 26.6227 23.9366 30.2644 23.3337 22.9635 22.6292 22.0076 21.7594 28.0856 26.1497 21.4626 31.3001 25.9132 22.1115 21.107 20.8551
threshold=0.68302720785141002 0.85893502831459057 0.73097601532936107 0.49685485661029821 1.0000000180025095e-35 0.74133810400962841 0.59832563996315014 0.83457711338996898 0.24283374845981601 0.11583184450864793 6.5000000000000009 0.14160401374101642 1.0000000180025095e-35 0.90070420503616344 0.93419912457466137 0.095454547554254546 0.99438202381134044 0.15504807978868487 0.057417582720518119 0.095454547554254546 0.30952382087707525 0.63185164332389843 1.0000000180025095e-35 0.26794873178005224 0.30952382087707525 0.30699931085109716 0.97572758793830883 0.14854215830564502 10.500000000000002 0.092665474861860289 0.87570226192474376 0.69615384936332714 0.32071428000926977 0.092665474861860289 0.71516755223274242 0.053342817351222045 0.6353554129600526 1.0000000180025095e-35 0.65485891699790966 0.2362911254167557 1.0000000180025095e-35 5.5000000000000009 0.81120249629020702 1.0000000180025095e-35 0.075498577207326903 0.88273492455482494 0.91689687967300426 0.982753485441208 0.61250001192092907 3.5000000000000004 0.16345082968473437 0.23745594918727878 0.50988206267356884 0.81120249629020702 0.77500000596046459 0.99350649118423473 0.84523808956146251 0.94804319739341747 0.84028983116149913 0.89725545048713695 17.500000000000004 0.59611794352531444
decision_type=2 2 2 2 2 2 2 2 2 2 2 2 2 2 2 2 2 2 2 2 2 2 2 2 2 2 2 2 2 2 2 2 2 2 2 2 2 2 2 2 2 2 2 2 2 2 2 2 2 2 2 2 2 2 2 2 2 2 2 2 2 2
left_child=2 4 6 34 17 11 36 13 28 -10 22 31 14 16 26 -11 -5 35 23 27 -21 43 -8 33 25 29 47 -20 -4 -13 50 -6 -27 -19 -3 -2 40 -38 39 52 42 -36 -1 45 -45 60 -30 48 -9 -46 -23 -12 -39 -18 -55 -56 57 -50 -59 -58 -22 -25
right_child=1 3 8 7 5 -7 10 12 9 15 51 24 -14 -15 -16 -17 53 18 19 20 21 30 -24 61 -26 32 -28 -29 46 -31 -32 -33 -34 -35 41 -37 37 38 -40 -41 -42 -43 -44 44 49 -47 -48 -49 56 -51 -52 -53 -54 54 55 -57 59 58 -60 -61 -62 -63
leaf_value=-0.058053122115572002 -0.08912534135287771 -0.041629480468577847 0.032955128930722319 0.0459341371263145 0.010065920521883414 0.072145906114673961 -0.020568666015459112 0.051005544851405182 -0.063958432804615328 0.10737682370320777 -0.0059448802339080323 -0.082244684987206579 0.082866104507959656 0.083665923848911652 0.08141134552861784 -0.052475902872743951 0.026235082781106138 -0.10859133944731879 -0.019255398711239772 -0.06783340880789121 0.019312159768973311 0.12416544228191749 0.067772729801896844 -0.052944434888020857 0.054442670676502269 -0.041782643393231206 0.082262407829553658 0.10072240038816106 -0.022739363972032325 0.019866732370181345 0.072127198545342761 0.072071540430249839 0.083528521455149343 0.030001211199363841 0.032886411500174066 0.056407729121553479 -0.071038977112836216 0.14362162818841909 0.22797882020481314 -0.070192247588602638 -0.079411850568464018 -0.00039613587140946308 0.039657206619718693 -0.076878755607510771 0.027272715975414936 0.092827853858307594 0.066313394964622838 0.052392062621694761 -0.00094613275679296079 -0.017161031862008857 0.01105435572961171 -0.067481061355971012 0.0068458387870067149 -0.20394708080515928 0.079353945274895782 -0.12475186417435645 0.079575489696476889 -0.021949142903386839 -0.24647658226714708 -0.016995889866671811 -0.037091806644003661 0.17971046290552545
leaf_weight=79.01008677110076 9.571079599671064 49.845328090712428 235.4562837164849 679.90507104992867 83.171558987349272 716.9212984284386 141.29817288694903 85.914487667381763 255.23342385515571 37.275142217986286 42.517902577295899 22.06405982375145 3534.9048665333539 230.92847059294581 506.46462567150593 17.218830089084804 18.329815346747637 12.024399374611674 19.828727349638939 57.529009568504989 197.50330962240696 12.116333202458916 50.130627605132759 256.15353597421199 86.373594561591744 193.08042852580547 152.02556701749563 80.247042519971728 181.63725540693849 331.48310985323042 99.032012071460485 162.59445430338383 14.328116420656441 79.908210905268788 508.51906558126211 141.31967207416892 307.7208086499013 11.634453217964618 4.8052439861930898 29.485077723395079 6358.3591420999728 236.21880591847003 23.276416563428938 83.62278404738754 124.10116452723742 29.747171111404896 24.367402517236769 278.35025642812252 19.575448155403137 193.68594714440405 221.17110320553184 380.68024985073134 21.335908408742398 8.7578205019235629 7.7899107448756704 8.2952162362635136 21.5135742649436 5.4176853150129309 8.3756246194243413 51.494380541145802 54.089091489091516 2.4898248277604571
leaf_count=8146 151 353 2768 7668 616 11078 9691 789 21484 474 1976 178 61302 3646 7840 570 217 218 377 1206 1660 75 682 13129 997 2844 1844 739 6807 2764 1076 1935 191 949 3544 1223 40856 349 57 3350 935017 1534 405 3065 1051 201 242 3282 170 2392 1608 43904 923 73 108 62 216 29 45 390 1009 15
internal_value=-0.00337046 0.0518435 -0.0686514 0.0666882 0.0228579 0.0415407 -0.0745022 0.0735295 -0.0106236 -0.0427002 -0.0414077 0.0169727 0.0781002 0.0511839 0.0631798 0.0568671 0.0408102 0.00489062 0.000701842 0.0111642 0.00502619 0.0091555 0.00256583 -0.0342946 0.00402058 -0.0037432 0.0483507 0.0769503 0.0118811 0.0134942 0.0333782 0.0510877 -0.0331259 0.0118739 0.0183175 0.0471765 -0.0774779 -0.0560488 0.0125317 -0.00404452 -0.0787217 0.0223297 -0.0358181 -0.0026346 -0.0158643 0.0162413 -0.0122057 0.0373966 0.01569 0.000191087 0.016929 -0.0612986 0.0551107 -0.0398847 -0.0886697 -0.0259049 -0.0128324 -0.0659848 -0.158288 0.0114612 0.00718604 -0.0507048
internal_weight=17898.2 9696.78 8201.44 6412.63 3284.16 1610.02 7450.25 5618.04 751.188 309.727 614.627 893.095 4664.04 954.006 1129.13 54.494 723.078 1674.14 1523.25 1172.67 1072.6 1015.07 191.429 350.576 647.329 560.956 622.667 100.076 441.461 353.547 332.319 245.766 207.409 91.9326 794.583 150.891 6835.63 374.981 67.2607 62.4554 6460.65 744.738 102.287 682.749 401.41 281.34 206.005 470.641 192.291 317.787 233.287 423.198 32.9704 43.1728 24.8429 16.0851 106.377 33.3688 13.7933 73.008 251.592 258.643
internal_count=1221560 143859 1077701 93112 50747 20603 1045356 87681 32345 22528 56253 9525 75907 11774 14605 1044 8128 30144 28770 14459 13343 12137 10373 14311 6974 5977 6765 1116 9817 2942 2759 2551 3035 1167 5431 1374 989103 45535 4679 4622 943568 5078 8551 9378 6508 2870 7049 4921 1639 3443 1683 45880 1272 460 243 170 850 244 74 606 2669 13144
is_linear=0
shrinkage=0.08


Tree=34
num_leaves=63
num_cat=0
split_feature=16 11 9 6 14 16 9 6 7 11 2 6 2 0 11 7 2 2 3 14 14 4 2 14 6 14 4 2 4 10 9 14 7 3 15 14 7 0 2 14 9 14 16 7 15 9 9 9 3 16 8 4 4 14 14 16 10 15 14 8 8 14
split_gain=9116.52 790.415 423.367 326.05 266.306 117.582 103.39 116.734 88.2521 83.6197 76.1187 92.2903 70.912 63.0545 56.9703 50.9205 48.6185 40.5602 41.7275 36.9269 34.5975 39.5809 50.8151 43.7443 33.5501 32.2972 31.0324 30.8624 30.796 30.7 29.1523 68.8417 30.541 27.8784 27.2553 26.2512 26.2286 25.5205 24.9089 24.2003 23.9541 23.2433 22.9832 22.524 22.2405 28.8098 21.6463 20.4333 20.2305 20.0097 19.9191 19.5807 20.9895 19.1892 18.8331 21.2364 18.5539 18.3013 18.1217 18.0473 23.2596 17.9709
threshold=0.68302720785141002 0.43650794029235845 0.73097601532936107 0.18561584502458575 16.569128990173343 0.59832563996315014 0.98255756497383129 0.057417582720518119 0.65633013844490062 0.31666667759418493 0.24283374845981601 0.11583184450864793 0.92907443642616283 0.26120401918888098 0.84523808956146251 1.0000000180025095e-35 0.96051946282386791 0.16784037649631503 0.70064935088157665 1.132088363170624 0.74096721410751354 0.99350649118423473 0.91734972596168529 15.172973155975344 0.76253134012222301 6.2380828857421884 0.37248718738555914 0.087595909833908095 0.59611794352531444 0.97826087474823009 0.6353554129600526 2.1762032508850102 1.0000000180025095e-35 0.15047170221805575 2.5000000000000004 2.5806746482849126 1.0000000180025095e-35 0.68801230192184459 0.62316370010375988 4.3330924510955819 0.9976744055747987 0.98363578319549572 0.54244148731231701 0.84067201614379894 6.5000000000000009 0.47031715512275701 0.48878833651542669 0.97091406583786022 0.90521115064620983 0.93799206614494335 0.59275647997856151 0.7103942632675172 0.9759001135826112 15.2471981048584 0.3468256294727326 0.77286669611930858 0.34057971835136419 8.5000000000000018 1.8181590437889101 0.51173812150955211 0.75058686733245861 3.7642933130264287
decision_type=2 2 2 2 2 2 2 2 2 2 2 2 2 2 2 2 2 2 2 2 2 2 2 2 2 2 2 2 2 2 2 2 2 2 2 2 2 2 2 2 2 2 2 2 2 2 2 2 2 2 2 2 2 2 2 2 2 2 2 2 2 2
left_child=2 4 5 14 6 30 7 13 20 15 19 -12 29 25 39 58 47 -16 -19 -4 -9 22 24 36 35 43 -11 -21 -15 54 32 -32 38 42 -25 -22 -23 61 -1 40 -3 -28 -33 50 45 -17 57 48 -6 -36 -2 -47 -53 -54 -10 56 -56 -5 -7 -29 -61 -35
right_child=1 3 10 46 16 9 -8 8 12 26 11 -13 -14 28 17 44 -18 18 -20 27 21 23 -24 34 -26 -27 41 59 -30 -31 31 33 -34 37 49 -37 -38 -39 -40 -41 -42 -43 -44 -45 -46 51 -48 -49 -50 -51 -52 52 53 -55 55 -57 -58 -59 -60 60 -62 -63
leaf_value=-0.052789966490268334 0.074225249329491941 -0.032652923274421659 -0.027980585952772332 0.036786486132148084 -0.0095049077673880888 -0.061643000453897485 0.062282628553327807 -0.041198265771396174 -0.070904001142965578 -0.054905998948454986 -0.062638974620262328 0.054646591714346049 0.082845592077294514 -0.057008039268043355 0.06256272136109732 -0.07634511868484771 0.078423976991450886 0.012399943467129349 0.074032591316368482 -0.043640603651976147 -0.015293910852856378 -0.011220698189067051 0.075912346259513777 0.041216082735926529 0.063847166238287248 0.074214389772365469 -0.059290050253576365 0.09021379311670065 0.15247596918038286 -0.11817666965068563 -0.06930945416150798 0.18786044847701525 -0.07927618850058725 -0.062309621623586518 -0.021146642976859514 0.024782679329084695 -0.061149324034396407 0.24116630828294119 0.05345099433061315 0.036257854648274523 0.037840848963611035 0.073946746873653199 -0.013374647349114763 0.029182501462848717 -0.073956110228652783 -0.047763552747883714 0.082077088404220719 0.078344841650561339 0.042536015214334651 0.019702541259770893 -0.027589978724836685 0.14302900885252404 -0.082090536042969939 0.060709577711650579 0.10484847699985561 0.023829846882196772 0.034324932783603081 -0.19937284162213736 0.034572098492032632 0.0089935495565153564 0.059765280594765276 0.076703414140549028
leaf_weight=81.361635850742459 13.08446253556758 141.68728796951473 115.04433009028435 6.7041193693876249 55.515200853347778 16.520865474827588 255.90186666324735 95.392147943377495 12.136598667129872 21.08747939998284 240.37376597570255 52.276814967859536 175.11051370948553 246.06568903476 342.88918402791023 52.235574931371957 501.50394079461694 331.09032313339412 89.257106028497219 37.354893024079502 206.41167020890862 288.73806546628475 101.50796946696937 154.99458597879857 72.834858341142535 33.782294519245625 9.7128044981509429 32.079265574924648 4.5748085640370837 9.3357794806361181 303.01428028289229 10.541249033063652 5879.1491266465746 24.116056268569082 147.7422269852832 212.0810915203765 87.817336395382881 2.4250947614200404 17.090523466467857 76.912078130990267 39.437023680657148 61.053306368179619 5.5419623251073054 75.751039269380271 315.36514317151159 26.264278103597462 4002.3175296145491 85.759162608534098 344.33848236128688 159.70529740676284 204.51840698998421 9.7914172206073982 9.8630173522979039 15.466964771039782 41.336441457271576 580.76350843720138 56.520066008903086 3.0581816136837006 51.841111685149372 166.99803481064737 88.272925332188606 7.9017436881549648
leaf_count=7935 312 1240 4908 51 329 1011 2780 1580 139 1381 21484 1044 2582 13316 3913 6250 7927 2256 1127 728 2567 1888 1000 1219 602 245 312 354 31 60 41525 305 935017 3018 1787 1442 2954 28 616 660 340 713 347 599 42405 2269 75113 1133 4214 902 3608 160 589 330 299 5021 606 17 833 3008 819 312
internal_value=-0.00330962 0.0501007 -0.0679134 0.0715141 0.0245796 -0.0740348 0.0134845 0.00929432 0.0170589 -0.0398521 -0.0100733 -0.041688 0.0373136 -0.0229914 0.0311572 -0.0528039 0.0609531 0.0421436 0.0254871 0.0109661 0.00545166 0.00855959 0.024383 -0.00262122 0.0137371 0.000141458 0.0302764 0.0247651 -0.0531844 0.0259249 -0.077216 -0.0548942 -0.0785362 0.0315568 0.0138625 0.00501585 -0.0228647 -0.00905036 -0.0343474 -0.00133898 -0.017304 0.0556597 0.118519 -0.00838869 -0.0630225 -0.0326754 0.0817869 0.0429105 0.0353107 7.26891e-05 -0.0214678 0.00448499 0.0435572 0.00510591 0.0278725 0.029639 0.0641154 -0.0371938 0.01132 0.0336577 0.0265505 -0.0280023
internal_weight=16909.3 9256.58 7652.74 5033.35 4223.22 6920.34 3236.11 2980.2 2402.43 589.202 732.4 292.651 875.203 577.777 1021.27 497.348 987.117 763.237 420.347 439.749 1527.23 1431.83 592.836 838.998 491.328 327.136 91.8536 324.705 250.64 700.092 6331.14 353.54 5977.6 50.5261 462.442 418.493 376.555 34.4429 98.4522 258.036 181.124 70.7661 16.0832 293.354 428.986 113.621 4012.08 485.613 399.854 307.448 217.603 61.3857 35.1214 25.33 690.757 678.62 97.8565 9.7623 68.362 287.35 255.271 32.0178
internal_count=1221560 143859 1077701 84717 59142 1045356 45539 42759 24648 56253 32345 22528 8707 18111 9536 53847 13603 7296 3383 9817 15941 14361 5611 8750 4611 4764 2406 4909 13347 6125 989103 45535 943568 4010 3908 4009 4842 3358 8551 2240 1580 1025 652 4519 52003 9598 75181 5676 4543 2689 3920 3348 1079 919 6065 5926 905 68 1844 4181 3827 3330
is_linear=0
shrinkage=0.08


Tree=35
num_leaves=63
num_cat=0
split_feature=16 11 9 6 2 9 1 16 2 1 9 11 7 7 1 2 9 11 6 14 3 14 14 1 4 11 0 6 14 9 10 14 7 14 14 11 10 16 8 3 0 14 14 2 9 6 2 4 14 6 0 9 6 1 3 0 9 4 1 1 0 4
split_gain=8246.17 782.919 390.21 332.228 251.943 192.308 106.462 102.43 101.095 91.1196 86.8101 76.7447 54.6345 53.7362 52.5868 49.8723 46.6161 43.5794 40.9573 57.861 41.1623 41.0428 39.5191 36.1307 36.0267 35.6941 32.8918 32.8726 32.7 32.5996 33.1246 47.2911 30.1304 29.7514 28.9264 28.4643 26.6433 25.5946 25.6736 25.5098 24.0748 24.0166 23.803 23.6022 23.0434 21.9207 21.3888 28.348 20.5462 19.8325 22.9504 19.2832 18.9617 25.9794 43.1904 18.7655 18.6524 18.4858 18.2266 21.3479 17.5102 17.4427
threshold=0.67612341046333324 0.43650794029235845 0.69520044326782238 0.15047170221805575 0.86616915464401256 0.64303660392761242 0.99350649118423473 0.59832563996315014 0.20734438300132754 0.74849396944046032 0.89749842882156383 0.31666667759418493 1.0000000180025095e-35 1.0000000180025095e-35 0.14415584504604342 0.93419912457466137 0.43874259293079382 0.11805555596947671 0.05505050532519818 15.06917715072632 0.87585616111755382 0.81088486313819896 1.1481554508209231 0.81892696022987377 0.84889996051788341 0.64583334326744091 0.080540537834167494 0.72850123047828685 16.099511146545414 0.98255756497383129 0.52506268024444591 2.9287461042404179 1.0000000180025095e-35 1.5790911912918093 6.2380828857421884 0.86607143282890331 0.27525253593921667 0.56148993968963634 0.75058686733245861 0.86526826024055492 0.053342817351222045 2.7150980234146123 17.829000473022464 0.81120249629020702 0.46482679247856146 0.90161287784576427 0.27639257907867437 0.52976614236831676 17.030370712280277 0.63245612382888805 0.72850123047828685 0.97572758793830883 0.58434957265853893 0.982753485441208 0.93419912457466137 0.52689418196678173 0.86645436286926281 0.74133810400962841 0.11852502077817918 0.83457711338996898 0.73375529050827037 0.59611794352531444
decision_type=2 2 2 2 2 2 2 2 2 2 2 2 2 2 2 2 2 2 2 2 2 2 2 2 2 2 2 2 2 2 2 2 2 2 2 2 2 2 2 2 2 2 2 2 2 2 2 2 2 2 2 2 2 2 2 2 2 2 2 2 2 2
left_child=2 4 7 14 6 12 10 32 22 25 18 13 28 60 40 51 -14 29 34 20 21 -20 -4 26 27 -10 -16 -22 45 30 -12 58 41 -13 56 -28 55 -24 -39 -33 -3 -1 -15 49 -5 -6 -37 -48 -41 50 -23 52 -7 54 -54 -8 61 -52 -32 -60 -9 -2
right_child=1 3 8 44 5 15 36 11 9 -11 17 33 16 42 23 -17 -18 -19 19 -21 24 43 37 -25 -26 -27 35 -29 -30 -31 31 39 -34 -35 -36 46 -38 38 -40 48 -42 -43 -44 -45 -46 -47 47 -49 -50 -51 57 -53 53 -55 -56 -57 -58 -59 59 -61 -62 -63
leaf_value=-0.056704525119113794 -0.063610756927573758 -0.090048114828030712 -0.028241813179764215 -0.049860341455754506 0.053965782381740976 0.071774248888704928 -0.10684177422180705 -0.0096612527676593514 -0.065981469539905857 0.079214460914447823 0.051555422892563811 -0.034995238558437926 -0.077203324167483517 -0.068399378771846334 -0.18722247288968955 0.079874077286078732 0.0057009210536840618 -0.02938669036714079 -0.043074299601171588 -0.065830415065258219 -0.073513092352039872 0.020305707230358676 0.074851785901322215 0.08846846809705404 0.024883847429657262 0.00180616868777493 -0.012394721653231276 0.066540855026637577 0.062249438821063728 0.056374023864124163 0.053538656487326967 0.041563296553185809 -0.078332065300877232 0.076184095817186562 0.11314817077951426 0.039952213782319251 0.053874278567862269 -0.00048223281645469484 0.057845684997829702 -0.0064905053570498538 0.063915471340988045 0.035100576452313952 0.077156597387454728 0.071732486971731291 0.081215377841092437 0.009623851464430528 -0.0035360050511062738 0.083098057630626276 -0.17250794632643768 0.067396630368864202 -0.072431763202702101 0.084980919316616443 0.026828755148281546 0.047383168941216705 -0.087751687938835712 0.021285697909925468 -0.017473855474525807 0.009085857379236879 -0.054585204997477765 0.038308327384240164 0.086129463511453522 0.26487471620988223
leaf_weight=70.275718956254423 206.6586580327712 6.6734801679849616 115.85584687208757 8.6034926474094373 85.611919164657593 84.386703027412295 7.545792647637426 46.351418627426028 323.56898477254435 35.044886152260005 110.93616525176913 23.088511292822659 65.780230499338359 320.32830411056057 5.1947116572409859 649.8173766694963 127.62450698344037 113.1138852853328 72.569851152133197 101.36904785688967 103.48262804420665 208.97528075100854 57.304599209222943 43.542891837656498 45.759023382328451 58.738170410506427 180.42022485844791 11.965879847295581 127.65294200927019 154.74329157732427 14.19355990923941 152.82007447537035 5675.8952185227536 46.284055049996823 7.21042894758284 269.94773687049747 265.24066269584 177.06578839058056 66.410257540643215 25.13299168646336 249.88257239758968 24.628468690440059 7.3554769274778655 53.733676698990166 3757.2432586206123 428.36470193788409 203.12424313463271 27.437922544777393 5.8888156861066809 39.638011869974434 36.143294060602784 66.456948015838861 86.01749599352479 184.29847501963377 27.87833072245121 239.92788219451904 84.975391194224358 35.087821187451482 115.16580301523209 18.356721268966794 16.582269893027842 1.0397804966196407
leaf_count=7347 13111 46 5780 57 579 806 66 1626 35322 558 1571 1048 3008 43216 34 10987 2037 1192 1602 978 953 2469 1284 493 404 1278 1597 93 1551 1478 90 1199 970192 757 44 2344 3145 3586 589 201 3007 1204 211 381 75704 2341 1362 332 29 366 392 934 833 2456 209 1935 2445 241 2134 175 142 9
internal_value=-0.00324904 0.0478979 -0.0678101 0.070091 0.0225799 0.043715 0.00426503 -0.0746887 -0.0164197 -0.044249 -0.0052778 -0.0383578 0.0147755 -0.0521286 0.0287567 0.0657065 -0.0224962 0.0161446 -0.0203653 -0.00987876 -0.000540298 0.0119787 0.0114573 0.0178028 -0.0351872 -0.0555665 0.0133182 -0.0589969 0.0260103 0.0247679 0.0137151 0.00105406 -0.0775846 0.0391815 -0.0451484 0.0148481 0.0362589 0.0267488 0.0154272 0.0281367 0.0599106 -0.0328803 -0.0651321 0.0226731 0.0809159 0.0170098 0.0246684 0.00677383 -0.0380053 0.0144312 0.00693871 0.0452042 0.0382947 0.0288202 -0.00121715 0.0173789 -0.0490483 -0.0322769 -0.032652 -0.0418142 0.0155784 -0.0619663
internal_weight=15982.4 8917.63 7064.78 4752.07 4165.56 1933.89 2231.67 6230.79 833.989 417.352 1718.96 459.99 835.034 390.617 986.224 1098.86 193.405 710.351 1008.61 708.725 607.355 446.148 416.636 729.668 161.208 382.307 686.125 115.449 641.63 597.237 442.494 331.558 5770.8 69.3726 299.884 680.93 512.714 300.781 243.476 183.842 256.556 94.9042 327.684 373.578 3765.85 513.977 500.51 230.562 31.0218 319.844 280.206 449.038 382.581 298.194 113.896 247.474 292.674 71.2311 147.716 133.523 62.9337 207.698
internal_count=1221560 147420 1074140 84976 62444 25741 36703 1025743 48397 37158 31557 47000 9516 45195 9215 16225 5045 8069 23488 7879 6901 5451 11239 6162 1450 36600 5669 1046 4471 6877 5399 3828 978743 1805 15609 5635 5146 5459 4175 1429 3053 8551 43427 3849 75761 2920 4038 1694 230 3468 3102 5238 4304 3498 1042 2001 15565 633 2399 2309 1768 13120
is_linear=0
shrinkage=0.08


Tree=36
num_leaves=63
num_cat=0
split_feature=16 11 9 6 14 16 1 14 9 11 14 6 6 14 2 7 2 14 11 1 2 1 1 2 1 9 10 7 2 1 7 8 16 14 6 2 2 15 14 2 8 10 14 14 9 4 14 6 15 16 6 2 9 9 10 8 1 1 2 4 11 1
split_gain=7455.26 746.694 383.561 334.114 233.844 102.783 90.8871 87.0603 74.36 68.7303 64.7493 58.3382 52.2674 66.0497 50.3201 50.1357 48.3555 47.8245 46.9635 44.9601 44.3382 38.9213 38.0301 36.3892 32.8423 31.8486 34.1859 30.9272 30.8441 29.8926 28.9654 27.1005 26.374 25.0553 24.9177 30.7291 25.3552 23.7135 22.8555 22.5905 22.2112 24.3648 23.2747 21.9953 21.7917 21.5981 21.423 20.8043 20.1671 19.6374 19.5268 21.6545 19.5026 19.4113 19.2955 18.9739 18.6628 18.5744 18.5547 18.2924 17.8399 17.5766
threshold=0.67612341046333324 0.43650794029235845 0.69520044326782238 0.18561584502458575 16.569128990173343 0.59832563996315014 0.14160401374101642 1.4634218215942385 0.88029849529266369 0.31666667759418493 1.5790911912918093 0.44590643048286444 0.057417582720518119 9.9774074554443377 0.88273492455482494 1.0000000180025095e-35 0.96051946282386791 15.172973155975344 0.84523808956146251 0.95861870050430309 0.91734972596168529 0.15047170221805575 0.85053193569183361 0.88273492455482494 0.95488464832305919 0.9976744055747987 0.97826087474823009 1.0000000180025095e-35 0.95180022716522228 0.65485891699790966 1.0000000180025095e-35 0.7942219376564027 0.69871267676353466 1.951428294181824 0.47913043200969702 0.28708791732788091 0.092665474861860289 6.5000000000000009 6.2380828857421884 0.32290647923946386 0.52865353226661693 0.54772728681564342 2.7652211189270024 4.3330924510955819 0.48878833651542669 0.8155706822872163 17.829000473022464 0.77951389551162731 4.5000000000000009 0.8790508806705476 0.11834733933210374 0.45512083172798162 0.45176798105239874 0.9976744055747987 0.60555556416511547 0.59275647997856151 0.15504807978868487 0.92893216013908397 0.31139971315860754 0.87298336625099193 0.31666667759418493 0.81120249629020702
decision_type=2 2 2 2 2 2 2 2 2 2 2 2 2 2 2 2 2 2 2 2 2 2 2 2 2 2 2 2 2 2 2 2 2 2 2 2 2 2 2 2 2 2 2 2 2 2 2 2 2 2 2 2 2 2 2 2 2 2 2 2 2 2
left_child=2 4 5 18 7 27 40 11 12 15 22 31 38 20 25 -7 19 30 43 23 32 -20 60 57 28 26 55 37 -19 39 -15 45 -14 59 35 36 -12 58 -9 -23 -4 42 -42 53 -5 -2 -17 -34 -26 -41 -37 -52 -35 -3 -33 -10 -56 -6 -1 -11 -8 -57
right_child=1 3 6 44 16 9 10 8 14 33 34 -13 13 17 -16 46 -18 24 21 -21 -22 29 -24 -25 48 -27 -28 -29 -30 -31 -32 54 47 52 -36 50 -38 -39 -40 49 41 -43 -44 -45 -46 -47 -48 -49 -50 -51 51 -53 -54 -55 56 61 -58 -59 -60 -61 -62 -63
leaf_value=0.648176641178415 -0.057277058722738666 -0.029592996503116593 0.083398626592877209 -0.033452689086506719 -0.024054743902937964 0.014321409569100257 -0.070955499401157904 -0.045706190626866788 0.090837982765157629 -0.042047691087333645 -0.079526534493957482 0.017655595535462677 0.095107533922057105 -0.011413307478173514 0.070935253657360239 -0.067447668131143737 0.076324495809882625 -0.072966173110165955 0.068932883425696589 0.053342353115002475 0.078069491538151153 0.029020220040109682 0.13237232541116226 0.049396769555274285 0.032297212156285671 0.060308515437206014 -0.097714760790538438 -0.078116057112440601 0.053074880761591177 0.063512277818216653 -0.062334465362965691 0.033054425640394465 0.011116679824634174 -0.055369113336864902 0.084131248722994573 -0.065342582702049845 0.020352385783355947 -0.050907559884900366 0.12559045460770926 -0.029540081486802264 -0.020202798267825561 0.070285519019879922 0.058759982169541258 0.034906197744144551 0.080869715795584232 0.10049859669451129 0.068022643605227182 0.059032196827725314 -0.0048701072465123021 0.047247449256036814 0.14077547554595379 -0.035385225235143571 0.098336366300955963 0.034503615317357572 0.034056817979569796 0.0070055038740020883 -0.057636197359656992 -0.13626941105216175 0.041429532721568248 0.19634880252143436 -0.025606864905289389 0.03651643492397031
leaf_weight=0.32879662280902522 225.59655805071816 145.73224770277739 40.21958737494424 10.704049352556465 52.977168533951044 62.898104459047318 237.16939367633313 136.0666156434454 23.739457389339805 25.517560271546248 18.167553323321044 189.68323179939762 29.523695063311607 289.53047914989293 199.44174259528518 299.70603394554928 441.21350724995136 47.532337084412575 194.38293008506298 345.56691485829651 106.38672773912549 303.84542012214661 6.6954531725496045 45.487814571708441 310.96590704005212 137.62832174450159 16.007892113178968 5253.424536019098 16.824015590362251 114.1529497615993 94.93510495685041 47.576576034538448 445.92903531529009 6.2117348685860625 19.231328293681145 75.219230769667774 155.47240028483793 74.608714482281357 5.1746753863990298 92.850279241800308 94.556125482078642 41.658943576738238 31.966746038757265 75.851490955799818 3462.7420345875435 5.6929814722388974 7.6618783646263173 66.663336891680956 133.56395193422213 27.66585848107934 6.7063158126547959 13.367963623255489 35.341387548018247 38.155951732769608 19.524649554863572 352.86858716420829 52.155703096650541 11.487585635855792 17.020457523874938 2.2408124115318051 72.487968054134399 203.74637596309185
leaf_count=29 11860 1322 513 74 276 1768 29757 5872 248 1235 440 1883 512 1900 3094 43216 7940 426 2632 4913 1313 2452 66 446 2780 1479 128 970192 208 1385 3550 1120 3436 71 261 7507 4004 7603 32 687 2665 417 239 672 75173 47 211 621 1412 238 126 432 485 341 144 3708 1018 58 919 14 1970 2020
internal_value=-0.00318296 0.0462567 -0.0670224 0.06882 0.0213967 -0.074253 -0.0155669 0.0111555 0.0171923 -0.0370676 -0.0312728 -0.0180829 0.00714881 0.0114157 0.0353019 -0.0507541 0.0574485 -0.00269176 0.0278884 0.0391653 0.0308495 0.0382475 -0.0562611 -0.00539149 0.013397 0.0256196 0.017614 -0.077311 -0.0400166 0.0271712 -0.0239871 -0.0374212 0.0215829 0.0360464 -0.00384008 -0.0101309 0.00990228 -0.0313173 -0.0394304 0.0173955 0.0299919 0.01722 -0.000252388 -0.00134153 0.0805174 -0.0533936 -0.0640707 0.0173482 0.0211299 -0.0119126 -0.0466345 0.0234657 0.0753591 -0.0162932 -0.00644401 0.0207952 -0.0326604 -0.0440513 0.0529284 -0.022803 -0.0603398 0.0178078
internal_weight=15117.5 8519.57 6597.88 4466.08 4053.49 5784.96 812.919 3156.76 2616.53 439.578 604.518 540.23 1683.1 1541.85 933.432 370.266 896.733 893.352 992.637 455.519 648.503 732.897 316.353 109.953 508.886 733.991 596.362 5345.38 64.3564 538.515 384.466 350.546 542.116 69.3115 288.165 268.933 173.64 91.958 141.241 424.362 208.401 168.182 126.523 259.74 3473.45 231.29 307.368 512.592 444.53 120.516 95.2935 20.0743 41.5531 183.888 119.257 580.354 71.6804 64.4648 17.3493 27.7584 309.657 556.615
internal_count=1221560 147420 1074140 84976 62444 1025743 48397 48811 32739 47000 44563 16072 22062 16158 10677 45195 13633 10276 9729 5693 5882 7394 31793 780 4826 7583 6104 978743 634 4762 5450 14189 4569 1805 12770 12509 4444 8551 5904 3377 3834 3321 2904 2335 75247 11907 43427 4057 4192 925 8065 558 556 1663 2282 5976 1162 334 948 1249 31727 5728
is_linear=0
shrinkage=0.08


Tree=37
num_leaves=63
num_cat=0
split_feature=16 16 9 9 15 16 1 12 1 2 6 12 15 2 2 3 9 1 7 9 7 0 1 1 7 8 10 3 3 15 0 2 1 0 10 15 15 7 12 1 1 3 2 6 2 7 2 0 8 6 4 4 2 4 4 3 6 4 8 10 3 9
split_gain=6735.37 555.693 374.095 307.833 131.526 103.119 100.616 97.6798 120.272 83.6353 78.6755 61.2235 54.9554 50.7755 49.1197 42.5671 35.3622 33.3871 31.6746 31.1875 30.179 29.8984 29.5766 41.3987 38.7663 29.5539 32.1308 27.6367 26.13 24.296 23.5864 23.1809 23.0382 22.7623 22.7592 21.2375 20.2596 19.6225 21.3403 19.9678 19.5924 19.0602 33.6702 18.8346 27.3957 26.0845 23.9118 18.5212 18.4799 31.9347 26.9385 24.5103 18.0566 17.9721 17.8177 17.7608 25.9766 20.7422 18.4654 35.0892 17.5272 17.2224
threshold=0.67612341046333324 0.85893502831459057 0.69520044326782238 0.49685485661029821 11.500000000000002 0.59832563996315014 0.83457711338996898 1.0000000180025095e-35 0.74849396944046032 0.20734438300132754 0.11834733933210374 1.0000000180025095e-35 5.5000000000000009 0.90070420503616344 0.93643954396247875 0.90521115064620983 0.97572758793830883 0.14415584504604342 1.0000000180025095e-35 0.46047899127006536 0.2582839578390122 0.8263767957687379 0.11852502077817918 0.75615617632865917 0.65633013844490062 0.50917509198188793 0.54772728681564342 0.52704679965972911 0.28743545711040502 6.5000000000000009 0.59896907210350048 0.71516755223274242 0.16064515709877017 0.087595909833908095 0.56696429848670971 3.5000000000000004 10.500000000000002 0.23745594918727878 1.0000000180025095e-35 0.87026646733284008 0.982753485441208 0.68614074587821972 0.32290647923946386 0.036038961261510856 0.27931983768939977 0.57583689689636242 0.93419912457466137 0.75905716419219982 0.99779736995697033 0.049590164795517928 0.12632978707551959 0.46709956228733068 0.77459675073623668 0.39314988255500799 0.038838613778352744 0.99438202381134044 0.85239651799201976 0.95861870050430309 0.72767147421836864 0.61324787139892589 0.99438202381134044 0.59163263440132152
decision_type=2 2 2 2 2 2 2 2 2 2 2 2 2 2 2 2 2 2 2 2 2 2 2 2 2 2 2 2 2 2 2 2 2 2 2 2 2 2 2 2 2 2 2 2 2 2 2 2 2 2 2 2 2 2 2 2 2 2 2 2 2 2
left_child=2 4 5 31 7 18 13 32 17 25 28 14 19 15 16 48 40 34 30 20 -7 -17 -6 -24 -25 -4 36 -12 29 -11 -1 -3 54 -19 -9 -33 -27 52 -39 -40 55 42 -35 44 -34 -45 -47 -29 49 50 -5 -52 -14 -21 -2 57 -57 -8 -59 -60 -23 -20
right_child=1 3 9 6 22 12 11 8 -10 10 27 -13 37 -15 -16 21 -18 33 61 53 -22 60 23 24 -26 26 -28 47 -30 -31 -32 35 43 41 -36 -37 -38 38 39 -41 -42 -43 -44 45 -46 46 -48 -49 -50 -51 51 -53 -54 -55 -56 56 -58 58 59 -61 -62 -63
leaf_value=-0.052959841665737549 -0.10024245151225597 -0.040148549965741631 0.065178567076842595 0.043133767743766177 0.051356703318108633 0.036831136951368686 0.038636714078025526 -0.013834415110605189 0.072245475712995125 0.036951646631218915 0.1087596215462079 0.080618073019629075 -0.031849202979130894 0.081235110929645873 0.078761941824553344 -0.0038556135725853172 0.078985870246883277 -0.11759129524361507 -0.079375980490045031 -0.0718036284345661 -0.078107640569002004 0.052142231209790647 -0.034479069177650874 -0.013700354900967411 0.049673888195026591 0.01156017653172982 0.053385799913728188 -0.035525409950558355 -0.073535941175168706 -0.04841826919844109 0.043197018776973233 0.032553919515539667 0.010212428057968471 0.021712433947655114 0.062438676078124589 0.0046627087299768374 -0.030521905108166086 -0.073202585226840644 -0.041051636707281264 0.086241243974423551 0.045255931338624981 0.055253069703966304 -0.026786410948908306 -0.001898566169396399 -0.054011266395976865 0.017906650100802186 0.073567849566731014 0.10868768416928994 0.064607511121346967 0.048189168671040047 -0.035608056951753189 0.083002462907693142 0.091299659686466555 0.067485481673814546 0.051211943537877946 -0.11180201847371629 0.056063526977637793 0.09731966671741768 -0.14012672993849473 0.01896270915680803 -0.19573377501950467 -0.062650646085048126
leaf_weight=67.83359917299822 5.2128140628337851 48.41709733940661 54.283841369207948 68.727161440998316 43.178386921994388 25.05302113480866 112.61552008986473 30.033042903989553 504.53632127866149 29.291881220880896 24.457595229148865 2652.6979400124401 34.984071077313274 175.50925959274173 381.96871542185545 40.8822898901999 123.74855870380998 8.8641412388533336 4430.6371007496491 6.6883981423452488 35.108192952349782 2.2570046745240662 376.37095870636404 201.67186112422496 89.0521588511765 147.18615163303912 63.534808623138815 25.644059697631747 213.65070792892948 78.549463540315628 21.500861717853695 314.70702190697193 96.603250843472779 280.46871547121555 150.53126930817962 392.80237579159439 145.69238984398544 210.97090339567512 35.839125870727003 10.112078272737561 241.96382154896855 56.849099877290428 136.05652278428897 461.05485427333042 75.911043218802661 328.3800973421894 58.141099849715829 7.3282752600498489 136.38299511745572 269.14776741713285 92.349373918026686 12.681307476013897 9.7419245997443777 52.181791771203279 107.28530399128795 16.368477996438745 9.2247811593115312 6.5027469694614402 15.504646345973013 20.744872391223907 9.5532534942030907 432.4868126353249
leaf_count=7422 47 353 997 767 490 517 1175 215 10026 889 542 61302 1642 3646 7720 549 1873 65 889874 693 4573 38 14006 5314 1289 2359 786 935 27119 7572 1129 2477 1406 2277 2030 2601 7097 34941 2554 138 3326 824 1730 6100 3866 2956 792 101 1802 4137 653 111 361 1581 875 93 78 62 102 176 71 80318
internal_value=-0.00311688 0.0445822 -0.0662354 0.0605562 0.0172811 -0.0737914 0.0686776 0.026574 0.0428135 -0.0148194 -0.0419252 0.0744293 -0.0357655 0.043168 0.0567507 0.0325962 0.0413712 0.0204094 -0.0770214 0.0102643 -0.0302435 -0.0362449 -0.0128103 -0.0169636 0.00571192 0.0101892 0.00181403 0.0443232 -0.0573322 -0.0252301 -0.029817 0.0134042 0.00983623 0.00942259 0.0497523 0.017069 -0.00937355 -0.053929 -0.0624422 -0.0130394 0.0303651 0.011801 0.00587045 0.00604717 -0.0180478 0.0109514 0.0262793 -0.00347329 0.0388581 0.0309291 0.00419353 -0.0212871 -0.00502572 0.0516605 0.044194 0.0104544 -0.0512969 0.0206266 -0.0268147 -0.049083 -0.148363 -0.0778886
internal_weight=14317.7 8154.96 6162.76 5144.76 3010.2 5373.14 4388.83 2299.93 1167.34 789.619 378.922 3581.34 420.68 807.49 928.642 631.981 546.673 662.803 4952.46 119.031 60.1612 52.6925 710.273 667.095 290.724 410.697 356.413 57.4299 321.492 107.841 89.3345 755.926 1132.59 482.238 180.564 707.509 292.879 301.648 256.922 45.9512 422.925 473.374 416.525 1020.09 172.514 847.576 386.521 32.9723 579.289 442.906 173.758 105.031 44.726 58.8702 112.498 180.961 25.5933 155.368 42.7523 36.2495 11.8103 4863.12
internal_count=1221560 147420 1074140 93112 54308 1025743 87681 33209 17167 48397 37158 75907 47000 11774 14605 8128 6885 7141 978743 7364 5090 658 21099 20609 6603 11239 10242 1578 35580 8461 8551 5431 16042 4896 2245 5078 9456 39636 37633 2692 5012 4831 4007 15120 5272 9848 3748 1036 7470 5668 1531 764 2003 2274 922 1686 171 1515 340 278 109 970192
is_linear=0
shrinkage=0.08


Tree=38
num_leaves=63
num_cat=0
split_feature=16 11 9 14 6 16 1 9 14 11 0 11 0 6 7 0 1 3 14 14 7 14 3 7 7 0 4 14 3 9 10 8 7 10 8 1 16 14 6 6 9 1 0 0 15 10 14 9 1 9 0 14 16 11 0 11 3 7 7 7 0 1
split_gain=6076.82 697.866 365.629 300.324 195.101 103.429 98.0517 128.404 78.559 77.222 61.7582 57.6293 55.94 54.6358 44.517 40.7709 37.8512 34.1604 32.7357 32.6575 32.1716 30.4823 30.3658 28.4377 27.8002 27.4455 39.935 29.9866 40.1554 26.0523 24.9215 23.5796 23.4698 23.3576 23.2743 22.4804 21.4916 20.7445 20.664 20.2427 20.8424 19.7626 27.1851 22.2976 19.4387 19.2814 18.6774 18.3821 140.14 65.9904 62.3466 51.3793 48.5411 35.3007 20.1933 68.2258 47.1278 18.3088 49.709 20.6179 18.1802 19.8975
threshold=0.67612341046333324 0.86607143282890331 0.69520044326782238 16.569128990173343 0.05505050532519818 0.59832563996315014 0.82807883620262157 0.78287062048912059 2.0573798418045048 0.64583334326744091 0.2237871661782265 0.31666667759418493 0.2014492750167847 0.20881782472133639 1.0000000180025095e-35 0.90501254796981823 0.95861870050430309 0.6569296419620515 9.9774074554443377 15.167386531829836 1.0000000180025095e-35 0.74096721410751354 0.54201978445053112 0.74340915679931652 1.0000000180025095e-35 0.73942822217941295 0.6624472737312318 4.5504581928253183 0.75147059559822094 0.9976744055747987 0.92582416534423839 0.50917509198188793 0.81337305903434765 0.51190477609634411 0.89294019341468822 0.81120249629020702 0.88669520616531383 1.1481554508209231 0.39339827001094824 0.55217784643173229 0.96209374070167553 0.13446328043937686 0.092665474861860289 0.053342817351222045 11.500000000000002 0.73030304908752453 17.829000473022464 0.59163263440132152 0.81530213356018078 0.63897106051445018 0.81872946023941051 3.6668192148208623 0.42753355205059057 0.31666667759418493 0.13446328043937686 0.64583334326744091 0.12732185423374179 0.60386699438095104 0.6157280206680299 0.35624311864376074 0.92390406131744396 0.99350649118423473
decision_type=2 2 2 2 2 2 2 2 2 2 2 2 2 2 2 2 2 2 2 2 2 2 2 2 2 2 2 2 2 2 2 2 2 2 2 2 2 2 2 2 2 2 2 2 2 2 2 2 2 2 2 2 2 2 2 2 2 2 2 2 2 2
left_child=2 3 5 6 12 20 8 18 23 10 31 14 45 -12 -7 17 36 -9 21 24 35 -8 -15 39 -20 27 32 28 41 30 -19 44 -27 -25 -33 -1 -5 -13 -28 40 -2 43 -43 -10 -4 -3 -16 -22 51 50 53 54 -53 -50 55 -49 -57 59 -59 -54 61 -23
right_child=1 4 9 16 -6 11 7 15 25 -11 13 37 -14 22 46 -17 -18 29 19 -21 47 60 -24 33 -26 26 38 -29 -30 -31 -32 34 -34 -35 -36 -37 -38 -39 -40 -41 -42 42 -44 -45 -46 -47 -48 48 49 -51 -52 52 57 -55 -56 56 -58 58 -60 -61 -62 -63
leaf_value=-0.052626957816281641 -0.051092796556752307 0.025584603309922328 0.11818470499515192 -0.008742815450864104 0.081055134991165026 0.012643880685160945 -0.028863283176379921 0.09501686364194413 -0.11486841471968535 0.031517708201117066 -0.067845534379199157 -0.056209868188531041 0.0053881977412503284 0.15022341866080616 -0.065631406151716892 0.072356167082194597 0.067044092653736315 0.024041251588195069 -0.0099216813489277755 0.010424063599112845 -0.079260989483773719 0.010653840093148223 -0.012517882329645305 0.037987270811740179 -0.065968948749260875 -0.09536914574875828 0.040136671717574936 0.035111566170957842 0.044615268416784933 0.076839736514692364 -0.12284396767975242 -0.015373196160417704 -0.34220898618677092 -0.020738819829982557 0.14565307207090214 0.040232089167377423 0.047562322873704876 0.054906016540302034 -0.035140419107897163 0.03348474064195147 0.015602352858474144 -0.12324131137959513 -0.011821559571225772 0.041136687554944505 0.0054740894755674289 0.067195661939459694 0.059608722632829486 -0.047279727861560962 -0.080458524879418972 0.18875831862475312 1.6631581731536247 1.272736417069396 0.88918760677916397 0.94286839808283751 -0.07761133796073659 0.20461035778159417 1.0592965003900197 1.2413211997179348 0.14753742438253439 -0.022245003543918129 0.073370325599519171 0.057937172179434379
leaf_weight=63.974344789516181 316.49871716368943 105.41295276209712 17.240834347903728 67.111939763650298 2599.8349578590132 62.868952298536897 56.467244177591056 54.486686924472451 6.3937590448185793 181.71103811776266 249.95871893782169 13.410956450738011 289.74070878326893 10.991559191141276 264.9750706627965 276.85519327968359 880.1021493114531 436.1723816357553 249.08088777400553 467.92011399520561 4095.691289991606 180.63054848089814 22.074817996006459 62.184666715562344 73.309451651759446 9.7874175836332125 35.620358687825501 314.62547081243247 119.30852668127045 62.191895812749863 7.5200789570808402 258.87875754619017 3.2952287867665282 143.07769379671663 5.8750048484653226 22.57264665979892 122.7261993214488 54.255673959385604 67.685102615039796 22.516027875710279 33.126064353622496 14.675691846292464 311.205748076085 70.709274427965283 22.669809136539698 220.03041037544608 7.8466140069067469 48.01835939148441 0.40284687699749955 3.834007338155061 0.4116262374445796 0.23571290215477247 0.16478025866672386 0.46450462006032467 343.27501335274428 2.6302657010965045 0.48978583188727487 0.30245982948690686 2.2011932390742004 4.41063825879246 63.083566527813673 83.192414151504636
leaf_count=8146 14869 931 210 592 64354 1768 695 783 48 2172 33899 728 1959 164 43216 5374 17575 5418 1584 4251 889874 1684 622 1637 3234 96 333 3216 1180 1154 68 10530 34 2596 49 405 1903 1077 767 218 272 125 5277 510 751 3284 211 8781 74 38 10 9 15 8 70620 115 35 36 141 436 680 719
internal_value=-0.00304431 0.0428584 -0.0653961 0.0229123 0.0714687 -0.0733075 0.0116911 0.0233047 -0.00356582 -0.0140616 -0.0281545 -0.034468 0.0309553 -0.0550613 -0.0480444 0.0472399 0.0600557 0.034831 0.00623094 -0.00307451 -0.0767213 0.0254138 0.0415788 -0.0268531 -0.0226665 0.0105389 -0.0258607 0.0156009 0.00384784 0.0283487 0.0215517 -0.00315883 -0.157543 -0.00294763 -0.0118 -0.028408 0.0276572 0.0328838 -0.00918442 -0.0400387 -0.0447736 -0.00822187 -0.0168392 0.0282 0.0541635 0.0537176 -0.0620294 -0.0776499 -0.0614315 0.354755 0.852363 -0.0667285 0.143355 0.467578 -0.0706247 -0.0237256 0.338779 0.10575 0.279675 0.0105796 0.0347892 0.0255639
internal_weight=13588.4 7826.58 5761.84 4611.56 3215.02 4992.44 3541.62 2010.91 1530.71 769.401 587.69 403.357 615.184 283.025 335.691 837.226 1069.94 560.371 1173.68 790.31 4589.08 383.374 33.0664 577.403 322.39 953.307 116.388 836.918 522.293 505.884 443.692 304.664 13.0826 205.262 264.754 86.547 189.838 67.6666 103.305 372.141 349.625 402.984 325.881 77.103 39.9106 325.443 272.822 4502.53 406.841 5.11299 1.27898 401.728 7.31478 0.867351 394.413 51.1384 3.12005 7.07907 2.50365 4.57542 326.907 263.823
internal_count=1221560 147420 1074140 76892 70528 1025743 56822 25644 31178 48397 46225 47000 6174 34685 45195 12797 20070 7423 12847 9069 978743 3778 786 19592 4818 11586 1230 10356 7140 6640 5486 11540 130 4233 10579 8551 2495 1805 1100 15359 15141 5960 5402 558 961 4215 43427 970192 80318 130 92 80188 637 82 79551 8931 150 628 177 451 3083 2403
is_linear=0
shrinkage=0.08


Tree=39
num_leaves=63
num_cat=0
split_feature=8 1 1 11 7 10 10 11 11 1 2 14 3 7 8 5 5 1 1 14 3 5 14 4 10 0 14 14 5 3 4 4 5 0 4 14 5 1 10 8 14 15 4 2 14 14 0 14 11 0 0 4 14 2 4 4 7 0 8 4 15 7
split_gain=4336.68 1136.17 699.57 268.143 186.392 263.877 185.913 174.83 172.955 125.594 111.555 85.3303 84.3899 61.4566 57.2724 51.8948 49.5311 56.9876 48.3889 46.7589 39.9288 45.7503 36.707 34.9221 56.8881 38.056 34.8344 33.4836 31.3128 29.7577 29.7301 53.4071 40.3361 28.8479 33.6948 28.7535 26.0066 24.4538 30.5586 23.8224 23.8149 23.7289 23.3723 20.8425 28.5141 29.097 20.4943 20.1591 19.965 19.9594 19.9283 22.9908 19.9264 19.8988 23.0626 23.027 22.8392 19.128 19.6266 18.6383 17.88 17.6052
threshold=0.66352924704551708 0.80901724100112926 0.79743590950965892 0.2264957278966904 1.0000000180025095e-35 0.081666667014360442 0.21980676054954532 0.84523808956146251 0.43650794029235845 0.24121212214231494 0.93643954396247875 4.1410288810729989 0.75147059559822094 1.0000000180025095e-35 0.76220238208770763 0.13392857462167743 0.26785714924335485 0.15047170221805575 0.982753485441208 3.9818859100341801 0.99438202381134044 0.84523808956146251 17.030370712280277 0.95861870050430309 0.45227272808551794 0.86526826024055492 1.2908954024314883 16.569128990173343 0.30952382087707525 0.58898946642875682 0.99350649118423473 0.73401361703872692 0.17424242943525317 0.75134408473968517 0.6291005313396455 15.2471981048584 0.38750000298023229 0.11852502077817918 0.51190477609634411 0.86683088541030895 17.466416358947757 4.5000000000000009 0.99350649118423473 0.62715834379196178 7.5303425788879403 0.74096721410751354 0.087595909833908095 0.50000184774398815 0.43650794029235845 0.053342817351222045 0.10367219150066377 0.10084745660424234 0.25527356564998632 0.26365442574024206 0.55036231875419628 0.077677227556705489 0.69885995984077465 0.087595909833908095 0.53250595927238475 0.43288289010524755 21.500000000000004 0.59026268124580394
decision_type=2 2 2 2 2 2 2 2 2 2 2 2 2 2 2 2 2 2 2 2 2 2 2 2 2 2 2 2 2 2 2 2 2 2 2 2 2 2 2 2 2 2 2 2 2 2 2 2 2 2 2 2 2 2 2 2 2 2 2 2 2 2
left_child=1 6 7 4 27 -6 13 11 10 26 15 14 19 28 36 -4 17 -9 20 -11 23 -22 30 25 -25 -17 48 43 -1 -5 31 -7 -33 -13 -35 -32 -2 49 39 59 -26 -19 -23 -3 45 -45 -43 -34 -8 -16 -40 -52 -31 56 55 -55 -48 -28 60 -39 -59 -21
right_child=2 3 8 29 5 22 9 16 -10 12 -12 33 -14 -15 37 18 -18 41 -20 61 21 42 -24 24 40 -27 57 -29 -30 52 35 32 47 34 -36 -37 -38 38 50 -41 -42 46 -44 44 -46 -47 53 -49 -50 -51 51 -53 -54 54 -56 -57 -58 58 -60 -61 -62 -63
leaf_value=-0.078392984058354584 -0.046940829737112909 -0.041799150480291723 0.082537261554058688 0.21533080681577285 -0.077395180680674275 -0.040632442762843939 -0.054841058302683605 0.067145339474850782 0.080627799061548461 -0.069215406471342764 0.079119165222792984 0.032595298220946596 0.027355339996999524 -0.077108040925020535 -0.098786105597028717 0.0017533852690055434 0.076072467120537293 0.038035685608113441 0.042266208335266696 -0.017839806824527321 -0.15467865814659504 0.083002700522897405 0.062131662749967662 -0.13822222914151666 -0.080407072662131415 0.062151152841173868 -0.029237816806406171 0.054491184978522754 -0.0082333374481671981 -0.21612617606382192 -0.0634428309359438 0.223954636364919 -0.065550995374329346 -0.39431734405080276 -0.03161990799766836 0.0092404159464439493 0.050536337733757979 -0.018050507120847242 -0.077013601133275267 0.082512742193134356 0.037305581212577418 -0.1706456248002457 -0.085800518867607561 -0.029967598671995228 0.0036735910168602865 0.050290894524509078 -0.029126831868082043 0.058037415233724306 0.019575610902593164 0.059027203517436816 0.019504549293160412 -0.029005603575098224 0.071336984833931361 0.13486385533700096 0.083042719458565895 -0.032649313373626185 0.040606056654042835 0.11603101483884022 0.025341841460889726 0.045225650081347421 -0.030939347516422269 0.11962530575391318
leaf_weight=59.414850845467299 382.27182577736676 47.736418175976723 101.61012706859037 9.2823406509123725 451.98234614077955 50.483330967836082 64.187788734678179 186.12848995625973 2450.1198178119957 555.78415202628821 409.84908533468843 332.06086966441944 71.973030251916498 3728.1808097823523 5.6461065905168644 177.22569083794951 182.80523283034563 187.34679972287267 382.60536003485322 13.09837462892756 21.004081044346094 12.367465775460005 79.507696318440139 24.033324427902699 14.662435144186018 107.12439742684364 28.594548143446445 121.10023795813322 129.33698806259781 1.5518021099269379 67.141700385604054 8.8339277273043972 9.485705429222433 1.7713978625834013 21.979120574891567 72.391166335903108 18.358160997740924 82.208850543014705 37.704300978220999 31.473150002770126 44.033943902701139 4.3305802680551997 9.1211080998182297 34.378907572478056 605.56957096047699 181.72879512049258 39.568330087233335 77.127404619008303 36.021947458386421 56.012840449810028 86.854009858332574 223.23985906736925 281.03563720965758 5.46763752400875 13.623634107410906 133.12371598742902 125.08806493738666 31.910954166669399 113.00440258905292 46.725759674329311 6.3522841189987949 10.944873617030678
leaf_count=6530 26779 782 1338 142 86164 3385 7742 2745 65914 90825 9308 3482 1458 850452 52 1570 4381 1776 5771 559 111 139 1124 132 111 1373 1159 1661 4757 58 3515 88 428 15 234 1921 198 4121 369 609 414 28 63 398 3768 1339 332 1177 395 459 793 4643 6921 29 236 1410 1165 695 3027 513 191 286
internal_value=-0.00298477 -0.0459263 0.0470969 0.00323836 -0.00825089 -0.0365387 -0.0672126 0.0113186 0.0681019 -0.0350966 0.0445602 -0.00700924 -0.0543485 -0.0748533 -0.0192959 0.0287131 0.0390209 0.0292707 0.0218092 -0.0644903 0.00269919 -0.0707168 0.0140582 0.0111977 -0.0345485 0.0245073 0.00970768 0.0150803 -0.030318 0.0743881 0.00066867 0.0259138 0.0611111 0.0265032 -0.0586712 -0.025734 -0.0424741 -0.00300098 -0.00877336 0.0201127 0.0079008 0.0154086 0.011352 0.00959074 0.0125763 0.0375232 0.00221098 0.0445022 -0.0280908 0.0445762 -0.0220959 -0.0154184 0.0697584 0.00457336 -0.0162774 -0.0260407 0.0238487 0.030767 0.0421099 0.0048807 0.0916317 0.0447365
internal_weight=12905.7 6948.14 5957.55 2099.34 1807.47 816.953 4848.81 2203.79 3753.76 931.872 1303.64 1326.31 651.8 3916.93 970.495 893.788 877.482 694.677 792.178 579.827 409.572 42.4927 364.971 367.08 82.7297 284.35 280.072 990.514 188.752 291.87 285.463 145.93 95.447 355.811 23.7505 139.533 400.63 569.865 508.206 160.408 58.6964 508.549 21.4886 869.414 821.677 216.108 321.202 86.6131 100.21 61.6589 347.798 310.094 282.587 316.871 152.215 138.591 164.656 179.862 151.268 128.935 38.2632 24.0432
internal_count=1221560 1080947 140613 112871 105750 97802 968076 54369 86244 106337 20330 42267 93128 861739 38536 11022 12102 7721 9684 91670 3913 313 11638 3600 657 2943 13209 7948 11287 7121 10514 5078 1693 3731 249 5436 26977 11559 11048 5243 525 4976 202 6287 5505 1737 3200 1605 8137 511 5805 5436 6979 3172 1675 1439 1497 5072 3913 4634 886 845
is_linear=0
shrinkage=0.08


Tree=40
num_leaves=63
num_cat=0
split_feature=16 11 15 10 4 15 14 7 14 1 0 4 1 0 4 1 16 14 1 5 14 7 16 0 0 5 14 0 16 11 14 0 1 4 1 0 5 5 3 5 0 1 4 0 7 0 0 14 0 7 7 7 0 5 3 4 4 11 8 5 0 0
split_gain=4967.69 699.889 287.3 217.654 199.855 136.045 84.175 78.7725 76.2411 57.5945 60.9514 51.1372 49.767 65.278 48.233 81.5069 46.4012 43.7318 33.8304 41.559 33.3201 32.5084 30.1164 29.7304 27.7872 27.8755 27.5336 23.9427 23.9015 73.5291 22.7379 22.4431 26.5405 26.8465 22.2955 20.3776 21.8558 20.0463 19.9181 19.7985 19.1603 28.2805 17.9668 25.0574 24.0247 23.6761 20.9766 22.3939 18.392 17.6662 17.5011 17.3091 31.2251 16.8024 16.6372 16.0071 28.5725 15.6581 15.4088 14.868 14.7867 14.7754
threshold=0.65066003799438488 0.84523808956146251 3.5000000000000004 0.21980676054954532 0.52976614236831676 8.5000000000000018 16.569128990173343 1.0000000180025095e-35 1.5000084638595583 0.80901724100112926 0.18677325546741488 0.74133810400962841 0.77015754580497753 0.24283374845981601 0.99350649118423473 0.85880398750305187 0.75797963142395031 2.0013564825057988 0.15047170221805575 0.30952382087707525 3.9818859100341801 0.76294618844985973 0.51550972461700451 0.84028983116149913 0.91734972596168529 0.13392857462167743 17.030370712280277 0.95945203304290783 0.56867393851280224 0.31666667759418493 15.822612285614015 0.32290647923946386 0.81892696022987377 0.093386627733707442 0.46049895882606512 0.58204832673072826 0.84523808956146251 0.23611111193895343 0.92390406131744396 0.46428571641445165 0.54653680324554454 0.63702240586280834 0.56562754511833202 0.27334994077682501 0.46882475912570959 0.55941176414489757 0.21352583914995196 2.3016915321350102 0.62988328933715831 1.0000000180025095e-35 0.81337305903434765 0.47466187179088598 0.93419912457466137 0.26785714924335485 0.77849927544593822 0.082482993602752699 0.072077922523021712 0.31666667759418493 0.73854896426200878 0.13392857462167743 0.80982521176338207 0.087595909833908095
decision_type=2 2 2 2 2 2 2 2 2 2 2 2 2 2 2 2 2 2 2 2 2 2 2 2 2 2 2 2 2 2 2 2 2 2 2 2 2 2 2 2 2 2 2 2 2 2 2 2 2 2 2 2 2 2 2 2 2 2 2 2 2 2
left_child=3 2 6 7 18 12 51 17 11 10 57 21 13 22 15 20 49 60 -3 31 42 39 -5 -12 25 -17 -18 -8 -9 -30 -31 34 33 -33 61 -19 -37 -13 -28 -4 41 -35 43 44 46 -44 -10 -48 -47 -16 -46 -2 -53 55 -39 56 -45 58 -7 -11 -1 -20
right_child=1 4 8 5 -6 9 27 28 14 59 23 37 -14 -15 16 24 26 35 19 -21 -22 -23 -24 -25 -26 -27 38 -29 29 30 -32 32 -34 40 -36 36 -38 54 -40 -41 -42 -43 45 53 50 48 47 -49 -50 -51 -52 52 -54 -55 -56 -57 -58 -59 -60 -61 -62 -63
leaf_value=-0.073091833299141803 0.014173690592802187 0.062563768610359144 -0.057994450637595216 0.15274938975852409 0.080670237106342108 -0.046456139674871631 0.049597518027645879 -0.078612156444007528 0.061503100316207052 0.19776556673961884 -0.07265041637067543 0.090119766829307779 0.13816240348317491 -0.044523228600092814 -0.0048864678255225811 0.091274959920344526 -0.0085674294681091449 -0.017342611542337752 -0.10236384741197591 0.081590843704682781 0.026283057056197122 -0.0017882201272553838 0.029972345659993769 1.1358740273290251 0.079241727847903329 0.024726994899289863 -0.061715104852603987 0.076919169931663839 -0.069662229659694749 0.03340062565133349 0.27237282572205074 0.12586076563877019 0.089748825184806674 -0.032766885274754291 0.083899581801501352 0.13118997601238394 0.0065680407133639589 -0.090599609424411851 0.048350987830849811 -5.0862373152376927e-05 -0.091665931916348864 0.072245466677027748 -0.068701689341373107 -0.023389680991281636 -0.01911473265540237 0.071445225501192519 0.069850158118077085 0.63489051205394287 0.0099353460766109288 -0.072356316352785249 0.026166870331140912 0.027055627378040348 0.072761009459430218 0.011466823120511734 0.011332195150570141 -0.050426631535128705 0.51331968402902872 0.0098275244307572014 0.042990105529132842 -0.0063125531380538828 0.14497830213848345 0.021178415338525155
leaf_weight=49.505343476310372 399.20742265321314 172.99078234657645 282.99881473742425 14.206811423879115 2173.9601168837398 106.55333103518933 478.5076184021309 3485.781455665594 16.92556065693498 7.2905659871175867 397.26171952066943 19.53308150311932 20.573586627840996 91.037997449748218 34.493912093341351 46.53380493959412 396.67483549751341 27.355284570716321 6.3446466960012904 65.522050589323044 307.4278738447465 121.45004268921912 127.88867577444762 0.13032053085043926 113.70854374300689 299.94217447936535 11.779560532420872 359.49790354259312 271.20786970225163 33.565810963278636 2.7575543690472832 7.5922315753996363 15.371352044865487 95.827502713538706 37.767189204692841 19.66109622688964 16.619935201946646 11.02015490690246 98.60576893761754 43.547234244644642 25.279299058951437 19.805085783824325 20.652005763258785 2.1604895973578091 173.18637506943196 37.989722188562155 0.90845696628093608 0.88739704666659236 171.83170941798016 88.719222701154649 79.795015563257039 524.57239206135273 117.00110202748328 39.117504431866109 146.26934710238129 159.20352056995034 0.89896200504153956 78.383874614257365 13.938473206479101 3.3275550222024322 2.0733682904392472 263.87234132736921
leaf_count=6333 3962 2736 18766 1013 62807 12761 8721 876785 183 150 78892 262 313 11863 387 731 3162 2573 41 1417 3204 2960 2763 3 2091 3515 100 9193 58402 2160 26 45 241 753 365 590 235 211 1847 724 204 175 237 86 2454 413 52 29 1714 6852 688 7156 2530 449 1849 8668 29 1688 506 170 11 2314
internal_value=-0.00290783 0.0377313 0.0183766 -0.0667271 0.0686326 -0.0303053 0.0424471 -0.0747466 0.00178852 -0.050871 -0.0541598 -0.0227463 0.0188895 0.00836388 0.00908341 0.0170164 -0.00943356 -0.00957996 0.0317936 0.0218882 0.00431212 -0.0371248 0.0422477 -0.0722541 0.0449265 0.0336648 0.00126657 0.0613183 -0.076726 -0.0553464 0.0515426 0.0135979 -0.0103204 -0.0206784 0.0263247 0.0347928 0.0741021 0.0136829 0.0366055 -0.0502673 -0.0285738 -0.0147808 -0.00528835 -0.0142115 0.00163931 0.0130278 0.0890868 0.349057 0.0210722 -0.0534679 -0.00483208 0.0272526 0.0353907 -0.0355974 0.00419056 -0.0469434 0.134312 -0.0180038 -0.036109 0.133811 -0.0643258 0.0182777
internal_weight=12258.5 7489.38 4605.05 4769.12 2884.33 860.593 1878.79 3908.53 2726.26 606.886 596.268 624.819 253.707 233.133 2101.44 1471.17 630.273 115.215 710.372 537.382 1010.98 447.996 142.095 397.392 460.185 346.476 507.06 838.006 3793.31 307.531 36.3234 471.86 163.875 148.504 307.984 63.6363 36.281 176.823 110.385 326.546 140.912 115.633 703.557 473.083 271.703 230.473 18.7214 1.79585 209.821 123.213 252.981 1040.78 641.573 201.38 157.29 162.263 3.05945 198.876 120.492 10.6181 51.5787 270.217
internal_count=1221560 164323 93225 1057237 71098 110122 31562 947115 61663 94170 93850 24772 15952 15639 36891 24543 12348 9742 8291 5555 18206 22450 3776 78895 6337 4246 5109 17914 937373 60588 2186 4138 1418 1177 2720 3398 825 2322 1947 19490 1132 928 15002 12638 3406 2364 264 81 2127 7239 3142 13648 9686 9232 2060 8783 115 14955 13267 320 6344 2355
is_linear=0
shrinkage=0.08


Tree=41
num_leaves=63
num_cat=0
split_feature=16 11 9 14 6 15 7 2 2 7 2 6 14 6 9 2 9 9 6 14 5 14 5 14 15 10 4 2 9 14 6 16 2 11 2 6 15 9 14 16 11 9 14 2 5 2 14 14 7 16 16 7 10 9 14 7 9 15 5 5 14 4
split_gain=4483.97 663.741 263.76 256.818 205.478 88.7406 73.9561 68.405 51.6713 49.3131 46.9257 41.8946 41.55 41.3815 41.2338 41.4024 61.967 40.0218 201.939 80.7139 58.3068 39.0114 36.4536 31.4055 30.8807 27.8135 26.9861 35.87 26.5411 26.0576 42.4872 22.6501 24.7097 22.3175 37.8137 28.9692 24.0788 34.1634 59.7962 38.8443 21.11 21.5841 20.8419 20.4647 23.3661 20.1906 20.0666 19.9872 22.3911 19.7739 19.4915 19.447 18.9527 18.9121 18.5832 18.3034 17.3742 17.1525 16.9375 24.9929 26.283 37.2909
threshold=0.65066003799438488 0.84523808956146251 0.69520044326782238 16.569128990173343 0.05505050532519818 6.5000000000000009 1.0000000180025095e-35 0.2290398105978966 0.96051946282386791 0.77260699868202221 0.20734438300132754 0.20638945698738101 1.5000084638595583 0.4743421077728272 0.9976744055747987 0.87570226192474376 0.63897106051445018 0.56017240881919872 0.45080643892288214 3.3272596597671513 0.17424242943525317 2.0013564825057988 0.11805555596947671 1.1679422855377199 8.5000000000000018 0.93095237016677868 0.99350649118423473 0.64549729228019725 0.95393458008766185 15.06917715072632 0.73431372642517101 0.44190402328968054 0.12024096399545671 0.31666667759418493 0.18321678787469867 0.069366481155157103 9.5000000000000018 0.61577314138412487 1.951428294181824 0.4771751612424851 0.43650794029235845 0.97572758793830883 3.1143147945404057 0.92907443642616283 0.61250001192092907 0.88273492455482494 15.209865570068361 17.466416358947757 0.23745594918727878 0.69871267676353466 0.56148993968963634 0.46882475912570959 0.73030304908752453 0.58079877495765697 2.1407539844512944 1.0000000180025095e-35 0.66815477609634411 5.5000000000000009 0.30952382087707525 0.84523808956146251 3.1822726726531987 0.64346247911453258
decision_type=2 2 2 2 2 2 2 2 2 2 2 2 2 2 2 2 2 2 2 2 2 2 2 2 2 2 2 2 2 2 2 2 2 2 2 2 2 2 2 2 2 2 2 2 2 2 2 2 2 2 2 2 2 2 2 2 2 2 2 2 2 2
left_child=2 3 6 5 10 14 21 23 40 12 52 54 13 -7 15 25 -17 47 19 33 24 -1 -13 -4 -20 29 27 28 -14 30 42 32 -21 -19 36 -36 37 38 -35 -40 41 -5 -2 44 -18 -11 -31 -8 -49 -29 -25 -50 57 -10 -9 -28 -44 -3 -23 60 -60 -62
right_child=1 4 7 8 -6 9 17 11 53 45 -12 22 26 -15 -16 16 43 18 20 31 -22 58 -24 50 -26 -27 55 49 -30 46 -32 -33 -34 34 35 -37 -38 -39 39 -41 -42 -43 56 -45 -46 -47 -48 48 51 -51 -52 -53 -54 -55 -56 -57 -58 -59 59 -61 61 -63
leaf_value=-0.063607021092256716 -0.0095732395529213518 0.063642327181075556 -0.028920919329756802 0.020893886190420256 0.07930936648111285 -0.052841728443098035 -0.078942176918015472 -0.074504469246670507 0.037699963685247702 0.011662900404537511 0.0030979203115329302 0.12151269740853328 -0.023319730944646035 0.0039361907005920878 0.055907485483920216 0.0095032199734424814 0.072964603225898261 -0.07710145951486147 0.21981256000830665 0.9992511217141018 0.053269566796656009 -0.042858262468881511 -0.077407556866112379 0.065564032544035686 0.50912168314799955 -0.09304188533221483 -0.01311644854580399 0.11577831321087187 0.043792057416555917 -0.045898690984641249 0.056289472325811579 0.079221489408904874 0.1007741703591354 0.19788131881049015 -0.073742271881215654 0.084280677935922935 0.037700658126863275 0.18143423998862659 3.1077927769739495 0.81468439964751937 0.071359448270469292 0.075645528930967695 0.062994604179690022 0.072950249851169616 0.0058903349159030206 0.074780042643664724 0.0037409525604303441 1.0388506601744099 -0.042760808729487787 0.024546500697664821 0.012164500643480063 0.24554432373950125 0.062815415726004895 0.081653643082059274 -0.01549912073500051 -0.064317931241657009 0.011595805736126331 0.00078792060267879902 0.067958702619594094 0.0010641604669982226 0.68580739748688302 0.16333772967959451
leaf_weight=48.14383624587208 328.25350278615952 42.737122368067503 94.09060824662447 335.01684295199811 2099.6475936116185 285.12937175994739 3187.5557033086661 147.83127385796979 75.250143750570714 336.94211141951382 288.15132356621325 16.061883111950014 230.07713371049613 115.40506235975772 170.29557731747627 431.69620680110529 55.012881435453892 488.37425977480598 7.6211599879898149 0.36532218940556305 11.722105695633216 14.966583776287733 9.3157089566811901 59.085961013566703 3.4212576458230615 18.093105788342655 164.75215104874223 16.546361926477402 45.107843845617026 94.392860470805317 123.86437260219827 18.062052637571469 0.42241555941291153 0.28749496513046269 58.804953137412667 8.4975467047188413 8.4240053147077543 2.2941026552580297 0.10036820010282099 0.089379858691245317 90.335651589557528 53.429943572729826 46.560469756834209 187.37485526502132 83.983058970421553 35.891693081706762 116.37581254262477 0.14290989632718165 6.0484219733625633 187.52266611903906 168.51752576325089 1.9900230285711584 198.7549950517714 374.19640479236841 44.425745021551847 61.312396662309766 438.3783978652209 79.430260509252548 17.555438951123509 26.273348147049546 1.0988580416887987 4.2783282594755292
leaf_count=6344 4953 428 5866 4740 64551 18956 864275 25042 1169 5643 2086 191 8334 1485 2935 4992 873 123608 43 9 825 1764 444 1362 30 167 1485 619 402 839 1684 1898 45 64 13922 517 1110 93 20 20 2715 1021 360 4312 1300 661 1046 23 977 1943 3542 27 3365 10527 3542 5311 4753 668 946 592 56 40
internal_value=-0.00283905 0.036152 -0.0659294 0.0173224 0.0674421 0.00758255 -0.0731522 -0.0134786 0.0548133 -0.00742176 0.0265321 -0.0481175 -0.0159046 -0.0364824 0.0181765 0.0148368 0.0293908 -0.0750411 -0.0562365 -0.0653222 0.177535 -0.00917325 0.0484922 0.0099556 0.309449 0.005374 -0.00421892 0.0065284 -0.0123189 0.00692533 0.0126419 0.0975353 0.517453 -0.0707376 -0.0311446 -0.0537905 0.104994 0.309546 0.925377 2.02764 0.0365257 0.0284248 0.00599361 0.0556965 0.0324375 0.017739 -0.0184902 -0.0786217 0.0462595 0.0319438 0.026027 0.0286129 0.0475733 0.0742945 -0.0608698 -0.0270031 0.0165308 0.0227759 0.0316643 0.0543312 0.115358 0.270107
internal_weight=11665.8 7209.92 4455.87 4501.2 2708.72 3572.97 3916.54 539.329 928.229 1478.69 609.074 217.635 1105.85 400.534 2094.28 1923.99 758.067 3804.22 608.486 585.722 22.7645 112.316 25.3776 321.694 11.0424 1165.92 705.319 479.254 275.185 1147.83 937.057 18.8498 0.787738 566.872 78.4979 67.3025 11.1954 2.77135 0.477243 0.189748 478.782 388.447 813.192 326.371 138.996 372.834 210.769 3195.74 8.18135 204.069 227.603 8.03845 320.922 449.447 192.257 226.065 484.939 122.167 64.1726 49.206 22.9326 5.37719
internal_count=1221560 164323 1057237 93225 71098 73053 1017248 39989 20172 44839 6547 29219 38535 20441 28214 25279 11477 1007506 142204 141306 898 9742 635 10770 73 13802 18094 11298 8736 13635 11750 1952 54 139354 15746 14439 1307 197 104 40 8476 5761 10066 6485 2173 6304 1885 865302 1027 2562 4904 1004 4461 11696 28584 6796 5113 1096 3398 1634 1042 96
is_linear=0
shrinkage=0.08


Tree=42
num_leaves=63
num_cat=0
split_feature=16 11 9 2 6 9 1 9 8 4 6 2 2 0 8 9 1 9 1 11 1 1 3 15 3 4 10 10 8 11 5 1 3 5 5 6 5 11 0 1 2 3 10 11 8 15 2 1 0 15 16 6 16 11 3 0 2 5 6 4 2 1
split_gain=4047.51 626.733 258.841 232.176 206.574 204.884 89.3657 76.2599 72.5688 63.2513 93.9805 61.8371 47.9389 43.2818 42.8413 52.5414 42.5666 39.8879 184.431 44.3358 38.4733 36.0768 34.5328 32.6775 33.0039 30.0709 25.0581 24.0397 22.7203 22.694 26.1405 24.8322 37.8875 22.769 21.2649 24.32 19.9459 19.9061 25.2492 19.8541 22.0491 18.5427 18.4819 18.4735 30.333 17.9893 34.6788 23.8517 17.2115 16.985 16.8609 16.7244 16.2516 15.8608 15.099 15.0959 18.4357 15.0427 15.0183 14.9026 14.8164 19.1655
threshold=0.65066003799438488 0.84523808956146251 0.69520044326782238 0.86616915464401256 0.05505050532519818 0.64303660392761242 0.99350649118423473 0.9976744055747987 1.0000000180025095e-35 0.99350649118423473 0.78679654002189647 0.2290398105978966 0.93419912457466137 0.2014492750167847 1.0000000180025095e-35 0.44076909124851232 0.68801230192184459 0.56017240881919872 0.79743590950965892 0.31666667759418493 0.15504807978868487 0.82807883620262157 0.6820855736732484 12.500000000000002 0.99438202381134044 0.038838613778352744 0.93095237016677868 0.26491229236125952 0.70025381445884716 0.38750000298023229 0.58571431040763866 0.982753485441208 0.93419912457466137 0.84523808956146251 0.13392857462167743 0.13270440697669986 0.17424242943525317 0.2264957278966904 0.75905716419219982 0.14160401374101642 0.092665474861860289 0.93419912457466137 0.65686276555061351 0.38750000298023229 0.85783973336219799 6.5000000000000009 0.25677657127380377 0.45199692249298101 0.072077922523021712 5.5000000000000009 0.83375209569931041 0.30860807001590734 0.549086093902588 0.64583334326744091 0.79277813434600841 0.78629976511001598 0.81120249629020702 0.46428571641445165 0.47913043200969702 0.056349206715822227 0.053342817351222045 0.11189358308911325
decision_type=2 2 2 2 2 2 2 2 2 2 2 2 2 2 2 2 2 2 2 2 2 2 2 2 2 2 2 2 2 2 2 2 2 2 2 2 2 2 2 2 2 2 2 2 2 2 2 2 2 2 2 2 2 2 2 2 2 2 2 2 2 2
left_child=2 3 8 6 13 14 7 9 21 10 23 39 29 42 50 -16 53 -10 19 -19 -21 -1 45 24 25 -2 60 41 -26 30 -7 32 -32 -34 35 -20 -18 -30 -39 48 -41 -8 49 55 -45 46 47 -22 59 -3 -5 -47 -50 -13 -15 56 -11 -48 -28 -4 -27 -62
right_child=1 4 11 5 -6 12 27 -9 17 43 -12 16 -14 54 15 -17 36 18 34 20 22 -23 -24 -25 28 26 58 -29 37 -31 31 -33 33 -35 -36 -37 -38 38 -40 40 -42 -43 -44 44 -46 51 57 -49 52 -51 -52 -53 -54 -55 -56 -57 -58 -59 -60 -61 61 -63
leaf_value=-0.042287152161070186 -0.10475126220690376 0.070787474249744242 -0.098711661564739595 0.083939366751201755 0.078755996832937186 0.071378704238093463 0.12735308034089601 0.04217259590512825 -0.078460630359663747 -0.056238631526229391 0.073395639870415183 -0.069874918450509901 0.076641237578022478 -0.00043831710792738233 -0.077013483792796586 0.0066078757167386598 0.10656271021066087 -0.075947987876929843 -0.0041318092426722193 0.1519727991774133 0.17273512850566122 0.053710683969850306 0.18316852440139061 -0.028934369363982734 0.025959399645099319 -0.11105781064548048 -0.056833269991599704 0.047570039987576702 -0.093087026972971845 0.078046091196413828 0.021194348282467662 0.040353730711379543 -0.17189732822547948 -0.030754111498241237 0.067104466831154064 0.25062077669169902 -0.069272337819990981 -0.11272235053474072 -0.5102278628130329 -0.080333265754023664 0.0020844847727618807 0.0088672828751413819 0.058481916643260877 -0.070149712262796579 -0.5297452653662833 -0.064865852951789635 -0.067347660895679756 0.87909735881068374 0.085900420640817127 -0.0097610193048428186 0.015923041375415867 0.62374211194394114 0.022786792306603978 -0.0067214664699470341 0.090249859384729819 -0.086153478515450854 0.037784876083973858 0.57118559126292556 -0.23812554238929104 0.091232836750181803 0.058062579918465237 -1.1136102707838636e-05
leaf_weight=71.896692393347621 17.963205561973155 23.665378641337156 10.972938288468866 24.320318050682545 1951.2925359604415 85.589544057846069 8.7571759512647969 186.10770726110786 2955.9950222470798 53.591810296289623 87.609991168603301 153.65888094389811 586.89589130878448 284.50661632418633 75.006736452225596 134.00227244012058 15.644244074355813 457.182114723837 2.9549146352801499 8.1479625196661782 3.9750039607752106 38.455251717939973 4.5514474234078071 490.5503776082769 8.1750325649045426 7.4670732584781936 16.734757267870012 262.31077633751556 17.347872287034992 88.714293161407113 76.645585166290402 163.25704225897789 11.645372014492752 19.670529708266258 14.040585701586677 12.732445838395504 5.6091388752683988 2.3169983737170687 1.8307370319962499 24.238030140288174 145.38014258164912 243.5035197539255 218.90363309532404 2.6089636832475653 1.418891094624996 60.364923488581553 8.5881067374721134 0.33145727170631278 34.992310276255012 57.373448632657528 570.33434450998902 0.22657532570883532 102.88251864537597 30.503946087323129 12.255867592990397 64.827514544129372 17.772575723007321 0.24279862921685058 3.5436974167823783 3.4825636856257907 37.689677312970161 1038.5789698171429
leaf_count=9250 228 220 451 180 64551 1131 74 2302 865302 574 1320 27677 16411 1997 5890 2929 335 124215 437 429 286 492 143 24059 72 95 161 4718 95 2690 922 2920 73 187 758 98 207 31 18 1297 6174 2428 3732 46 30 14385 1409 21 765 433 4295 17 2000 1000 165 838 160 6 29 83 285 18034
internal_value=-0.00277992 0.0345768 -0.0651281 0.0163156 0.0661596 0.0380435 0.000796859 -0.00666498 -0.0727176 -0.0115254 -0.0073364 -0.0127477 0.0616216 0.0249679 0.00775428 -0.0234012 -0.047043 -0.0747151 -0.0554038 -0.0660144 -0.0134684 -0.00883399 -0.0306886 -0.0116434 -0.00427822 -0.00207588 -0.000405265 0.030613 -0.0875584 0.0418358 0.0328328 0.0206687 -0.00909866 -0.0832407 0.138624 0.202635 0.0601568 -0.130731 -0.288174 0.00913409 -0.00969281 0.0129805 0.0463992 -0.0632021 -0.232051 -0.0438905 0.0409747 0.227102 0.0300976 0.0137612 0.0187048 -0.0622909 0.0388049 -0.0594144 0.00330698 -0.0582084 -0.032823 -0.0497917 -0.0885144 -0.052951 0.0012434 0.00202254
internal_weight=11121.8 6954.79 4167.05 4406.79 2548 1836.08 2570.71 2056.14 3639.69 1870.03 1729.81 527.365 1032.42 596.705 803.664 209.009 205.416 3529.33 573.338 543.61 86.4283 110.352 78.2803 1642.2 1151.65 1121.98 1104.01 514.571 29.6706 445.522 356.808 271.219 107.961 31.3159 29.7279 15.6874 21.2534 21.4956 4.14774 321.949 169.618 252.261 299.942 140.22 4.02785 73.7289 13.1374 4.30646 152.33 81.0388 594.655 60.5915 137.875 184.163 296.762 136.192 71.3644 8.83091 20.2785 14.4555 1083.74 1076.27
internal_count=1221560 164323 1057237 93225 71098 37628 55597 48377 1017248 46075 44427 39989 24334 6547 13294 8819 29219 1007506 142204 140911 16696 9742 16267 43107 19048 18832 18604 7220 216 7923 5233 4102 1182 260 1293 535 542 144 49 10770 7471 2502 4385 1648 76 16124 1722 307 3299 653 4475 14402 2765 28677 2162 1572 734 1415 190 534 18414 18319
is_linear=0
shrinkage=0.08


Tree=43
num_leaves=63
num_cat=0
split_feature=15 8 11 1 1 1 14 8 1 8 2 7 1 14 3 7 8 7 1 2 3 0 3 8 5 14 8 4 11 5 6 11 11 0 2 3 2 1 14 14 1 3 0 0 3 8 2 4 11 0 0 7 6 4 5 2 4 11 11 5 1 2
split_gain=2841.01 719.003 536.795 271.166 215.305 151.944 142.959 83.9334 76.7292 68.4353 65.2493 57.8623 53.983 53.5724 52.1579 56.7961 66.8437 51.4092 43.4226 41.3194 38.8116 32.7054 33.9674 31.4396 28.8985 29.6198 27.9197 24.8591 23.2147 27.4638 21.2088 20.9613 20.7975 20.6666 30.94 20.4846 20.3974 20.5595 20.2266 19.3764 17.5961 17.2102 16.9676 21.0514 19.1495 16.5548 16.3762 15.5811 15.4669 14.3837 14.3446 14.1832 14.0194 17.6528 16.1733 18.0002 15.8882 15.0893 23.2065 13.8881 13.3804 13.0298
threshold=6.5000000000000009 0.71933290362358104 0.43650794029235845 0.63702240586280834 0.80901724100112926 0.2152509689331055 15.636798381805422 0.67700320482254039 0.83457711338996898 0.50917509198188793 0.96051946282386791 1.0000000180025095e-35 0.95040982961654674 2.0573798418045048 0.58898946642875682 0.21896404027938846 0.50555625557899486 0.51867347955703746 0.11852502077817918 0.90501254796981823 0.75147059559822094 0.23606811463832858 0.60922586917877208 0.90019920468330394 0.30952382087707525 1.951428294181824 0.57200461626052868 0.082482993602752699 0.43650794029235845 0.23611111193895343 0.43874999880790716 0.64583334326744091 0.2264957278966904 0.77849927544593822 0.80217391252517711 0.75147059559822094 0.32290647923946386 0.49675324559211737 15.06917715072632 2.8574686050415044 0.25265957415103918 0.80217391252517711 0.87298336625099193 0.91331186890602123 0.93127068877220165 0.97789987921714794 0.087595909833908095 0.87298336625099193 0.31666667759418493 0.080540537834167494 0.053342817351222045 0.67750748991966259 0.72318005561828624 0.99350649118423473 0.6904762089252473 0.77849927544593822 0.82097071409225475 0.095454547554254546 0.31666667759418493 0.61250001192092907 0.82426470518112194 0.73546314239501964
decision_type=2 2 2 2 2 2 2 2 2 2 2 2 2 2 2 2 2 2 2 2 2 2 2 2 2 2 2 2 2 2 2 2 2 2 2 2 2 2 2 2 2 2 2 2 2 2 2 2 2 2 2 2 2 2 2 2 2 2 2 2 2 2
left_child=2 4 6 9 5 13 7 11 18 27 12 38 33 31 -6 -16 32 -13 50 45 -7 -11 36 24 25 30 -12 -4 29 -10 -20 -2 -17 34 -8 -19 37 -23 39 47 46 -31 -35 -44 -45 52 -25 59 51 -15 -3 -18 54 -54 57 -56 -57 -9 -59 -1 -5 -40
right_child=1 8 3 60 14 20 10 19 28 21 26 17 -14 49 15 16 48 35 23 -21 -22 22 -24 40 -26 -27 -28 -29 -30 41 -32 -33 -34 42 -36 -37 -38 -39 61 -41 -42 -43 43 44 -46 -47 -48 -49 -50 -51 -52 -53 53 -55 55 56 -58 58 -60 -61 -62 -63
leaf_value=-0.061995483687146129 -0.050268477956205961 -0.057821488262036799 0.1326172773219492 0.060768144884479396 0.15122470631684451 -0.07612736892045785 -0.052005046863133869 0.014431799914540766 0.096264213218118205 0.043775369186105653 0.036046516056751195 -0.050580242786171327 0.035319010431402072 -0.049534302789624597 0.0022652049961872579 -0.070443488838201548 -0.023958550111292269 -0.026585643518285601 -0.045454790355899055 0.066524028144564165 -0.038951906700786458 -0.0034579588314291743 0.073485712120079663 -0.090802157293679145 0.032429750364738733 -0.00021964959281454071 0.080800343506416794 -0.075338677603977597 0.080893483636680322 -0.1108000983621759 0.11378940310915547 0.004936433718951647 0.0077848265145313237 -0.095101887241537397 0.076517435968388753 0.026076280484935759 -0.04088781002203886 0.088232735582845445 -0.048140406831316727 0.046363560998221691 0.0068645960964068302 0.019584035948936446 0.014960049464479772 -0.32802552060015172 -0.0013674331121507717 0.058245263552192034 0.071030458377147596 0.092540266705739449 0.059235768365130198 0.034167804713999703 0.059920974090185632 0.067613790003087218 0.050065901178877194 -0.046435559613359705 0.037166732997406228 -0.027156174289828389 -0.18254931087644813 -0.085270561602540484 0.0023251210680201042 0.040707254226407842 0.080117951079131708 -3.5758151282985995e-05
leaf_weight=29.733132074121386 243.81879720021971 7.1192385768517843 3.919083861866965 262.23413396719843 11.256878773914648 2868.5443047732115 24.023285422241315 433.15060429694131 31.412379011511803 276.80704958830029 139.42608966166154 348.03152244281955 374.79635476204567 15.06813901546411 325.55532038025558 254.68868407327682 63.734075689688325 89.629562641261145 226.79256751155481 106.99709571711719 191.74739305791445 95.55439057154581 36.880059425719082 4.3083242364227763 72.637307621072978 209.65494788601063 247.71946427039802 60.040165073471144 112.67806055862457 6.9776976555585852 5.4820433873683205 53.717461177147925 23.781052339123562 34.883410709444433 23.928437068592757 100.03333391994238 81.164195533376187 18.71659404435195 40.787485198117793 114.94987127464265 123.35222995933145 90.678673330694437 25.691619704710323 2.387150465976446 2.2136082910001278 48.684307550080121 56.255432147532701 7.4813483059406272 30.12441048794426 102.65418550441973 94.847674244549125 13.039620352443306 89.440761524252594 14.035660175606607 8.5369582101702708 8.360232602804901 8.4849363267421705 25.82868849276565 77.244374643079937 11.759559827391056 1789.3248848686926 309.37557634711266
leaf_count=727 44924 103 272 7744 339 833880 724 6107 455 3781 3013 65550 7625 1110 3825 64425 2371 8331 11720 2554 26517 1592 736 42 828 3624 7527 18313 3753 52 62 2268 1314 477 230 1187 2161 220 348 1117 1795 1215 273 44 50 701 737 67 599 4308 1241 153 1213 130 85 80 68 313 855 82 64094 1509
internal_value=-0.00269948 -0.0446116 0.0381803 0.064054 -0.0593775 -0.0676364 0.0134646 0.000990131 0.0148621 0.0154014 0.0401585 -0.0139718 0.0206996 -0.0222275 -0.019631 -0.0223364 -0.0431196 -0.0323193 0.00293295 0.0201634 -0.0737981 0.0251999 0.00306706 -0.00418628 -0.0143333 -0.0220195 0.0646828 -0.0625962 0.0543607 0.0311974 -0.0416964 -0.0403017 -0.0637629 -0.027735 0.0121291 0.00118968 -0.0102215 0.0115602 0.00521819 0.0284107 0.0242035 0.0102679 -0.0570642 -0.0132616 -0.170857 0.0132137 0.0595182 -0.0137276 0.0106562 0.0234542 0.0517003 -0.00840546 0.00991733 0.0369763 0.00493168 -0.057468 -0.105428 0.00788536 -0.0196251 -0.0328882 0.0776446 -0.00563906
internal_weight=10612.2 5239.93 5372.25 2624.64 4197.73 3475.55 2747.61 1872.55 1042.2 573.082 875.069 1051.78 487.924 415.259 722.18 710.923 385.368 537.694 800.45 820.764 3060.29 509.122 232.315 698.483 514.567 441.93 387.146 63.9592 241.747 129.069 232.275 297.536 278.47 113.128 47.9517 189.663 195.435 114.271 514.087 163.924 183.916 97.6564 65.1758 30.2924 4.60076 713.767 60.5638 48.974 106.898 117.722 101.967 76.7737 665.082 103.476 561.606 25.3821 16.8452 536.224 103.073 41.4927 2051.56 350.163
internal_count=1221560 1011660 209900 98913 986033 913007 110987 91024 25627 27075 19963 78918 9423 52610 73026 72687 68862 75068 20152 12106 860397 8490 4709 18808 16234 15406 10540 18585 5475 1722 11782 47192 65739 1798 954 9518 3973 1812 3850 1993 2574 1267 844 367 94 9552 779 876 3123 5418 1344 2524 8851 1343 7508 233 148 7275 1168 809 71838 1857
is_linear=0
shrinkage=0.08


Tree=44
num_leaves=63
num_cat=0
split_feature=16 11 6 14 10 15 8 14 6 3 2 6 0 14 2 5 5 6 2 1 1 15 14 1 2 2 14 1 0 5 16 11 6 1 6 1 3 2 6 0 5 6 2 0 2 5 1 0 14 16 6 15 14 16 1 16 16 10 1 10 8 8
split_gain=3309.94 562.534 209.844 202.773 202.446 100.536 71.3451 64.5019 54.0725 57.2164 49.8048 44.3976 78.7199 78.0293 69.6301 49.2999 81.2115 44.498 44.0805 43.7605 38.0302 36.7069 33.2413 32.654 31.1571 30.961 30.0734 28.007 46.2392 26.3923 25.9069 66.1231 25.7687 25.4827 23.9178 24.5163 45.0007 42.0694 37.7918 40.1847 34.0429 30.5184 23.0528 21.808 21.5165 21.3438 20.8001 19.2981 19.163 52.4744 80.9882 69.3406 33.6797 18.3396 17.9802 17.8344 17.6192 17.5454 17.154 17.8714 15.5395 16.0057
threshold=0.64620620012283336 0.86607143282890331 0.19006568193435672 16.569128990173343 0.21980676054954532 8.5000000000000018 1.0000000180025095e-35 0.78948670625686657 0.41277891397476202 0.23294574022293094 0.96051946282386791 0.052177859470248229 0.29679679870605474 14.998265266418459 0.91734972596168529 0.095454547554254546 0.30952382087707525 0.13976744562387469 0.70222854614257824 0.97332859039306652 0.95040982961654674 2.5000000000000004 6.803347349166871 0.15047170221805575 0.92031747102737438 0.053342817351222045 2.0013564825057988 0.77015754580497753 0.24283374845981601 0.30952382087707525 0.56867393851280224 0.31666667759418493 0.53452381491661083 0.11189358308911325 0.15655637532472613 0.99350649118423473 0.91366460919380199 0.81120249629020702 0.7923850715160371 0.91331186890602123 0.46428571641445165 0.36939570307731634 0.68457102775573742 0.092665474861860289 0.8521554470062257 0.23611111193895343 0.14160401374101642 0.70396453142166149 2.2223275899887089 0.59347748756408703 0.16345082968473437 9.5000000000000018 17.466416358947757 0.93238162994384777 0.89009663462638866 0.50988206267356884 0.75797963142395031 0.1863425895571709 0.13446328043937686 0.15192308276891711 0.54067841172218334 0.85783973336219799
decision_type=2 2 2 2 2 2 2 2 2 2 2 2 2 2 2 2 2 2 2 2 2 2 2 2 2 2 2 2 2 2 2 2 2 2 2 2 2 2 2 2 2 2 2 2 2 2 2 2 2 2 2 2 2 2 2 2 2 2 2 2 2 2
left_child=4 3 23 7 6 27 26 32 9 -7 20 12 22 14 15 17 54 -13 -14 24 44 -21 25 -3 -15 -9 -1 28 55 53 58 -32 -2 -27 47 36 37 40 39 42 41 -36 -38 46 -5 -10 -35 -18 -33 50 -50 52 -52 -25 -17 -6 -26 -12 59 -8 -45 -62
right_child=1 2 -4 10 5 8 30 11 45 -11 57 13 18 19 -16 16 34 -19 -20 21 -22 -23 -24 29 56 33 -28 -29 -30 -31 31 48 -34 43 35 -37 38 -39 -40 -41 -42 -43 -44 60 -46 -47 -48 -49 49 -51 51 -53 -54 -55 -56 -57 -58 -59 -60 -61 61 -63
leaf_value=-0.060394669310879369 -0.045965671946993227 0.057808431027507025 0.07887813102750145 -0.050962368947888477 0.12618254052273764 -0.01844627065190188 -0.06542389823853427 -0.10980523286319641 0.21925466739707833 -0.074658126870006516 0.03907935107479444 -0.015026065410635309 -0.051860736023559985 -0.06064799580145027 0.07075909506559766 -0.084471919407377541 0.099566613097027232 0.090062122647625489 0.091995012092655787 0.032029005777578758 0.044688974688504121 -0.0061820446807702625 0.071500352636928208 0.0051873708120268851 -0.086326154239319997 0.05539350110828762 0.028448964421897795 0.11563067878347859 -0.040471732959428061 0.079606139753237617 -0.066982179963734664 -0.010786438347474196 0.01180305728148146 0.033311408478809056 -0.00075517592366012296 0.041562704563657661 0.073192588356684171 0.050578004589762936 0.038284039482736391 0.05041761448552344 0.025777671752350764 -0.075722829245871481 -0.086817704973329579 0.09049247726402207 0.023852993816623418 -0.047828098354816863 -0.09161105957308914 -0.029069369350888691 0.14390388605599114 0.0625872569467604 0.1836762187125828 2.5337299560380973 1.5239506768945481 0.065666013632320275 0.027411422370286903 0.028478238177186779 0.022206129366464079 0.081019283359531652 -0.078929434796148445 0.032263419600177777 -0.0086183484309691333 0.025651401868822025
leaf_weight=40.842040918301791 202.9126918388065 148.67393423989415 1627.7032927083783 46.92679410148412 13.257069422397761 205.77160500176251 36.778921337798238 14.973899914883075 6.7476534987799806 265.31242952961475 81.849535151384771 34.210960605647415 242.22752199228853 125.62823695573024 196.66449630400166 62.182781751500443 38.61010856856592 104.73651212546974 14.445375911658628 233.72564866347238 339.61287538614124 516.36501856753603 50.575483278371394 423.09031394124031 11.349935679463668 61.0265296055004 60.512845475692302 17.46310135233216 74.392852500313893 37.473201494663954 199.59408955718391 14.221680643735455 65.328537783585489 12.048538286704568 124.97019333112985 199.88814534409903 6.186201191507279 192.64395357691683 39.080288641154766 19.635586879216135 220.89099747082219 48.140591428615153 84.127493982901797 13.445279705338178 51.713615701533854 2.6737724826671183 29.212615815689787 9.2526255196426046 1.4154881942085951 15.081166785210369 0.30190460709854949 0.18360248208045959 0.1991467522457242 34.723373962566257 10.787482827203347 121.89734420436434 61.145957380533218 290.12476125732064 2524.1968365008943 17.779811351327226 256.97262595244683 132.04214765317738
leaf_count=6301 11611 2753 63259 285 917 20005 10901 277 63 72169 1516 791 16249 2227 4597 1487 390 1751 339 3264 7602 9931 538 3695 1081 544 3366 291 11597 906 56856 1682 910 136 1672 2973 53 2434 605 287 2279 592 845 217 606 293 516 122 146 233 53 35 7 559 158 2772 590 10196 863071 2813 5794 1352
internal_value=-0.00261161 0.0314531 0.0635846 0.014261 -0.0639639 -0.0255813 -0.0732924 0.00577046 -0.0463093 -0.0501045 0.0502616 0.00896061 -0.00697308 0.0145911 0.0266477 0.0193902 0.013498 0.0641878 -0.0437646 -0.00310823 0.0319883 0.00572439 0.00958564 0.0249279 -0.0365482 0.00356056 -0.00735153 0.018293 0.0101811 0.0150579 -0.0756711 -0.0500046 -0.0318964 0.00692368 0.0195401 0.0167182 0.00996777 0.0199403 -0.0292884 -0.0533063 0.00496023 -0.021603 -0.0758575 0.000257455 -0.0117394 0.143457 -0.0551328 0.0746992 0.0579029 0.11476 0.489413 1.20373 0.716379 0.00977444 -0.0679318 0.0380619 0.00521435 0.0717908 -0.0779702 -0.0335892 0.0059362 0.00301373
internal_weight=10135.9 6517.33 2271.66 4245.66 3618.62 707.516 2911.11 3435.43 480.505 471.084 810.228 3167.19 826.97 2340.22 1392.01 1195.34 1056.4 138.947 256.673 948.215 438.253 750.091 570.297 643.961 198.124 519.722 101.355 227.01 209.547 495.287 2809.75 230.997 268.241 504.748 983.426 935.563 735.675 586.646 149.03 109.949 394.002 173.111 90.3137 443.721 98.6404 9.42143 41.2612 47.8627 31.403 17.1813 2.10014 0.684654 0.501051 457.814 72.9703 135.154 72.4959 371.974 2578.76 54.5587 402.46 389.015
internal_count=1221560 167989 71172 96817 1053571 108107 945464 76612 92530 92174 20205 64091 25962 38129 21036 16439 13897 2542 16588 17093 8493 13195 9374 7913 3898 8836 9667 15577 15286 5160 935797 59012 12521 8559 12252 11740 8767 6977 1790 1185 4543 2264 898 8015 891 356 652 512 2156 474 241 95 60 4254 1645 3689 1671 11712 876785 13714 7363 7146
is_linear=0
shrinkage=0.08


Tree=45
num_leaves=63
num_cat=0
split_feature=9 1 1 11 11 9 7 2 14 5 7 5 11 9 5 1 15 2 14 6 7 1 2 1 8 14 2 8 6 7 6 14 4 5 2 4 15 2 5 6 10 7 11 6 2 4 2 8 9 10 1 14 1 7 7 11 11 5 2 10 2 6
split_gain=2438.21 752.624 645.286 190.365 128.082 90.6501 255.191 89.528 69.6694 55.6021 48.9295 48.8417 46.2392 46.1625 48.2793 45.2529 42.8389 40.5462 32.1243 58.165 30.9308 30.7705 36.3933 30.6258 25.6716 25.1335 23.2895 22.6215 25.9829 23.8501 29.9729 35.9447 22.3729 22.0028 33.821 21.109 20.7533 20.0581 25.5358 23.5507 18.4289 22.4741 18.2516 17.135 19.7783 24.0145 16.9558 16.7221 19.1564 18.1894 19.0111 16.4439 16.3734 15.9055 17.8034 15.8148 17.6237 15.7002 23.3556 19.0141 15.5958 15.5428
threshold=0.69520044326782238 0.78629976511001598 0.82807883620262157 0.41428571939468389 0.84523808956146251 0.53196728229522716 1.0000000180025095e-35 0.93643954396247875 1.5790911912918093 0.26785714924335485 0.50917509198188793 0.30952382087707525 0.31666667759418493 0.97572758793830883 0.23611111193895343 0.14160401374101642 7.5000000000000009 0.92031747102737438 4.9062407016754159 0.53452381491661083 0.77260699868202221 0.13446328043937686 0.092665474861860289 0.982753485441208 0.50800052285194408 18.174837112426761 0.053342817351222045 0.52865353226661693 0.15831244736909869 1.0000000180025095e-35 0.18257576227188113 3.4061220884323125 0.1490740776062012 0.61250001192092907 0.81120249629020702 0.04124149680137635 4.5000000000000009 0.20734438300132754 0.30952382087707525 0.42163743078708654 0.057189542800188072 0.28080031275749212 0.31666667759418493 0.040408162400126464 0.3034138828516007 0.44300144910812383 0.12024096399545671 0.83377894759178173 0.88953116536140453 0.68990385532379161 0.94201681017875682 6.2380828857421884 0.63453349471092235 0.62755528092384349 1.0000000180025095e-35 0.10555555671453477 0.31666667759418493 0.61250001192092907 0.81872946023941051 0.68990385532379161 0.75974681973457348 0.29864865541458135
decision_type=2 2 2 2 2 2 2 2 2 2 2 2 2 2 2 2 2 2 2 2 2 2 2 2 2 2 2 2 2 2 2 2 2 2 2 2 2 2 2 2 2 2 2 2 2 2 2 2 2 2 2 2 2 2 2 2 2 2 2 2 2 2
left_child=1 11 4 7 8 6 25 13 20 15 40 18 61 14 -4 -6 27 21 19 -1 37 26 -23 33 -24 -3 -10 29 52 30 31 -13 51 34 -16 -20 -17 -2 39 -39 -8 -42 -31 44 -34 -46 55 48 -35 50 -49 -26 -29 54 -18 -28 -57 60 -59 -60 -45 -7
right_child=2 5 3 -5 9 12 10 -9 17 -11 -12 16 -14 -15 23 36 53 -19 35 -21 -22 22 24 -25 32 -27 46 28 -30 42 -32 -33 43 47 -36 -37 -38 38 -40 -41 41 -43 -44 57 45 -47 -48 49 -50 -51 -52 -53 -54 -55 -56 56 -58 58 59 -61 -62 -63
leaf_value=-0.077433006798338852 -0.01902596921159843 0.0073614486712274517 0.077397745182611152 0.079165570121145459 0.057690716158814562 -0.064052934371129328 -0.077175795330514219 0.073453395837370788 -0.086365286502190802 0.070773758489268798 0.085462413278900723 0.11574736200884758 0.087299441553024409 0.070665839362894334 -0.028111049941005117 0.031067043212858116 -0.025715807157551059 0.078810408359706999 1.1645164733578974 0.74415095468579251 0.0029692236652993555 -0.08283051513576456 0.062981170130340894 0.025485775870073751 0.0086208465054782336 0.065202301750068289 0.054185886552029799 0.76680834555857813 0.043888255154003214 -0.074725999673723842 0.00056084574976755688 0.71157354844257314 -0.0051836218358827625 -0.027497488204600504 0.048192052238462395 0.11731826535409795 -0.0019911770421290149 -0.071935978069260498 -0.0034077663554726995 0.11145532773141553 0.14846133821100682 -0.044844042137075019 0.068133254803685012 -0.0022782699218501048 -0.058075034134574981 0.044849306672929801 -0.12708613921690975 -0.055769647963004404 0.057539231297026892 -0.0065360841660801732 -0.16717884959797388 0.073693698266429478 0.22018934887074246 0.09969180880977957 -0.075816749760669683 -0.090338738341780758 0.023212614486486011 0.0017901637773163016 -0.043340748398370627 -0.18658459988457629 0.043178371701844569 0.022593745534653414
leaf_weight=2331.5992437310051 156.89628075691871 916.74005611008033 69.306039466522634 1596.7874222360551 161.27572785317898 14.371732670115305 329.30406947503798 293.70791363343596 10.850190151017157 176.40077404212207 13.64661590172909 3.7492232648655763 84.542187343118712 106.73035471513867 70.428469307720661 185.29080353584141 57.35107728280127 44.555056765675545 0.12729445239528958 0.55162091483361919 132.38004838465713 37.257933056913316 37.142159809824079 296.20587392151356 188.27366570592858 50.741139974445105 128.66024095052853 0.4701946228742625 17.535458220401779 45.69723208155483 36.361414780840278 0.78340211138129223 139.79043571441434 71.969889463856816 78.745879342779517 3.8243015615735203 353.22824682015926 199.99084975314327 48.771836956962943 4.5842613591812542 4.0336275883018962 84.204408304998651 6.543049707543104 212.87782813957892 134.40182440425269 16.263954687165096 4.1078477990813544 33.905881658196449 22.179181028157473 27.767989821732044 13.789406107738612 28.633085887879133 1.3801161686424164 3.7876621803734443 217.71164300804958 10.077153830789028 66.305737993679941 42.037717350758612 16.447348177433017 9.2751396894454938 62.483661402016878 169.7022670020815
leaf_count=829550 9130 7548 1042 66429 2714 1993 92199 9786 172 6448 825 152 2037 2210 581 2077 3608 1153 3 34 4102 694 1017 4977 2670 889 1307 49 577 14090 609 13 4681 559 1013 485 3975 32722 754 30 185 11656 476 2931 9498 443 52 265 232 273 149 278 33 273 74853 74 605 431 136 92 720 3001
internal_value=-0.00254743 -0.0465864 0.0340402 0.0615972 0.00570918 -0.00424291 -0.0124177 0.0357357 -0.0068997 0.0306344 -0.0636038 -0.0724707 0.0383229 0.0217311 0.0140987 0.0205163 -0.0463156 0.00393724 -0.0768525 -0.0772387 -0.0306545 0.00102343 -0.0053731 0.00696531 -0.00212184 0.010395 0.0279144 -0.00464923 0.0739737 -0.0210145 0.0247421 0.218728 -0.00496501 -0.0102433 0.0121677 0.151052 0.00938332 -0.0415044 -0.0554252 -0.0678264 -0.0684758 -0.0360075 -0.056833 -0.012557 -0.0268563 -0.0469646 0.033843 -0.0299538 -0.00746495 -0.0580111 -0.0879797 0.0172109 0.359094 -0.0631285 -0.0653706 0.037067 0.00823185 -0.000452419 -0.0349495 -0.0949923 0.00803653 0.0158287
internal_weight=9684.54 4394.76 5289.78 2681.52 2608.26 1667.29 1398.67 1084.74 1732.06 876.196 431.189 2727.47 268.616 791.029 684.299 699.795 391.37 1189.44 2336.1 2332.15 542.623 1144.89 924.885 614.993 887.627 967.481 220.001 112.52 19.3858 93.1343 40.894 4.53263 850.485 318.787 149.174 3.9516 538.519 410.243 253.347 204.575 417.542 88.238 52.2403 633.578 290.456 150.666 209.151 169.612 94.1491 75.4633 47.6953 216.907 1.85031 278.85 275.063 205.043 76.3829 343.122 67.7602 25.7225 275.361 184.074
internal_count=1221560 1045138 176422 87516 88906 120333 113302 21087 73692 15214 104865 924805 7031 11301 9091 8766 94733 26954 830072 829584 46738 25801 23591 8049 22897 8437 2210 15999 659 15340 774 165 21880 3072 1594 488 6052 42636 33506 32752 104040 11841 14566 18932 14622 9941 2038 1478 791 687 414 2948 82 78734 78461 1986 679 4310 659 228 3651 4994
is_linear=0
shrinkage=0.08


Tree=46
num_leaves=63
num_cat=0
split_feature=9 1 1 11 11 2 9 7 14 5 3 7 11 3 9 1 2 3 14 15 14 9 8 0 7 14 0 1 5 2 15 3 9 10 7 6 5 0 9 1 3 7 6 3 6 1 0 5 6 5 7 11 6 0 8 10 2 6 14 3 7 3
split_gain=2176.51 716.042 598.169 192.105 111.374 86.1599 78.5499 230.773 61.0512 53.333 53.0543 43.6402 42.8127 41.9704 44.0201 41.1197 38.3865 32.6188 29.6269 26.932 26.4721 52.7688 25.7258 24.4471 23.7451 22.9469 22.8081 22.5528 26.9572 32.995 21.8489 21.3528 19.9393 18.8759 18.9538 18.7844 26.0854 18.627 18.129 21.0722 18.5027 17.9068 21.4707 16.8667 26.2011 22.8855 16.0285 19.1104 37.3848 20.1352 15.9908 15.5934 15.4487 15.3865 15.0061 22.7438 14.8373 15.8628 22.2174 14.8246 28.3347 20.4631
threshold=0.69520044326782238 0.78629976511001598 0.82807883620262157 0.41428571939468389 0.84523808956146251 0.92907443642616283 0.53196728229522716 1.0000000180025095e-35 1.4448034763336184 0.26785714924335485 0.75147059559822094 0.50917509198188793 0.31666667759418493 0.6705426573753358 0.97572758793830883 0.14160401374101642 0.92031747102737438 0.92031747102737438 4.3330924510955819 6.5000000000000009 3.3272596597671513 0.53049948811531078 0.53250595927238475 0.087595909833908095 0.81337305903434765 18.174837112426761 0.73375529050827037 0.982753485441208 0.61250001192092907 0.81120249629020702 13.500000000000002 0.62115561962127697 0.9976744055747987 0.057189542800188072 0.28080031275749212 0.64852941036224376 0.23611111193895343 0.69860395789146434 0.90954548120498668 0.16064515709877017 0.72850123047828685 1.0000000180025095e-35 0.11200716719031335 0.32305502891540533 0.29217478632926946 0.49675324559211737 0.73942822217941295 0.84523808956146251 0.87689393758773815 0.6904762089252473 0.70649471879005443 0.38750000298023229 0.65301004052162182 0.072077922523021712 0.75058686733245861 0.53589746356010448 0.62715834379196178 0.90161287784576427 0.74096721410751354 0.25677657127380377 0.74340915679931652 0.64051282405853283
decision_type=2 2 2 2 2 2 2 2 2 2 2 2 2 2 2 2 2 2 2 2 2 2 2 2 2 2 2 2 2 2 2 2 2 2 2 2 2 2 2 2 2 2 2 2 2 2 2 2 2 2 2 2 2 2 2 2 2 2 2 2 2 2
left_child=1 10 4 5 8 13 7 25 19 15 20 33 31 -4 27 -6 17 18 22 -2 35 41 -10 -17 32 56 -19 28 29 -15 51 -8 52 -9 -35 -1 -37 -20 40 53 -21 42 -22 45 -45 -25 -30 49 -49 -48 -42 -12 -24 -40 -50 -56 -3 58 -58 -23 61 -61
right_child=2 6 3 -5 9 -7 12 11 16 -11 30 -13 -14 14 -16 23 -18 26 37 38 21 59 24 43 -26 -27 -28 -29 46 -31 -32 -33 -34 34 -36 36 -38 -39 39 -41 50 -43 -44 44 -46 -47 47 48 54 -51 -52 -53 -54 -55 55 -57 57 -59 -60 60 -62 -63
leaf_value=-0.077005905271504013 0.01367283646340124 -0.034499543192803336 0.095529998841595812 0.078757628808985486 0.055499572953780073 0.070487261349331767 0.21504407220971217 -0.076517936052751992 0.044321586749733542 0.069732824054991233 -0.015433103339347701 0.076224260705670968 0.08466200367898466 -0.017833282396084459 0.067509612888513953 -0.10183578096399895 0.078182546073058246 -0.015078323417268434 0.03031198879115472 -0.055159446949405611 0.56659806236057086 0.16409656992046814 -0.02346407535438675 0.015302916242319275 0.013571752476029519 0.063478863294547078 -0.14691311354025025 0.024027484226926035 0.02554023524877428 0.052451635057873001 -0.062940746282156221 0.010902981864184598 0.040824867663444321 0.13288389649609905 -0.042543353504741095 0.8386613105562698 -0.081335694040468184 -0.025393537985053234 -0.10240555370559068 -0.037346337065327848 -0.040759522501697572 -0.078064870590951657 0.017825366972362963 -0.018819408301006126 0.086322853867929844 0.089202098016143622 -0.038440772220918358 0.074130755455914327 0.010232918056286152 -0.14691294994792858 0.070130848664750667 0.091924358711819018 0.1223874172809606 0.06002702411145789 -0.12224627637761523 -0.015425178906314198 -0.03189750262105253 0.0031358491718580708 0.039611778749950935 -0.041393495601197941 1.2554023510459538 0.14692140408853754
leaf_weight=2257.6270211848896 73.854728679405525 52.558658107183874 43.925110910087824 1481.3502050023526 154.51435366272926 297.55866220034659 3.3401579021010539 306.49583520251326 61.230385196628049 165.17183055542409 92.101366870803759 14.058319495990871 80.375624028267339 89.728333004750311 89.154762865975499 12.51493891328573 41.951538201421499 17.805974321439862 285.74361363006756 274.68763899756595 0.49185433890670438 7.1692780053708729 513.50191075610928 318.44249003380537 206.34117051400244 48.060242258012295 15.896742587909101 283.34441497549415 28.02391781937331 81.640551101416349 71.992378157097846 179.81052500358783 34.315237079747021 4.1413443826604626 81.761099746916443 0.34253973513841529 0.46501340949907899 44.384537115693092 4.2401181040331712 59.627381552709267 19.115583908744156 74.824022037442774 6.3104892875999212 159.76291290018708 16.759826697409153 29.286712708882987 26.339179925620556 20.893657639622688 20.555471329018474 18.747677315026522 14.74038860760629 9.5572919840924424 4.6902842335402957 31.161156305111945 26.441523838788271 24.647155188024044 32.979700186289847 654.25395310577005 177.27388557000086 11.612696389900526 0.11935946997254987 5.4151287050917736
leaf_count=865655 2340 1009 707 66429 2714 10382 109 92199 1874 6448 9306 825 2037 910 1930 103 1163 155 2996 37889 30 569 20453 3213 2879 889 109 4782 201 1039 15840 4885 306 185 11656 4 131 517 57 1814 628 29824 441 1865 535 336 221 272 153 119 151 263 51 310 156 215 458 4632 1449 2429 4 309
internal_value=-0.00247055 -0.0453017 0.032631 0.060198 0.00535892 0.0340388 -0.00401566 -0.0117015 -0.006474 0.0288919 -0.0718999 -0.0622672 0.035987 0.0196441 0.0149461 0.0191335 0.00297804 0.000313192 0.00258624 -0.0307435 -0.0750345 -0.035951 -0.00556003 0.00866518 -0.0095849 0.00959394 -0.0772616 0.00739195 -0.00659422 0.0156506 -0.0292202 0.0146259 -0.0182331 -0.0672289 -0.034086 -0.0768679 0.308899 0.0228226 -0.0388718 -0.00831922 -0.0482817 -0.0667671 0.0575053 0.0113031 -0.00883675 0.0215269 -0.0296072 -0.0408367 -0.0200281 -0.0835449 0.0075205 -0.00534005 -0.0221439 0.040572 -0.0474878 -0.0707116 0.00677002 0.00927905 0.0283951 0.0674936 0.0271037 0.0184937
internal_weight=9265.23 4173.14 5092.09 2532.35 2559.74 1051 1635.11 1371.58 1703.29 856.453 2538.03 406.457 263.526 753.442 709.517 691.281 1225.86 1183.91 1150.21 477.427 2364.38 105.943 820.079 536.767 758.849 965.126 33.7027 620.362 337.017 171.369 173.651 183.151 552.507 392.398 85.9024 2258.43 0.807553 330.128 403.572 95.0287 308.544 81.6264 6.80234 524.252 176.523 347.729 165.649 137.625 92.5378 45.0869 33.856 101.659 518.192 35.4013 71.6442 51.0887 917.066 864.508 210.254 24.3165 17.1472 17.0278
internal_count=1221560 1045138 176422 87516 88906 21087 120333 113302 73692 15214 924805 104865 7031 10705 9998 8766 30503 29340 29076 43189 899396 33606 25563 6052 23689 8437 264 8068 3286 1949 25409 4994 20810 104040 11841 865790 135 3513 40849 2181 38668 30295 471 5949 2400 3549 1337 1136 796 340 779 9569 20504 367 524 371 7548 6539 1907 3311 2742 2738
is_linear=0
shrinkage=0.08


Tree=47
num_leaves=63
num_cat=0
split_feature=9 3 1 11 11 7 9 1 2 14 4 5 9 1 11 2 3 2 10 1 2 15 6 1 0 8 3 8 14 9 6 7 8 14 2 0 2 6 2 3 0 0 0 4 10 5 0 1 3 14 4 3 8 11 11 7 0 0 4 15 1 15
split_gain=1941.47 665.557 573.301 184.784 110.669 94.1406 205.185 81.5273 74.5717 61.6201 60.7469 47.8098 44.0313 39.903 36.3667 35.2594 65.8933 34.623 33.5413 27.8618 39.2792 27.0694 24.8257 23.4387 23.2687 23.1044 22.7672 21.68 21.5975 51.0111 26.6522 21.5253 27.0715 21.0062 18.9156 22.6778 32.145 19.2096 18.6949 25.1067 17.9307 17.3792 17.0119 37.0363 16.9602 16.5161 27.6983 25.9705 23.6184 16.2548 15.7044 15.1003 14.9382 15.7953 16.7558 14.7997 19.893 50.5873 14.7973 14.5486 14.219 14.1935
threshold=0.67658114433288585 0.75147059559822094 0.84273937344551098 0.41428571939468389 0.84523808956146251 1.0000000180025095e-35 0.45434696972370153 0.85880398750305187 0.93643954396247875 2.0573798418045048 0.53427231311798107 0.23611111193895343 0.97572758793830883 0.15504807978868487 0.31666667759418493 0.23294574022293094 0.71516755223274242 0.92031747102737438 0.10762548446655275 0.13446328043937686 0.092665474861860289 8.5000000000000018 0.53033089637756359 0.982753485441208 0.092665474861860289 0.90019920468330394 0.92031747102737438 0.50800052285194408 3.3272596597671513 0.57583689689636242 0.64400920271873485 0.59026268124580394 0.42631272971630102 18.174837112426761 0.77459675073623668 0.77232852578163158 0.6569296419620515 0.45080643892288214 0.88273492455482494 0.93643954396247875 0.053342817351222045 0.80982521176338207 0.79277813434600841 0.83438816666603099 0.5419580638408662 0.30952382087707525 0.55036231875419628 0.65485891699790966 0.32305502891540533 0.48390753567218786 0.1085995100438595 0.96051946282386791 0.71933290362358104 0.10555555671453477 0.43650794029235845 0.40605320036411291 0.39369101822376257 0.52976614236831676 0.92422503232955944 1.5000000000000002 0.49675324559211737 29.500000000000004
decision_type=2 2 2 2 2 2 2 2 2 2 2 2 2 2 2 2 2 2 2 2 2 2 2 2 2 2 2 2 2 2 2 2 2 2 2 2 2 2 2 2 2 2 2 2 2 2 2 2 2 2 2 2 2 2 2 2 2 2 2 2 2 2
left_child=1 7 4 8 9 33 -7 28 11 15 13 -4 23 -6 31 21 22 19 -9 40 -21 -2 -17 38 -15 -23 27 -22 30 -30 -1 32 59 61 35 52 -37 -36 -13 58 -11 -28 -39 -44 -38 46 47 48 60 51 -50 -18 -29 -54 -55 56 -31 -58 -40 -8 -26 -3
right_child=2 5 3 -5 10 6 14 18 -10 17 -12 12 -14 24 -16 16 49 -19 -20 20 26 25 -24 -25 45 -27 41 34 29 55 -32 -33 -34 -35 37 36 44 42 39 -41 -42 -43 43 -45 -46 -47 -48 -49 50 -51 -52 -53 53 54 -56 -57 57 -59 -60 -61 -62 -63
leaf_value=-0.076975616391271734 0.033784151939340278 0.0079351628320650496 0.083300613864879039 0.078623478452191323 0.050364311777522666 -0.074129646445833766 0.19827433815433934 -0.028872513926153719 0.070109965302095109 -0.087073173656726482 0.069809244828214004 -0.022803871071498612 0.068894113996083292 -0.11470721428317304 0.062363074212118126 -0.059415630004198867 -0.078933977249543763 0.07640250962470739 0.21532074413914326 -0.097124573295577332 0.069393877049691743 -0.024952754079246128 0.10172584647597992 0.021951503046189546 0.01180177398901242 0.074769831092847946 -0.016855821336573297 -0.022028069286556432 -0.062761192082291445 0.16036014870093243 0.25067406258279562 0.044311468783067742 -0.027258886522569092 0.061190631430964953 0.070567100125556156 0.083956197960915233 -0.099925203078569017 0.030513013198003449 0.071126952571600011 -0.094445822753162878 0.037604439737143946 -0.12798630909535011 -0.27730932216265158 0.028936557222017885 -0.33875976688264386 0.070452929059328442 -0.076275400708291571 0.085953752559235083 0.10949827470322226 0.026465721745747916 -0.034079979407379703 0.23492208313688634 0.017661799120162053 -0.045254609770581704 0.0059154744734143064 0.071636845406864311 1.9213848297888532 0.0010448169167911478 -0.0015126381773922087 0.033550513606818377 0.083304950584248014 -0.044116361548547145
leaf_weight=2089.3430053098127 90.548862203257158 930.01704437611625 69.56239566532895 1350.8600040441379 177.26502484083176 334.45872914837673 3.9058366881217799 6.1785952963400623 258.93926903791726 7.7192293107509604 180.7541519459337 209.42123697558418 80.968632185831666 9.9727377919480187 79.857489953516051 322.15517184766941 15.552403290057555 43.419343281537294 8.6255267574451846 27.347422148566693 30.637375790625811 211.38434819248505 6.2372817592695347 292.75540321134031 293.37732838676311 15.994257106445728 23.161074668169022 171.20890226773918 87.705377519829199 0.92367486446164437 1.5900986259803165 54.105395309859887 151.45340399327688 46.355552174150944 46.490530090406537 3.502262866124509 4.184699185192585 21.945909172296524 40.18693920597434 10.359125707298515 169.20646542543545 14.736588090658186 4.2024165708571655 6.3407025318592787 3.4898180868476629 26.265649676322937 25.23138840822503 26.98477015318349 5.1182690677233031 98.10378154553473 102.81018084636889 1.0471376162022359 275.89895798871294 65.031328599900007 110.62605974916369 14.075214031385256 0.1596203192602843 0.19510610355064273 32.432998223230243 28.257811493938789 18.948758462443948 34.781561306677759
leaf_count=864649 1826 7501 1177 65407 3112 105045 84 925 9798 101 7578 1651 1924 73 2036 49831 363 1320 177 418 705 13745 69 5072 3029 141 200 7697 33161 91 178 894 11522 898 601 49 31 242 711 85 1637 93 44 91 35 742 206 331 33 1661 1465 11 4309 841 1308 1434 20 20 422 1980 191 569
internal_value=-0.00238928 -0.0449205 0.0305311 0.0593558 0.00508501 -0.00669778 -0.0303995 -0.0737018 0.0331872 -0.00627582 0.0285501 0.0201915 0.0136011 0.0176783 0.0156549 -0.023536 -0.0381222 0.0064875 0.113405 0.00340789 -0.00288267 -0.00320708 -0.056355 0.00595012 0.00628852 -0.0179381 0.000415366 0.00349814 -0.0749643 -0.0392122 -0.0767264 -3.56312e-05 -0.0131031 0.00858615 0.000666307 -0.0039332 -0.116879 0.037585 -0.0100707 0.0220651 0.0321648 -0.0600692 -0.0096111 -0.093131 -0.20853 0.00870795 0.00527542 0.00987617 0.00499119 0.0140778 -0.0272711 -0.0591352 -0.00190616 0.00572312 -0.0130286 0.0953079 0.355926 0.865162 0.0386852 0.053554 0.0161399 0.00605867
internal_weight=8874.38 3871.99 5002.39 2345.49 2656.9 1663.19 652.039 2208.8 994.626 1790.17 866.728 735.687 666.124 685.974 317.58 761.023 443.096 1029.15 14.8041 985.73 808.804 317.927 328.392 585.156 508.709 227.379 781.457 743.559 2193.99 103.059 2090.93 237.722 183.617 1011.15 712.922 633.942 11.1768 78.9796 292.4 82.9791 176.926 37.8977 32.489 10.5431 7.67452 498.736 472.471 447.239 420.255 114.703 107.928 16.5995 622.765 451.556 175.657 15.3536 1.2784 0.354726 72.6199 32.1636 312.326 964.799
internal_count=1221560 1031184 190376 86247 104129 130529 121561 900655 20840 87369 16760 11042 9865 9182 16516 67647 51935 19722 1102 18402 16664 15712 49900 7941 6070 13886 16246 15953 899553 34726 864827 14480 13586 8968 15248 14270 115 978 2869 1218 1738 293 377 135 66 5997 5255 5049 4718 2035 1498 374 14155 6458 2149 1565 131 40 1133 2064 3220 8070
is_linear=0
shrinkage=0.08


Tree=48
num_leaves=63
num_cat=0
split_feature=16 11 4 9 14 2 9 6 0 5 5 7 14 2 6 2 14 2 10 14 6 14 7 14 6 5 2 7 14 10 0 2 7 5 9 7 4 9 0 0 5 5 4 3 0 2 14 7 4 9 0 11 3 6 7 4 7 9 14 7 9 2
split_gain=2194.36 461.661 220.143 183.64 159.549 62.7214 58.5068 63.4562 62.0785 61.1974 73.9686 53.3873 53.0659 62.1287 48.3029 45.3897 38.1226 35.2746 31.6076 31.574 28.2813 27.6454 27.2179 24.8667 23.2561 22.3953 33.4951 22.2308 21.1653 21.1442 20.949 20.7973 24.0352 20.7355 19.2882 19.275 21.0729 19.25 18.7535 19.7024 26.1713 43.9123 38.6824 31.9487 27.2211 22.9297 18.3611 26.6697 18.34 17.8434 72.3707 40.9629 31.6735 40.9076 21.0304 67.2035 19.7025 25.9748 17.7198 20.9698 17.4446 17.1484
threshold=0.61648982763290416 0.84523808956146251 0.52976614236831676 0.66220691800117504 16.569128990173343 0.23294574022293094 0.9976744055747987 0.052177859470248229 0.2674796879291535 1.0000000180025095e-35 0.30952382087707525 1.0000000180025095e-35 14.998265266418459 0.91734972596168529 0.17192118614912036 0.96051946282386791 15.167386531829836 0.70222854614257824 0.92582416534423839 0.81088486313819896 0.28416149318218237 6.2380828857421884 1.0000000180025095e-35 1.1679422855377199 0.15655637532472613 0.30952382087707525 0.16784037649631503 0.82232606410980236 1.5000084638595583 0.62019231915473949 0.70396453142166149 0.97467949986457836 0.63658976554870617 0.15476191043853763 0.58079877495765697 0.47084967792034155 0.22792208194732669 0.9976744055747987 0.51000401377677929 0.69282051920890819 0.84523808956146251 0.6904762089252473 0.78830561041831981 0.79277813434600841 0.77849927544593822 0.7933771312236787 17.466416358947757 0.44076909124851232 0.52976614236831676 0.56017240881919872 0.73942822217941295 0.31666667759418493 0.15047170221805575 0.10923295468091966 0.63185164332389843 0.55217784643173229 0.37527292966842657 0.59711855649948131 3.868401408195496 0.60386699438095104 0.51358735561370861 0.68457102775573742
decision_type=2 2 2 2 2 2 2 2 2 2 2 2 2 2 2 2 2 2 2 2 2 2 2 2 2 2 2 2 2 2 2 2 2 2 2 2 2 2 2 2 2 2 2 2 2 2 2 2 2 2 2 2 2 2 2 2 2 2 2 2 2 2
left_child=3 4 25 11 6 23 7 8 21 14 -11 28 13 18 -9 37 22 -10 19 -12 -7 27 -14 -5 30 26 29 35 -1 -3 -21 -18 -33 -22 -17 36 -2 -6 48 -40 41 42 44 -44 61 -43 49 -48 -26 54 51 -51 56 58 -13 -56 57 -53 -54 -60 -4 -41
right_child=1 2 60 5 15 20 -8 9 17 10 12 46 16 -15 -16 34 31 -19 -20 24 33 -23 -24 -25 38 -27 -28 -29 -30 -31 -32 32 -34 -35 -36 -37 -38 -39 39 40 -42 45 43 -45 -46 -47 47 -49 -50 50 -52 52 53 -55 55 -57 -58 -59 59 -61 -62 -63
leaf_value=-0.074453497432950502 0.015969015042247899 0.0022556554472372078 -0.030672049173424441 -0.026673435167306338 0.021018114388941904 -0.066377040695839301 0.043280957487073043 -0.010574268343333275 -0.052783419073236811 -0.068875041029628284 -0.027214602543693324 -0.078606372494608806 -0.015008243679572181 0.064190034569637955 0.09110981725926165 0.029946954258329335 -0.0084873160292326319 0.075855394587450442 -0.12620934025242675 0.10142770289476186 0.13189556794715646 0.058772713223390227 -0.064439217995260381 0.03151836282466438 0.0214834799202267 0.076977916964103013 -0.00060253195463510416 0.021393565979213408 0.021237738491875709 0.053274460673975788 -0.037918094655394918 0.011879748642171645 0.082052475746812611 -0.095918918346811904 0.0794279115825101 -0.023240027921320246 0.2073155856831369 0.08143447416973365 0.036189590650549344 -0.058962400462727826 0.049136363268200881 0.024832929792305891 -0.11361026059494478 0.040234449142293641 -0.048525632380769936 -0.091720883684448612 -0.0075551863025654 0.50910845567233842 -0.10356792505783897 -0.076658404224053844 0.23361740917966059 -0.082427796876674911 -0.065982768392727251 0.18406127305898567 0.13105628002022793 3.3490338249490352 0.11603844103800119 0.89419198030130531 -0.0084989681308662943 0.58043497317761217 0.078070777018204821 0.021015306005980887
leaf_weight=20.602869957685471 33.60467757540755 74.439962330739945 9.5155220362357777 66.641867885598913 354.37722705840133 121.48440583841875 208.5732023185119 44.114308258052915 303.92027243226767 87.473218165803701 117.70551590900868 1840.2642935499316 262.74174326099455 157.96359268925153 92.779452092479914 64.802332122111693 324.49672721675597 14.283830707892774 10.747060935944317 34.941980327712372 8.354421289637683 43.190662559121847 97.838137964019552 159.43430190626532 13.551943888422104 40.247924210038036 349.74023272050545 125.41223194776103 52.460758299333975 172.37810322083533 8.6053863391280156 209.22755309985951 36.721122957766056 3.6848093669395885 227.15861621871591 348.99611825589091 4.1369792269542804 37.305315354838967 228.09622080484405 20.189354349393398 86.35629714326933 14.257686998462303 9.0091829814482463 210.29438511910848 86.485913030104712 44.576563735259697 3.177432226715609 0.80050594359636296 16.823994706850499 226.11596331349574 5.3868907177820793 0.27018732251599331 33.474028377328068 5.3593861635308704 0.37872962304390867 0.046650183154270053 6.1257122501265258 0.49108484666794538 1.0975005661603052 0.59764707530848671 1213.2991492318688 114.27479821094312
leaf_count=4449 827 614 97 6961 7299 33927 3940 1743 36859 3873 3802 853048 1817 4183 1764 1223 5290 563 94 403 92 425 11788 5376 239 1430 3191 1241 4628 3634 128 3879 1272 262 10527 10073 288 1266 3062 299 1355 185 97 2879 1116 665 870 42 281 98595 211 43 13523 282 174 8 756 35 211 31 62869 1456
internal_value=-0.00230916 0.024306 0.0573612 -0.0643078 0.00929512 -0.0113119 0.00222612 -0.000447442 -0.0188352 0.0064485 0.00320824 -0.0729835 0.00620379 0.0175161 0.0583419 0.0445695 -0.00805927 -0.047009 0.0102588 0.0117179 -0.0547866 -0.00269193 -0.0284206 0.0143648 0.0168816 0.0192189 0.0153221 -0.00787537 -0.00574578 0.0378873 0.0738916 0.00481119 0.0223568 0.0621691 0.0684453 -0.0173668 0.0369431 0.0267724 0.0139398 0.0162441 0.00847315 0.00143727 0.010112 0.0339144 -0.0135129 -0.0634756 -0.0752968 0.0964163 -0.0477774 -0.0756191 -0.056763 -0.0624817 0.00512459 -0.0218287 -0.0784764 0.483963 0.163739 0.547574 -0.053204 0.199138 0.0772246 0.00900691
internal_weight=8510.9 5954.65 1859.62 2556.25 4095.03 359.6 3411.39 3202.82 873.545 2329.27 2192.38 2196.65 2104.91 1173.88 136.894 683.643 931.025 318.204 1015.92 1005.17 133.524 555.341 360.58 226.076 887.464 636.806 596.558 512.15 73.0636 246.818 43.5474 570.445 245.949 12.0392 291.961 386.738 37.7417 391.683 843.916 813.54 585.444 499.088 440.254 219.304 220.95 58.8343 2123.59 3.97794 30.3759 2119.61 278.918 273.532 47.4155 40.5286 1840.69 0.42538 6.88698 0.761272 35.1692 1.69515 1222.81 134.464
internal_count=1221560 198036 71835 1023524 126201 46618 105886 101946 50276 51670 48163 976906 44290 20244 3507 20315 24046 37422 16061 15967 34281 12854 13605 12337 12165 8869 7439 12429 9077 4248 531 10441 5151 354 11750 11188 1115 8565 11634 11114 8052 6697 5847 2976 2871 850 967829 912 520 966917 113687 113476 14881 14047 853230 182 834 78 13765 242 62966 1755
is_linear=0
shrinkage=0.08


Tree=49
num_leaves=63
num_cat=0
split_feature=15 8 11 6 1 1 2 8 10 10 1 1 4 4 3 3 7 10 5 1 11 3 2 10 5 8 5 2 0 2 11 2 13 7 10 8 2 4 1 6 7 3 10 6 7 10 1 15 3 2 10 8 5 4 8 8 10 4 10 11 1 10
split_gain=1503.45 432.431 367.38 219.211 168.299 146.929 71.3673 90.9271 42.0838 39.7022 39.689 38.9319 37.2459 40.7883 36.7581 31.4669 40.6011 64.5524 30.6496 27.2671 24.0901 23.928 23.4041 22.4195 22.1652 21.9231 25.1806 23.3489 21.3623 21.2111 21.1689 21.152 20.933 20.5128 20.3748 24.8911 19.7316 22.8933 19.5929 16.9221 16.24 14.6256 14.2238 14.4774 14.0655 33.227 13.5843 13.5211 13.5161 15.3269 13.2957 27.7173 13.2522 13.2506 13.139 14.6056 12.6663 12.6517 12.4034 12.3674 12.3492 12.3406
threshold=6.5000000000000009 0.71933290362358104 0.43650794029235845 0.20638945698738101 0.79743590950965892 0.2152509689331055 0.93643954396247875 0.59275647997856151 0.18019481003284457 0.1490740776062012 0.84028983116149913 0.982753485441208 0.99350649118423473 0.78830561041831981 0.71516755223274242 0.59675306081771862 0.21896404027938846 0.084523811936378493 0.38750000298023229 0.11852502077817918 0.43650794029235845 0.95488464832305919 0.89022758603096019 0.55902779102325451 0.23611111193895343 0.70986828207969677 0.38750000298023229 0.30825792253017431 0.080540537834167494 0.25866188108921057 0.095454547554254546 0.18321678787469867 1.0000000180025095e-35 0.42889758944511419 0.34057971835136419 0.93820795416831981 0.72255688905715953 0.99350649118423473 0.77448415756225597 0.62678572535514843 0.80297499895095836 0.78830561041831981 0.21240601688623431 0.41763564944267279 1.0000000180025095e-35 0.070197045803070082 0.10063291341066362 4.5000000000000009 0.58397436141967785 0.30825792253017431 0.68990385532379161 0.82480052113533031 0.23611111193895343 0.94641149044036876 0.53866082429885875 0.56103080511093151 0.52506268024444591 0.082482993602752699 0.54772728681564342 0.31666667759418493 0.92031747102737438 0.14039409160614016
decision_type=2 2 2 2 2 2 2 2 2 2 2 2 2 2 2 2 2 2 2 2 2 2 2 2 2 2 2 2 2 2 2 2 2 2 2 2 2 2 2 2 2 2 2 2 2 2 2 2 2 2 2 2 2 2 2 2 2 2 2 2 2 2
left_child=2 4 6 8 5 9 11 44 -4 -2 19 12 13 25 42 -6 -17 54 -15 -3 24 -13 -14 -23 -12 26 29 32 -11 -1 -27 -10 -28 -30 61 40 -19 53 47 -31 -36 -20 -7 -44 -8 -46 -35 48 49 -33 51 -24 -45 -38 -18 -56 -42 58 -58 -32 -53 -21
right_child=1 10 3 -5 15 14 7 -9 31 28 20 21 22 18 -16 16 17 36 41 34 -22 23 50 -25 -26 30 27 -29 33 39 59 38 -34 46 35 -37 37 -39 -40 -41 56 -43 43 52 45 -47 -48 -49 -50 -51 -52 60 -54 -55 55 -57 57 -59 -60 -61 -62 -63
leaf_value=-0.00063682849219103639 -0.069408529344656938 0.04371502521452604 -0.061824875567990233 0.075535250632705941 0.1085400366104345 -0.078089233432740629 0.019635778270623322 0.073362029935416406 0.042357747008534681 -0.055249609573464406 0.090129867542084824 0.10056430615001687 -0.050988290056301788 0.070733400741359503 -0.037132731620832353 0.00039796623289880563 -0.07752320620848159 -0.0431044955456076 -0.17105466006839937 0.36186427367862656 0.079684852475794696 0.0075593693642555969 0.0073704337977801154 0.046583871199311656 0.0016398959726266354 0.012711559080037613 -0.080167788350870933 0.01673634235526902 0.056931329106330281 -0.052733459450055149 -0.085814441438271521 0.026834264966060277 1.2912804781068905 0.10735005583747116 -0.027846338432045308 0.028736738913310144 0.028769877581758273 -0.049019629343845267 0.069902302367054192 0.34504021141534064 0.038676271908832056 0.012438380620728029 -0.062351281807446868 0.2019975406868211 -0.071212112575288908 0.018850975753914919 -0.0074936210018857127 -0.018089693786509015 0.061884244212790554 -0.027296542143415332 0.07150933416555795 -0.0038830494855300558 -0.057146328997101696 0.15084238186244187 0.4751586071583267 -0.019661344027869815 -0.16763374604715417 -0.022499304545241121 0.03449035416441544 -0.014186569413830652 -0.22662036870307337 0.042892989199513967
leaf_weight=76.247538508148864 68.537333210930228 88.149669951293617 41.371242981636897 1292.4712310398463 12.551742252428083 1444.0537567462306 257.66111300140619 229.98401391133666 201.1407706795726 40.501853647641838 22.912297651171684 21.872083840891719 167.79844645492267 78.302087818970904 185.64785730256699 328.10121656418778 159.9964681660058 52.48183674889151 2.8337014340795568 0.79037812445312638 72.240932670421898 471.88912642141804 50.694986991235055 117.72158457525074 86.542797243222594 324.67459960887209 0.12050752062350412 64.760462363483384 43.993129059672356 174.75647671148181 21.246584682026878 87.09110419685021 0.17418211884796619 6.8291225989814839 277.4648476857692 99.908857358619571 72.612023812020198 25.386151055339724 30.920637548901141 0.68717455957084794 45.975634401198477 146.89027011080179 363.54666794463992 2.5570789235644034 41.442267325473949 71.358586124144495 189.67486358620226 117.31431259517558 34.482899106573313 54.379866509931162 14.627367397770284 2.3055626265704623 2.4954576033633202 6.1748067536391309 0.57167367287911375 1.1492712122853843 2.0284510273486367 120.86732849525288 46.155479007866234 56.327592585701495 5.1548870429396629 43.489821422146633
leaf_count=5751 30942 1344 18977 70500 615 713019 2269 9803 3290 4266 451 344 10474 1317 38309 4161 66085 5227 108 35 3702 15636 2020 2770 1257 4504 58 2796 2937 40946 233 1064 3 200 9965 1494 1958 2554 800 7 1301 2159 101099 23 7321 1513 14265 2569 584 1129 266 20 194 113 43 23 19 2263 552 623 46 3244
internal_value=-0.00224165 -0.0380373 0.0306515 0.0573455 -0.0526391 -0.0626665 0.0099689 0.0338506 0.0158601 -0.0148152 0.0103954 0.00199836 -0.00644613 0.000694638 -0.0710365 -0.0169153 -0.0193511 -0.0397037 0.0301761 0.00201451 0.0438288 0.018399 -0.034555 0.015351 0.0201636 -0.00865527 -0.0243976 0.0199694 -0.00149954 -0.0358652 0.00374087 0.021978 0.730454 0.00755245 -0.00375901 -0.00767168 -0.00310339 0.017049 0.00933356 -0.0511755 -0.0150576 0.00896556 -0.0745089 -0.0604822 0.00932178 -0.0142376 -0.00350245 0.00294751 0.0169737 0.00602699 0.00333159 -0.0138166 0.0740059 0.0383371 -0.0751583 0.144711 0.00144455 -0.00868109 0.0259813 -0.0338045 -0.157786 0.0485865
internal_weight=8172.09 3913.39 4258.7 1859.17 3006.86 2347.84 2399.53 600.446 566.701 349.536 906.526 1799.09 1187.6 947.021 1998.3 659.025 646.473 318.372 228.026 724.83 181.696 611.483 240.581 589.611 109.455 718.995 316.746 65.0552 280.999 251.691 402.249 525.33 0.29469 240.497 636.681 592.401 156.655 104.173 324.189 175.444 492.492 149.724 1812.65 368.599 370.462 112.801 196.504 293.268 175.954 141.471 72.7828 58.1554 5.05254 78.7868 161.717 1.72094 215.027 169.051 48.1839 77.5742 7.46045 44.2802
internal_count=1221560 1011660 209900 98913 986033 905254 110987 20906 28413 52610 25627 90081 71331 58505 852644 80779 80164 76003 3584 20217 5410 18750 12826 18406 1708 54921 49561 2857 21668 46704 5360 9436 61 17402 18873 15594 9852 4625 6146 40953 14100 2267 814335 101316 11103 8834 14465 5346 2777 2193 2352 2086 217 2071 66151 66 4135 2834 571 856 66 3279
is_linear=0
shrinkage=0.08


Tree=50
num_leaves=63
num_cat=0
split_feature=9 3 1 11 11 7 9 1 2 4 14 2 5 9 1 2 6 0 3 11 14 14 9 9 4 0 7 3 9 14 5 7 1 11 14 0 6 1 2 2 9 0 2 0 4 6 0 4 6 4 0 1 2 5 14 8 3 3 8 11 11 15
split_gain=1379.83 584.401 452.235 185.765 76.8537 71.7232 169.383 65.0603 64.9091 50.2257 48.0755 39.5881 38.613 38.5667 32.7166 31.684 57.4381 29.0207 28.0698 27.4547 25.8093 23.4093 42.0368 22.404 22.3678 19.5508 19.5169 31.1451 30.2547 29.1124 67.9424 21.5632 18.1963 18.05 17.9059 16.933 16.7461 16.6847 42.0365 17.5304 15.7149 15.3608 15.3573 25.4152 27.6362 18.4416 30.4776 20.79 16.9171 15.0477 14.8773 61.9698 14.1504 18.6334 14.3356 18.7747 13.991 14.6626 13.6506 12.9728 18.8866 15.5305
threshold=0.67658114433288585 0.75147059559822094 0.84273937344551098 0.41428571939468389 0.84523808956146251 1.0000000180025095e-35 0.45434696972370153 0.85880398750305187 0.93788579106330883 0.53427231311798107 0.78948670625686657 0.92031747102737438 0.23611111193895343 0.97572758793830883 0.14160401374101642 0.270728349685669 0.049590164795517928 0.053342817351222045 0.89039039611816417 0.31666667759418493 6.803347349166871 3.3272596597671513 0.53049948811531078 0.51869320869445812 0.59611794352531444 0.087595909833908095 0.329607903957367 0.85912698507308971 0.56265702843666088 1.3334101438522341 0.61250001192092907 0.59026268124580394 0.982753485441208 0.58571431040763866 18.174837112426761 0.73375529050827037 0.64400920271873485 0.13446328043937686 0.095811817795038237 0.12024096399545671 0.85810163617134105 0.90501254796981823 0.75134408473968517 0.75134408473968517 0.78830561041831981 0.45080643892288214 0.79277813434600841 0.83438816666603099 0.53452381491661083 0.082482993602752699 0.11566332355141641 0.12732185423374179 0.3034138828516007 0.30952382087707525 1.0505385398864748 0.88642504811286937 0.77849927544593822 0.3034138828516007 0.5785643756389619 0.095454547554254546 0.31666667759418493 25.500000000000004
decision_type=2 2 2 2 2 2 2 2 2 2 2 2 2 2 2 2 2 2 2 2 2 2 2 2 2 2 2 2 2 2 2 2 2 2 2 2 2 2 2 2 2 2 2 2 2 2 2 2 2 2 2 2 2 2 2 2 2 2 2 2 2 2
left_child=1 7 4 8 10 34 -7 21 12 14 -2 15 -4 32 50 17 24 -12 42 26 37 36 -23 -9 40 -16 27 28 29 -8 -31 -28 41 -20 -3 -35 -1 39 -39 59 -17 -14 43 -18 -45 -44 -47 48 -48 -42 -6 -52 54 -54 55 -27 57 58 -51 61 -61 -19
right_child=2 5 3 -5 9 6 19 23 -10 -11 11 -13 13 -15 25 16 18 20 33 -21 -22 22 -24 -25 -26 52 31 -29 -30 30 -32 -33 -34 35 -36 -37 -38 38 -40 -41 49 -43 45 44 -46 46 47 -49 -50 56 51 -53 53 -55 -56 -57 -58 -59 -60 60 -62 -63
leaf_value=-0.076134740081543542 -0.041829895286117649 0.0052825621594133898 0.077815262339755206 0.077474004262489141 0.059084360870963332 -0.072387892376739121 -0.080224331723261863 -0.028899451029954792 0.067546981095320119 0.066472102413914602 -0.093106284277819196 0.07723274011774009 -0.019813098988999304 0.066430934835562103 -0.093134891321760435 -0.064405495483604372 0.0082343893430622834 0.037012030945032165 -0.037435161311095963 0.056701037881258617 0.071660277846989875 -0.064458025691772641 0.064539000125215559 0.17594622881432365 0.11759059031992893 -0.063286556384175158 -0.019888587865943667 0.047372268521560623 0.071971427458031478 2.1881975145353829 0.44624716127739078 0.039189284362630313 0.018668173649271654 -0.0035370091251633491 0.058324571060329976 -0.44902249385942195 0.15059994197785775 -0.067975743348601653 0.0080113059477886165 -0.11350780463882965 0.14660708412992179 0.024377733377342472 0.06675197203576172 -0.16796613580310271 0.043254734109858417 0.040515192321113752 -0.086889695008411039 -0.00482937935303297 -0.37521183495282701 0.37328476682391554 -0.46703097975146862 0.03555848153684129 -0.018086012197221165 0.064747979025370231 0.024605872059224869 0.061068457474358184 0.104089712986531 -0.048164285589300353 0.010863403484171792 -0.090761368829850878 0.01946972586426976 0.14182795944457874
leaf_weight=1676.5104692128953 204.82993293949403 952.62490784167312 60.74908648384735 1087.6886789756827 121.3726240452379 281.65473021345679 0.2074728555744485 5.5643566932994863 210.00301649235189 148.9193742768839 17.286538955522701 40.780467379838228 224.93131225043908 71.585090301930904 12.465479620732365 141.20825411635451 279.48596110241488 124.02445915015414 62.557604513131082 72.768533448688686 43.278492202050984 68.040636348770931 21.20697421731893 8.8546599874971417 5.4774671921040854 27.151341536082327 162.95715427619871 11.69011746882461 0.84182284399867058 0.21131183905526996 0.44524092285428196 52.208652226952836 280.23024165537208 0.92163195647299234 42.551361724734306 1.3400425277650354 2.0873672284651539 53.156807566061616 377.37974666152149 5.6658889821264884 3.1431804762687525 64.857633104547858 59.213650286663324 11.013999129412698 6.1939777489751568 25.375359748490155 2.53676271997392 4.8526002112776041 2.6766538135707378 0.68479750608094292 1.792474001646039 12.657461352646351 165.20385354524478 19.423620354384184 283.44353783642873 10.885227369144557 4.7703352458775035 105.96798834903166 23.156786568462849 11.448948831064625 75.868869801983237 9.759019806981085
leaf_count=864649 24918 8070 1181 65407 2469 105045 83 980 9666 7578 578 1429 1824 1946 107 30008 5174 1844 570 2036 542 31574 3152 122 46 309 13048 351 36 30 38 894 5123 28 898 25 178 1736 12794 130 64 1100 735 99 76 265 22 68 21 36 13 237 2121 689 3107 130 35 4178 731 143 708 366
internal_value=-0.00215545 -0.0409563 0.0267719 0.0551444 0.00414009 -0.00550287 -0.0277854 -0.0723497 0.0285235 0.0245392 -0.00547634 -0.00050958 0.0168556 0.0110837 0.0149967 -0.00268338 -0.0142926 0.00929306 0.00329936 0.0139047 0.0118197 -0.0737301 -0.0338058 0.0968955 -0.0425086 0.00584218 0.00027932 0.0939693 0.413297 0.745852 1.00689 -0.00555371 0.00413299 -0.0454621 0.00755051 -0.267487 -0.0758528 0.00787966 -0.00137054 0.025442 -0.0456525 -0.00992275 0.0113757 0.00242451 -0.0919376 0.0394332 -0.00620964 -0.123998 -0.234919 -0.026425 0.0499487 -0.0267863 0.00827999 -0.00937151 0.0184173 -0.0276989 -0.0304662 -0.035411 0.0212732 0.0290026 0.00501643 0.044658
internal_weight=7867.84 3360.43 4507.42 2000.05 2507.37 1578.16 582.985 1782.26 912.356 803.315 1704.06 1499.23 702.353 641.604 654.396 1458.45 740.577 717.869 456.168 301.33 700.582 1767.85 89.2476 14.419 284.409 518.573 228.562 13.396 1.70585 0.864026 0.656553 215.166 570.019 64.8193 995.176 2.26167 1678.6 657.304 430.537 226.767 278.931 289.789 391.349 296.694 17.208 94.655 35.4414 10.066 5.21342 137.723 135.823 14.4499 506.108 184.627 321.48 38.0366 134.58 129.81 23.8416 221.101 87.3178 133.783
internal_count=1221560 1031184 190376 86247 104129 130529 121561 900655 20840 16760 87369 62451 11174 9993 9182 61022 42181 18841 7083 16516 18263 899553 34726 1102 35098 6463 14480 538 187 151 68 13942 8047 623 8968 53 864827 17721 14530 3191 35052 2924 6460 5349 175 1111 376 111 43 5044 2719 250 6356 2810 3546 439 4980 4945 767 3061 851 2210
is_linear=0
shrinkage=0.08


Tree=51
num_leaves=63
num_cat=0
split_feature=16 11 4 9 15 0 9 14 8 14 1 2 1 0 15 16 4 2 6 16 14 10 8 6 9 10 8 6 2 1 15 10 14 9 16 1 2 0 14 0 4 1 2 14 8 8 4 15 9 9 16 6 0 11 2 10 8 16 14 14 2 16
split_gain=1620.08 382.181 213.433 151.013 142.749 58.5779 49.2029 48.5511 41.5874 38.4015 29.0361 28.7035 23.6497 32.6401 37.6875 21.8038 21.5582 56.6429 36.2709 26.8759 25.979 25.6433 23.3066 23.0834 36.6316 21.7135 24.8733 20.302 20.1204 27.9525 19.0192 18.2348 16 15.8097 15.1523 14.4823 16.1561 14.446 14.2115 14.1142 13.8906 13.7951 14.4462 13.7831 22.2418 16.6303 13.6982 15.7265 16.8349 14.4096 13.4338 21.199 29.9518 13.4242 13.2613 20.681 66.4204 13.2569 12.9523 25.0814 24.6948 16.0996
threshold=0.59599304199218761 0.84523808956146251 0.52976614236831676 0.6353554129600526 3.5000000000000004 0.18677325546741488 0.9976744055747987 16.569128990173343 1.0000000180025095e-35 0.78948670625686657 0.6900656819343568 0.96051946282386791 0.13446328043937686 0.11566332355141641 6.5000000000000009 0.93238162994384777 0.99350649118423473 0.91734972596168529 0.81016731262207042 0.75797963142395031 4.1410288810729989 0.90454545617103588 1.0000000180025095e-35 0.052177859470248229 0.85048422217369091 0.40454545617103582 0.91342368721961986 0.45584416389465338 0.99438202381134044 0.93440860509872448 8.5000000000000018 0.61324787139892589 15.551264286041262 0.51358735561370861 0.82036876678466808 0.95861870050430309 0.88273492455482494 0.78629976511001598 1.5000084638595583 0.087595909833908095 0.050641026347875602 0.11852502077817918 0.10367219150066377 17.466416358947757 0.48056980967521673 0.23354978114366534 0.082482993602752699 4.5000000000000009 0.95093432068824779 0.87287157773971569 0.58075162768363964 0.29478609561920172 0.55941176414489757 0.6904762089252473 0.27334994077682501 0.16333333402872088 0.70986828207969677 0.51550972461700451 14.998265266418459 15.2471981048584 0.87570226192474376 0.75797963142395031
decision_type=2 2 2 2 2 2 2 2 2 2 2 2 2 2 2 2 2 2 2 2 2 2 2 2 2 2 2 2 2 2 2 2 2 2 2 2 2 2 2 2 2 2 2 2 2 2 2 2 2 2 2 2 2 2 2 2 2 2 2 2 2 2
left_child=3 4 12 8 7 30 9 58 38 27 53 35 13 -3 -15 39 17 18 20 22 23 -22 -18 24 54 26 -26 -6 29 -21 57 -25 -30 -4 -31 36 37 -9 -1 40 -14 -27 -43 -10 45 -45 49 48 -48 -41 -40 52 -52 -7 55 56 -11 -5 60 61 -2 -60
right_child=1 2 33 5 6 10 -8 11 43 16 -12 -13 15 14 -16 -17 19 -19 -20 28 21 -23 -24 31 25 41 -28 -29 32 34 -32 -33 -34 -35 -36 -37 -38 -39 50 46 -42 42 -44 44 -46 -47 47 -49 -50 -51 51 -53 -54 -55 -56 -57 -58 -59 59 -61 -62 -63
leaf_value=-0.072072181222179024 0.016408259509217458 0.061420636426768718 -0.02417168281405219 0.12932449813521571 -0.050187421674550016 -0.072366049717788178 0.04116396080842355 0.01851466677820764 -0.076309490480618192 -0.080441908117629204 0.08397631473650187 0.069816010729883526 -0.16309305025871415 0.086680086468216275 -0.36207012861129395 0.066066348832800603 0.0028331014671305788 0.062565802788639116 0.052986767710182098 -0.081187369228261128 0.0209937965210437 -0.12132273254390491 -0.069757198709952756 0.0053500214007620632 0.038600812253274962 0.026317853877779802 0.50691928826902943 -0.0021330188202636565 -0.0051638160573563253 0.044940274710406874 0.00048852651341053032 -0.04216415920420552 0.043651689700417926 0.076870311867613283 -0.01814606555940514 0.042442314039842499 0.048046064785923867 -0.062246151079524074 0.0064954138155790602 -0.039922833724354019 0.010764355332287381 -0.066522849580013088 -0.012317770745497543 0.70492123515067084 0.61510527502738788 -0.051151436414946121 0.04917900229140109 -0.012508309542405118 -0.0060097836242848689 0.049033554048625312 -0.080349860785344923 0.04767997771249298 0.95983712141065658 -0.00023646945241138234 -0.064828999649495192 -0.029197277419229107 2.3440274729263684 0.037171317560617451 -0.063144413418339651 0.022701041100573888 0.064407673157295009 -0.0043716186311511633
leaf_weight=15.299594052368773 368.0101956971921 96.863636652007699 10.011882451130075 12.889345039962789 187.8257168289274 104.77849457052071 142.30060748150572 28.426883721258491 1620.7887945228722 0.26892211427912016 9.5182941494276729 205.99107637070119 6.3003738396801037 2.2512513864785424 2.5595182087272406 39.75587257463485 40.339250274933875 90.572073126561008 71.572183601558208 42.294687261804938 267.32012283196673 8.3562459573149663 94.908225790015422 519.77162766631227 45.673535290639848 47.547233958728611 0.73754371609538694 80.331495103659108 116.51071604248136 27.866675854194909 103.87952156341635 57.402048299554735 68.082476679235697 979.72204329876695 193.97416498325765 217.17821457353421 33.914114073384553 28.273831118596718 38.735739979427308 13.828076749574391 5.5162081923335791 37.403263191692531 198.25862641166896 0.20111616328358639 0.44520523841492821 2.5085036248201504 69.642291134921834 238.79433867509943 71.890915500000119 74.126330234110355 0.29004081944003646 1.8003672575578091 0.45524114137515426 19.603133087977767 118.16123307705857 124.29559319594409 0.098919583950191736 44.427554978057742 37.027848665718921 251.06770364253316 84.314852233976126 153.43231737334281
leaf_count=4176 5784 2329 142 337 23772 41370 2561 212 931922 86 471 10451 46 54 17 1299 492 2554 1424 445 3331 104 19062 12278 1410 355 17 2487 792 367 9591 660 1515 62922 1829 6579 644 183 4215 91 48 430 5589 11 11 825 793 2687 780 1173 70 53 36 1918 28896 7783 8 1156 2525 4775 2705 912
internal_value=-0.00207969 0.0198915 0.052775 -0.0643668 0.00661074 -0.0115848 -0.00456289 0.0271053 -0.0736352 -0.00723014 -0.0506926 0.0467022 0.0160327 0.0513191 -0.152073 0.00913131 -0.00370294 0.00113181 -0.00258542 -0.0168454 -0.00537602 0.0166799 -0.0481062 -0.010665 -0.0220478 -0.00467818 0.0460431 -0.0357918 -0.00742331 -0.0215849 0.0209005 0.000624561 0.0128405 0.0758482 -0.0102214 0.0312332 0.00436812 -0.0217567 -0.00621368 0.00441665 -0.0819331 -0.0129902 -0.020921 -0.0759843 0.0910686 0.00496656 0.00659559 1.57129e-05 0.0211462 0.0350479 0.0181946 0.196215 0.555028 -0.0609981 -0.045626 -0.0274247 0.571544 0.0578946 0.0158411 0.00609395 0.0253555 -0.0157978
internal_weight=7576.39 5600.77 1611.26 1975.62 3989.51 295.096 2581.87 1407.64 1680.52 2439.57 133.9 513.784 621.529 101.674 4.81077 519.854 2171.42 1587.44 1496.87 583.976 1425.29 275.676 135.247 1149.62 572.445 329.62 46.4111 268.157 448.729 264.136 161.196 577.174 184.593 989.734 221.841 307.793 90.6148 56.7007 56.581 480.099 11.8166 283.209 235.662 1623.94 3.15483 2.70962 468.282 380.328 141.533 87.9544 41.2814 2.54565 0.745282 124.382 242.825 124.663 0.367842 57.3169 893.853 441.528 452.325 190.46
internal_count=1221560 225398 72381 996162 153017 54843 118247 34770 941319 115686 43759 18069 9317 2400 71 6917 89427 64925 62371 24502 60947 3435 19554 57512 44574 7801 1427 26259 4948 2641 11084 12938 2307 63064 2196 7618 1039 395 8550 5618 94 6374 6019 932769 847 836 5524 4260 1573 1264 4374 159 106 43288 36773 7877 94 1493 16701 8212 8489 3437
is_linear=0
shrinkage=0.08


Tree=52
num_leaves=63
num_cat=0
split_feature=9 3 1 11 2 1 2 9 9 14 11 5 9 1 4 0 14 9 3 11 2 2 6 14 0 0 4 10 6 4 2 0 14 1 6 5 0 1 4 0 10 3 10 9 4 0 2 3 4 0 14 0 11 11 1 1 5 3 3 1 3 0
split_gain=1090.22 527.88 383.641 184.357 65.3697 59.979 59.4915 57.8085 146.731 52.0798 42.0902 35.6528 35.3382 26.5271 26.1303 26.1864 24.5764 36.9346 24.209 22.2517 21.6179 31.281 32.4402 24.991 22.2225 22.041 23.8876 20.6288 20.563 19.0039 17.9529 15.2814 15.0095 14.6766 14.582 13.8164 17.0285 25.6954 13.6533 13.2105 14.0318 20.0085 13.1834 13.1344 13.0303 17.3285 12.8075 24.892 17.8742 19.2911 22.6312 13.8894 12.8061 15.9215 12.7083 12.5176 18.4913 16.5267 12.4558 11.9622 21.4478 13.8273
threshold=0.67658114433288585 0.75147059559822094 0.84273937344551098 0.41428571939468389 0.90070420503616344 0.85880398750305187 0.93788579106330883 1.0000000180025095e-35 0.45434696972370153 1.0505385398864748 0.84523808956146251 0.23611111193895343 0.97572758793830883 0.15504807978868487 0.53427231311798107 0.27812939882278448 3.3272596597671513 0.53049948811531078 0.90070420503616344 0.31666667759418493 0.75134408473968517 0.270728349685669 0.057417582720518119 6.803347349166871 0.053342817351222045 0.75134408473968517 0.75162336230278026 0.10762548446655275 0.39339827001094824 0.43288289010524755 0.68457102775573742 0.080540537834167494 18.174837112426761 0.982753485441208 0.64400920271873485 0.30952382087707525 0.55036231875419628 0.63702240586280834 0.60660174489021312 0.72148045897483837 0.61324787139892589 0.87585616111755382 0.12701612710952762 0.90954548120498668 0.11882352828979494 0.57294833660125744 0.81120249629020702 0.93643954396247875 0.93788579106330883 0.77849927544593822 21.350829124450687 0.92031747102737438 0.095454547554254546 0.26136364042758947 0.76253134012222301 0.94804319739341747 0.81666666269302379 0.99438202381134044 0.83047896623611461 0.13446328043937686 0.11852502077817918 0.097167581319808974
decision_type=2 2 2 2 2 2 2 2 2 2 2 2 2 2 2 2 2 2 2 2 2 2 2 2 2 2 2 2 2 2 2 2 2 2 2 2 2 2 2 2 2 2 2 2 2 2 2 2 2 2 2 2 2 2 2 2 2 2 2 2 2 2
left_child=1 5 4 6 9 16 11 32 -9 13 18 -4 33 31 15 -12 34 -18 20 -10 21 23 38 24 -11 -24 -27 -7 -22 -15 -20 -2 -3 46 -1 36 37 -17 44 -30 -41 -42 -26 -33 45 -23 51 48 -48 -50 -51 -13 59 -54 -47 56 57 -49 -28 -44 -61 -62
right_child=2 7 3 -5 -6 27 -8 8 19 10 14 12 -14 29 -16 35 17 -19 30 -21 28 22 25 -25 42 26 58 -29 39 -31 -32 43 -34 -35 -36 -37 -38 -39 -40 40 41 -43 52 -45 -46 54 47 55 49 50 -52 -53 53 -55 -56 -57 -58 -59 -60 60 61 -63
leaf_value=-0.075457733057650134 -0.060376867526025509 0.0046295324286597253 0.075076711715376637 0.076657708892550858 0.072430814343525815 -0.025176493016515013 0.065506067343117327 -0.070845151741340151 0.00033575031582414456 -0.095001224650742094 0.02947216397381737 -0.037601943869620402 0.06454297554465932 -0.051882028282472459 0.062748322189478317 -0.016019069918868888 -0.0622413956150265 0.060001800278419129 0.086393471870823954 0.052317354697197484 0.073304108107086735 -0.017686599914045333 0.0070648729891804665 0.069131161553280585 0.25919653663285241 -0.19436677394879445 0.055335143084087227 0.17348349087908879 0.047828339879370525 -0.0054737691037468131 -0.075433317788382026 -0.0017943358216756372 0.055261607899275422 0.015871697304312943 0.13069124878976041 0.061997613883386142 -0.078713323695739898 0.080571566744042283 0.13169531552340227 0.0092327376153512782 -0.17503446510607709 0.064840965907305953 0.035219191184299656 0.066800279324353604 -0.045054343342474851 0.38064281930469263 0.043179373076964137 0.089331008856448485 0.097988972588730142 -0.065427558232074287 0.067918799017292641 0.087948423032120693 -0.062480867475812066 -0.0002622112814614493 0.037636788839040619 -0.12492525711941772 0.051321093695852492 -0.12591464596805402 -0.14834934513672027 -0.033207457420078565 0.3594560159490594 0.018653298686805705
leaf_weight=1448.0161123754224 15.689126003300769 945.24565941281617 57.072521710768342 943.36668794974685 84.9721241844818 5.5775493668625122 187.04849299509078 250.33076430973597 223.77059911144897 14.027947947848586 355.00506812869571 107.51732825487852 65.616516718640924 200.05535472254269 90.501603713259101 141.99131259811111 59.931463585002348 21.490767871960998 4.900060416199266 68.941794995917007 48.349697164725512 7.0269272954901663 254.91291158203967 40.86118268314749 1.3220162491779763 7.4524722152855274 6.7413869481533748 8.3585617135977355 20.881585984025151 78.682565453695133 41.940274914260954 43.189442170085385 39.017771366983652 269.81842172145844 2.1993530008476219 17.171935567632318 22.216016008518636 20.12469139508903 2.9596982253715387 16.982704013120387 7.8378099389374238 3.1079478897154331 130.00236623338424 30.468556022271514 229.11536157492083 1.462147700134665 81.447233149781823 2.8348023593425742 8.1202056780457479 36.380402985960245 10.49562184512615 5.9514876753091803 30.049996183719486 212.18544654268771 1.3112475147936491 11.231581538915632 11.615302868187428 11.72752284258604 2.6874986868351698 67.256697430508211 0.7653823213186105 168.53147183731198
leaf_count=864649 870 8070 1181 65407 4156 925 9666 105045 14480 430 5297 800 1946 30719 4957 1655 31574 3152 46 2036 625 566 4191 545 55 61 84 177 249 2842 326 2138 898 5123 178 600 174 205 22 192 88 46 1957 386 28007 64 1248 52 47 311 126 78 672 2098 32 96 114 52 23 2093 32 7626
internal_value=-0.00200821 -0.0382794 0.0243224 0.0521845 0.00350417 -0.0712406 0.025552 -0.00492403 -0.0258778 0.000998855 0.00616064 0.014559 0.00901283 -0.0266227 0.0228813 0.0163979 -0.0727439 -0.0299763 -0.00201858 0.0125788 5.52146e-05 -0.00293462 -0.0177633 0.00851956 0.00455145 0.00120224 -0.0873251 0.0939752 0.0363257 -0.0387818 -0.0585043 0.0113104 0.00663667 0.00247283 -0.0751451 -0.00663594 -0.0130297 -0.00402854 -0.0390748 -0.000303956 -0.0362916 -0.106924 0.0068404 0.0265798 -0.0411903 0.0491438 -0.0101098 0.00353558 0.0193861 -0.0158509 -0.0355711 -0.0310168 0.0062924 -0.00798061 0.218471 -0.0542762 -0.023964 -0.0840134 -0.00272069 0.0157246 0.00501098 0.0201941
internal_weight=7305.86 3072.88 4232.98 1810.24 2422.74 1545.57 866.877 1527.31 543.043 2337.77 1969.68 679.829 622.756 368.085 647.011 556.509 1531.64 81.4222 1322.67 292.712 1275.83 1178.67 513.67 665.003 624.141 271.794 16.8814 13.9361 97.1597 278.738 46.8403 89.3471 984.263 557.14 1450.22 201.504 184.332 162.116 241.875 48.81 27.9285 10.9458 610.113 73.658 238.916 9.80032 287.321 173.853 136.443 54.9962 46.876 113.469 608.791 242.235 2.7734 37.4092 26.1776 14.5623 9.42889 366.556 236.554 169.297
internal_count=1221560 1031184 190376 86247 104129 900655 20840 130529 121561 99973 63018 11174 9993 36955 12888 7931 899553 34726 50130 16516 49758 48558 33050 15508 14963 4359 168 1102 1200 33561 372 3394 8968 8047 864827 2634 2034 1860 28691 575 326 134 14533 2524 28669 662 2924 2046 1732 484 437 878 14478 2770 96 314 218 104 107 11708 9751 7658
is_linear=0
shrinkage=0.08


Tree=53
num_leaves=63
num_cat=0
split_feature=9 3 2 11 1 11 1 7 9 14 2 9 10 5 9 10 6 0 5 1 14 9 1 7 5 14 5 9 4 7 11 11 9 10 14 14 5 6 4 14 4 0 2 1 4 5 5 0 0 10 7 14 5 4 14 9 7 1 7 1 0 6
split_gain=964.453 501.766 356.966 123.259 110.91 65.9871 55.5604 51.5839 130.428 42.5789 35.9008 33.7977 25.8027 25.1601 23.897 30.4768 24.0127 39.7092 33.151 24.7767 23.5457 29.9709 22.1594 21.5704 20.6116 20.0303 19.7975 20.5563 19.0722 18.0755 16.2045 16.9079 19.6853 16.7584 16.0632 15.2109 14.1785 30.5365 13.9761 21.6716 17.7684 13.8072 14.6564 19.6544 15.5465 14.7905 13.8004 16.1089 13.6659 13.6174 13.5808 20.8459 17.0893 13.5479 12.9915 13.3666 12.8972 12.6863 12.6376 12.1533 12.0393 13.8259
threshold=0.67658114433288585 0.75147059559822094 0.86616915464401256 0.84523808956146251 0.77448415756225597 0.38750000298023229 0.84028983116149913 0.23745594918727878 0.45729483664035803 0.51747670769691478 0.93788579106330883 0.9976744055747987 0.93095237016677868 0.11805555596947671 0.86645436286926281 0.40454545617103582 0.049590164795517928 0.27812939882278448 1.0000000180025095e-35 0.56562754511833202 3.3272596597671513 0.53049948811531078 0.14160401374101642 0.59026268124580394 0.30952382087707525 4.9062407016754159 0.58571431040763866 0.94352909922599804 0.52223318815231334 0.86683088541030895 0.10555555671453477 0.31666667759418493 0.95093432068824779 0.71008405089378368 1.0344995856285097 4.9062407016754159 0.30952382087707525 0.31311275064945226 0.99350649118423473 16.099511146545414 0.78830561041831981 0.087595909833908095 0.33508773148059851 0.49675324559211737 0.59317129850387584 0.17424242943525317 0.46428571641445165 0.78629976511001598 0.54653680324554454 0.77350428700447094 1.0000000180025095e-35 3.7642933130264287 0.30952382087707525 0.62115561962127697 18.174837112426761 0.36980545520782476 0.43889994919300085 0.82807883620262157 0.31908366084098821 0.96178188920021068 0.57735043764114391 0.90161287784576427
decision_type=2 2 2 2 2 2 2 2 2 2 2 2 2 2 2 2 2 2 2 2 2 2 2 2 2 2 2 2 2 2 2 2 2 2 2 2 2 2 2 2 2 2 2 2 2 2 2 2 2 2 2 2 2 2 2 2 2 2 2 2 2 2
left_child=1 6 3 9 22 10 20 54 -9 -2 26 12 14 -8 16 -16 17 35 19 -18 -1 50 -5 34 41 -14 -4 29 -19 -28 -17 -32 49 -34 -10 56 -20 -38 40 58 59 -24 43 -43 45 -44 -39 48 53 -33 51 52 -22 -48 55 60 -11 -49 -40 -36 -3 -62
right_child=2 7 5 4 -6 -7 13 8 23 11 -12 -13 25 -15 15 30 18 28 36 -21 21 -23 24 -25 -26 -27 27 -29 -30 -31 31 32 33 -35 38 -37 37 46 39 -41 -42 42 44 -45 -46 -47 47 57 -50 -51 -52 -53 -54 -55 -56 -57 -58 -59 -60 -61 61 -63
leaf_value=-0.074928690670158657 -0.0502061654399426 -0.045637369472269179 0.061439256560533152 0.045296158630738638 0.074535926163391053 0.078398143610650867 0.16645613176107774 -0.070704017507529318 -0.060681996780427884 0.031610355436337126 0.06524147751833613 0.034452934496516575 -0.036204227737837033 -0.019014593435684075 0.046585224131783363 0.010458694846959023 -0.054894304041538868 -0.062190879817986711 -0.061070315473463907 0.088275238702951397 -0.082713855704057287 0.049974068852999938 -0.079499416218162353 0.049324100352762329 0.056222431850276422 -0.19126520394362242 0.0088809739433514095 0.052802807836227539 0.13008290862457214 -0.057182839422667345 -0.074574448791801168 -0.0024030277767794392 0.011653067710676885 -0.074577948762165447 -0.016411045247589545 0.065892632795231248 0.04735392740727367 -0.054461535611778487 0.090053387324818004 0.0354481932529025 0.086419570728077058 0.0072711826819375439 -0.020401469085079896 0.073023104554065951 0.086690519001333025 -0.17458197680397278 0.04390488204511292 -0.12385007602813718 0.022652165280333585 0.062018873894445672 -0.076778722054469006 -0.066604619320672173 0.32662414460104494 -0.14598925418621386 0.051501288851885096 0.13430274990302152 -0.018307178307655016 -0.021107685205650994 -0.042718880770711294 0.1234682412470646 0.020954953575127708 -0.00094543404756157869
leaf_weight=1342.3287976273568 112.43707972276025 30.966219067457132 60.054729208350182 122.97363420203328 282.79422376397997 642.25773848686367 8.6213157252641412 225.73668440955225 26.060340778320096 38.178800240508281 197.75256423372775 170.44085912918672 17.622762615093965 10.242049951688385 111.61231065401807 499.42486784257926 9.4386493036290613 144.8665110579459 27.439101896830834 42.887678454164416 0.94486786006018464 21.789068782003596 12.767192141152917 70.089076948584989 50.645052927546203 7.6444559209048739 133.697953697294 53.430978206917644 3.3787281324621281 33.06008242815733 26.415073682554066 160.15438932715915 21.821968294214457 42.546850304119289 32.333234942983836 17.129127121996135 65.83041115431115 44.176538734929636 4.8911931652110061 44.255135878687724 26.76759505213704 313.86542307049967 115.46818745997734 32.068043574690819 8.4292826643213612 4.1242474094033232 3.8676964831538481 8.5153296431526524 107.18539618584327 24.168439351022243 47.767772717401385 4.8587219188921154 2.1112220678478479 6.3559785112738609 38.509559656027704 5.0208903636084861 250.29818841605447 79.506987287662923 74.032575510791503 4.5325184863759196 254.38816323131323 671.41545174445491
leaf_count=863627 13759 887 1191 2719 20115 48521 275 103129 3563 1681 10470 3253 194 2163 2255 8735 1171 35644 1235 1040 86 3147 107 1660 2628 81 2327 1314 94 607 431 2683 323 703 3289 115 831 484 180 855 538 3606 1513 399 290 65 48 64 1275 421 30903 408 46 65 923 115 16786 1133 5367 190 3250 6583
internal_value=-0.00192286 -0.0368377 0.0231377 0.00869218 0.0326145 0.061648 -0.0706416 -0.00460942 -0.0253508 -0.00234949 0.0391417 0.000437209 -0.00285605 0.065753 -0.00168732 0.0075024 -0.0112785 -0.0238329 0.00313898 0.0624502 -0.0724537 -0.0295702 0.0146614 0.0108304 0.00765079 -0.0831171 0.0207245 0.00961994 -0.0578087 -0.0042163 0.00187045 -0.0137205 -0.00725686 -0.0453444 -0.00184385 -0.0073517 -0.00591247 -0.00111445 0.00636408 -0.00936326 0.0368084 0.00259675 0.00480822 0.0133664 -0.0183172 -0.0257185 -0.0138973 -0.00517421 0.0142228 0.00604398 -0.0606965 0.0363634 0.200067 -0.0741508 0.00593852 0.00411422 -0.0117008 -0.031047 -0.0344905 0.000786635 0.00343102 0.00507226
internal_weight=7054.4 2947.66 4106.73 2986.48 943.135 1120.25 1438.66 1509 508.698 2043.34 477.996 1930.91 1760.47 18.8634 1735.2 886.144 849.055 453.851 395.204 52.3263 1419.8 77.4717 660.341 282.962 537.367 25.2672 280.244 220.189 148.245 166.758 774.532 275.107 248.692 64.3688 212.873 305.606 342.877 315.438 186.812 123.179 63.6333 486.722 473.955 345.933 128.022 119.592 249.608 205.431 117.409 184.323 55.6826 7.91481 3.05609 10.2237 1000.3 961.791 288.477 88.0223 78.9238 36.8658 956.77 925.804
internal_count=1221560 1031184 190376 125946 31442 64430 900655 130529 118771 94504 15909 80745 77492 2438 77217 15551 61666 54320 7346 2211 898217 34590 11327 15642 8608 275 5439 4248 35738 2934 13296 4561 4130 1026 13982 18582 5135 3900 10419 6402 4017 5980 5873 4005 1868 1578 3069 2585 1388 3104 31443 540 132 113 11758 10835 18467 1197 5547 3479 10720 9833
is_linear=0
shrinkage=0.08


Tree=54
num_leaves=63
num_cat=0
split_feature=16 11 4 9 2 8 9 0 6 9 6 10 16 0 2 7 3 1 2 0 1 4 1 4 3 2 3 6 3 6 2 11 8 2 16 1 1 0 4 7 2 6 4 9 1 2 0 1 1 10 4 3 3 4 1 2 10 11 0 4 6 2
split_gain=1205.88 314.912 207.505 118.79 91.0216 94.9883 52.3055 48.715 40.0679 65.6159 30.909 29.1068 25.2829 24.4372 26.0281 24.4067 22.6623 40.7428 22.5731 21.7129 24.7461 36.1223 24.7032 34.684 28.2993 31.1353 27.5406 23.3703 22.4229 22.225 19.6654 19.5642 19.2512 18.9506 18.2513 17.8039 24.7133 16.9647 33.7274 25.8548 19.8576 19.7517 16.6037 17.3114 16.5535 16.1334 16.7597 15.9262 18.5021 17.1656 15.5655 15.5372 15.8532 16.1866 15.4139 28.5264 15.0849 14.974 14.9078 14.7337 14.7193 14.4353
threshold=0.56867393851280224 0.84523808956146251 0.52976614236831676 0.6353554129600526 0.93643954396247875 0.62345302104949962 0.9976744055747987 0.23606811463832858 0.049590164795517928 0.79187294840812694 0.7923850715160371 0.93095237016677868 0.75797963142395031 0.2674796879291535 0.70222854614257824 1.0000000180025095e-35 0.50190839171409618 0.6291005313396455 0.36451049149036413 0.94185259938240062 0.99350649118423473 0.97014260292053234 0.94804319739341747 0.84889996051788341 0.87585616111755382 0.7933771312236787 0.91024166345596325 0.77951389551162731 0.93127068877220165 0.45080643892288214 0.89022758603096019 0.41428571939468389 0.73854896426200878 0.080540537834167494 0.57188794016838085 0.82807883620262157 0.19139194488525393 0.71516755223274242 0.6624472737312318 0.80297499895095836 0.65030118823051464 0.39339827001094824 0.8155706822872163 0.94352909922599804 0.93440860509872448 0.87570226192474376 0.81872946023941051 0.88047617673873912 0.15504807978868487 0.62019231915473949 1.0000000180025095e-35 0.81872946023941051 0.68614074587821972 0.68614074587821972 0.6900656819343568 0.38507877290248876 0.081666667014360442 0.13392857462167743 0.092665474861860289 0.059262510389089591 0.56330129504203807 0.58380147814750682
decision_type=2 2 2 2 2 2 2 2 2 2 2 2 2 2 2 2 2 2 2 2 2 2 2 2 2 2 2 2 2 2 2 2 2 2 2 2 2 2 2 2 2 2 2 2 2 2 2 2 2 2 2 2 2 2 2 2 2 2 2 2 2 2
left_child=3 4 47 15 6 10 8 -5 9 32 -6 16 56 33 -15 -1 17 18 -10 20 21 22 23 24 25 37 -24 45 -22 -27 -23 42 -2 59 -34 36 -8 40 39 41 51 -39 61 -44 -32 46 -26 48 49 -3 -36 52 53 -18 -9 -56 -12 -14 -50 -11 -55 -30
right_child=1 2 -4 7 5 -7 35 54 11 13 12 -13 57 14 -16 -17 19 -19 -20 -21 28 30 26 -25 27 29 -28 -29 31 -31 44 -33 34 -35 50 -37 -38 38 -40 -41 -42 -43 43 -45 -46 -47 -48 -49 58 -51 -52 -53 -54 60 55 -57 -58 -59 -60 -61 -62 -63
leaf_value=-0.01465524953238511 -0.061262692873487873 -8.9590794216566348e-05 0.074924369742378816 0.025068124290846386 0.086055639572615625 0.071562789609406749 0.063478325941461106 -0.073984774459563404 0.064990055568981742 -0.072822321281409738 -0.070820257849429802 -0.10027205357229919 0.0093628505994891014 -0.037868444041078669 0.10308967283695644 -0.076435532573615378 -0.012694669491268776 0.11559073779771181 -0.069040489301396474 0.073248237301388797 0.096928633795273514 -0.048290699678116271 0.029280542388591055 0.038217503125850198 -0.034654204842961986 0.075915209611574927 -0.10040416860865016 0.078244850060226398 -0.044754834674140119 -0.0064782536554969352 -0.058156476523401023 0.06101631433046411 0.85052844088560775 0.0075895466301232088 0.40489611222059191 0.074002185502242648 -0.0066639672172393973 -0.084265034710516634 -0.0041471992843283428 -0.25385138217797154 0.031496695375608647 0.17129745493112783 -0.0019431324526975257 0.05729985860076247 0.021948256259539115 0.0065957346311342618 -0.099348898641514458 0.089662575315273441 -0.098560324017200968 0.060532339206228365 0.0047002285137890528 -0.083728139253402625 0.020004874618147407 -0.15774668683045784 0.87149811632977603 0.029842918377700714 0.00051264916486207441 0.091076091314701291 0.0056642203305500138 0.026060876249502155 0.050298922094125419 0.049316079985239299
leaf_weight=42.309276564745232 214.1838619010523 47.593933503609151 802.39794595714193 118.16185352718458 31.439368658117019 235.93782846350223 54.485758304595947 56.585159598267637 13.967066181707194 34.492288924288005 41.123650737456046 17.644028209382668 350.10324642015621 174.02201271452941 8.8081695078872126 1250.9358922709944 86.886037226766348 31.019272556179203 18.957292149192654 26.578141242265701 19.308357697445899 175.70174369995948 15.889464930631219 152.68402359436732 102.32570306851994 61.099663664703257 30.78631091339048 11.873530601733362 11.948979932814835 31.887458886252716 23.026039247750305 44.497816438786685 0.17180077102966507 483.21815331769176 0.64912864309735496 62.02096498850733 78.41362606966868 25.812727167969573 103.54394356033299 5.5720950104296199 128.3721990569029 2.0923749157227567 564.77303881663829 33.436283625662327 58.345487585058436 40.579485195456073 34.190877597546205 16.94513616990298 8.9535418206360173 80.381215278059244 14.889462797436861 16.130547539098188 102.09668346960098 9.5717407929478195 0.27623174607287992 3.8470505714649335 35.225024637184106 14.966260946355758 461.72581526765134 13.386572548653929 2.8170007580192751 82.660441173822619
leaf_count=7807 66343 465 63247 10771 604 14854 764 26563 905 707 11554 186 3465 14967 123 901617 7625 723 1930 692 374 6146 270 3353 2785 1056 776 196 170 537 1448 2471 39 8298 31 2727 975 1375 3131 53 4461 50 18858 904 2116 813 855 904 66 2544 1877 692 4261 604 32 202 1383 775 6433 212 57 1338
internal_value=-0.00184147 0.015797 0.0481191 -0.0659628 0.00414539 0.0301026 -0.00155985 -0.00485716 -0.00414405 -0.0178212 0.0094156 0.00204401 0.00395703 -0.00585136 -0.0310775 -0.0744144 0.00291678 0.0498007 -0.0121825 0.00142117 0.000455994 -0.00658723 0.0005169 0.00340501 -0.00354445 0.00527046 -0.0562566 -0.0304078 0.0118246 0.0476606 -0.0332329 0.00959598 -0.0549929 0.00283275 0.0304852 0.0386096 0.0220928 -0.00289224 -0.0267155 -0.0965187 0.00654557 -0.0651025 0.00629339 0.00136819 -0.000719313 -0.0376925 -0.0508571 0.01318 0.0110151 0.0379871 0.0214185 -0.00818088 -0.00212928 -0.0248926 -0.0631032 0.0862281 -0.0379094 0.0127127 0.0036816 -0.0451753 -0.11044 0.0374351
internal_weight=6823.73 5351.61 1418 1472.12 3933.61 708.795 3224.82 178.87 3029.9 943.821 472.858 2086.08 441.418 713.927 182.83 1293.25 2068.43 63.9436 32.9244 2004.49 1977.91 1221.29 964.212 917.536 764.852 575.882 46.6758 188.97 756.625 92.9871 257.073 737.317 229.894 531.097 15.7104 194.92 132.899 482.895 137.021 33.4772 345.874 27.9051 692.819 598.209 81.3715 177.096 136.517 615.6 598.655 127.975 15.5386 217.502 201.371 99.2748 60.7084 4.12328 76.3487 365.07 470.679 47.8789 12.3887 94.6094
internal_count=1221560 274568 73659 946992 200909 32635 168274 37568 163808 92597 17781 71211 17177 24307 15090 909424 71025 3558 2835 67467 66775 42660 32950 31904 28551 23902 1046 4649 24115 1593 9710 23741 68290 9217 1947 4466 1739 22309 4609 1478 17700 1425 21270 19762 3564 4453 3640 10412 9508 3009 1908 13239 12547 8286 26797 234 12937 4240 6499 919 661 1508
is_linear=0
shrinkage=0.08


Tree=55
num_leaves=63
num_cat=0
split_feature=16 11 4 9 15 3 9 4 5 2 9 5 4 7 9 10 5 7 9 2 15 2 5 1 2 1 3 16 10 1 11 9 5 1 3 1 15 16 8 10 1 10 2 1 2 1 3 2 8 7 3 7 9 9 8 3 9 11 7 10 3 8
split_gain=1089.9 283.533 201.247 115.569 111.58 41.3325 39.6709 51.8088 48.6487 37.2331 43.7703 29.3576 29.6405 28.3479 27.3236 25.9808 25.0703 24.6062 23.2859 22.1642 20.7577 19.0158 18.4688 18.0301 17.6775 17.1075 22.7378 16.655 15.9791 14.9693 14.6203 14.561 14.133 13.6567 25.3718 12.8034 12.7644 14.4017 12.8759 12.7247 12.7 12.5208 12.5034 12.319 12.5634 15.9338 12.0787 11.9531 11.8084 11.6316 11.7618 11.0704 17.4281 11.7591 10.9557 27.3513 74.7871 10.5993 15.5433 10.2297 10.1187 10.0902
threshold=0.56867393851280224 0.84523808956146251 0.52976614236831676 0.6353554129600526 3.5000000000000004 0.2362911254167557 0.86645436286926281 0.46049895882606512 0.087121214717626586 0.94494947791099559 0.65012314915657055 0.30952382087707525 0.96609193086624157 1.0000000180025095e-35 0.71744003891944896 0.40454545617103582 0.30952382087707525 1.0000000180025095e-35 0.9976744055747987 0.91734972596168529 8.5000000000000018 0.90501254796981823 0.30952382087707525 0.15504807978868487 0.27334994077682501 0.982753485441208 0.99438202381134044 0.75797963142395031 0.62019231915473949 0.95040982961654674 0.2264957278966904 0.97091406583786022 0.58571431040763866 0.6900656819343568 0.40778534114360815 0.11189358308911325 11.500000000000002 0.59347748756408703 0.81501609086990368 0.80625000596046459 0.53694942593574535 0.48809523880481726 0.072077922523021712 0.84028983116149913 0.50878274440765392 0.65485891699790966 0.77032968401908886 0.053342817351222045 0.85783973336219799 0.57583689689636242 0.76506900787353527 0.71463078260421764 0.75072255730628978 0.73717105388641369 0.57200461626052868 0.76506900787353527 0.53196728229522716 0.38750000298023229 0.88322511315345775 0.59411767125129711 0.93127068877220165 0.51173812150955211
decision_type=2 2 2 2 2 2 2 2 2 2 2 2 2 2 2 2 2 2 2 2 2 2 2 2 2 2 2 2 2 2 2 2 2 2 2 2 2 2 2 2 2 2 2 2 2 2 2 2 2 2 2 2 2 2 2 2 2 2 2 2 2 2
left_child=3 4 22 17 9 20 7 14 40 25 -11 -10 19 -14 -6 -8 24 -1 21 48 61 35 23 28 -16 26 -2 -15 -3 -29 -22 60 -21 -7 -35 47 37 54 -38 42 -9 -19 -37 44 45 51 -46 -17 -13 50 -41 -25 53 -53 55 56 -4 -28 -59 -49 -27 -5
right_child=1 2 36 5 6 33 15 8 11 10 -12 12 13 27 16 18 -18 41 -20 32 30 -23 -24 43 -26 31 57 29 -30 -31 -32 -33 -34 34 -36 39 38 -39 -40 49 -42 -43 -44 -45 46 -47 -48 59 -50 -51 -52 52 -54 -55 -56 -57 -58 58 -60 -61 -62 -63
leaf_value=-0.013649947959974016 0.010321827253779732 -8.2419612224113079e-05 -0.080702748837220825 0.13089917424982453 -0.070738104131824187 -0.072979683210146112 0.044082849070950537 -0.071948584007526822 -0.068267311989623353 0.018304858550024759 0.073250383748793474 0.0031650829860691903 -0.0068308689902644827 -0.068306423960927717 -0.015141622104113581 -0.090527550514742872 0.11050375918740341 -0.076185716863172936 0.034834602106025403 0.10298851771565184 -0.036177152178672081 0.052663442185640827 0.074623746424057433 -0.021628629159311422 -0.054309784734597466 0.094058461962995971 -0.03430475195125833 -0.081689966892516272 0.059026905248488845 0.0066092959386979035 0.032800552359936251 0.075269497267587304 0.02338296699523984 0.71119607448190647 0.016061487651173371 -0.10544561644784244 -0.032015343756244853 0.075693817778342082 0.07161933905479248 -0.057077307580269389 0.081885780726044577 0.93165259247005405 -0.0029545162024176026 0.094460364683663214 -0.060762484807974589 0.069455508358512066 0.080358091053245886 -0.011885070558107049 -0.12387614830467239 -0.032027785007529022 -0.39499912622686362 0.080225292869380682 0.0068487111300897111 0.46443329763797642 0.13638455904941774 0.22538778787138852 2.6825860819612681 -0.080228083334184505 -0.42559989505825374 0.074513773219648902 0.019568235567422345 0.043002246046723293
leaf_weight=41.812650139443576 471.8086188021116 47.596327182836831 0.13579050172120277 11.501808513421564 111.34247536177281 51.48709199228324 110.26692303875461 3.6962848399998611 49.436131067224778 195.78445589693729 176.38155153393745 506.12080799147952 381.85675311647356 94.951730923610739 215.65282618417405 4.4225025204941621 8.5153836999088508 1159.319528330816 121.78774470929056 22.713577394606546 40.372894101776183 36.887290836311877 28.957162861363031 107.30512232193723 112.06841080321465 12.062356621492652 46.485040405532345 16.452778283972293 76.017308605834842 48.536583946086466 38.344010414439254 36.002094941213727 38.411707898369059 0.36797878798097272 3.8719721839297563 7.7378690135665229 14.236691742087716 714.24196000187658 16.641282680910081 1.5515552798751735 48.514063273789361 0.078896913095376386 491.45811678492464 9.007476744707672 33.229081809869967 22.512321342830546 4.3951118804980061 12.678340029902754 4.7262526452541342 88.764969068579376 1.1461759228259323 1.2433117073960596 278.53632069285959 0.86419236147776235 1.5695487661287186 0.71187479258514941 0.11643002042546868 3.572275122627615 1.087962621822953 28.455317605286837 359.64654189010616 30.586251772474498
leaf_count=7807 8875 465 41 208 49614 26521 2637 897 7115 4195 12428 17271 3095 26765 11210 53 100 901597 2491 537 8627 1773 1452 1964 23899 227 664 203 2544 1234 830 1770 994 15 220 126 616 61203 1337 33 2274 20 10035 290 515 347 78 97 53 1147 12 45 2692 20 16 22 12 102 27 280 8676 1147
internal_value=-0.00175969 0.0149211 0.0463827 -0.0650604 0.0038894 -0.00462032 -0.00578459 -0.0131201 -0.00455136 0.0229589 0.0443453 -0.00794225 -0.00526464 -0.0186739 -0.0363889 0.00769259 -0.0250144 -0.0739427 0.00264455 0.00743718 0.0216712 -0.00317976 0.0122698 0.00916049 -0.0285357 0.0144066 0.00482956 -0.0469488 0.0362674 -0.0157446 -0.00257723 0.0266907 0.0529636 -0.0616149 0.0763911 -0.00641751 0.0741996 0.0763692 0.0238372 -0.0095693 0.0709949 -0.0761171 -0.0045432 0.00182985 -3.22197e-05 0.00402343 -0.0442773 0.034447 0.00198972 -0.0370013 -0.200649 0.000226465 0.00858283 0.237772 0.266764 0.479022 1.19489 -0.0458359 -0.160857 0.0478837 0.0219855 0.0670227
internal_weight=6606.04 5228.3 1357.32 1377.74 3870.98 176.532 2568.15 1663 1215.42 1302.83 372.166 1163.21 1113.77 541.798 447.579 905.157 336.237 1201.21 794.89 571.972 120.805 673.102 609.664 580.707 327.721 930.665 522.954 159.941 123.614 64.9894 78.7169 407.711 61.1253 55.727 4.23995 636.215 747.654 716.776 30.878 590.659 52.2103 1159.4 499.196 457.093 448.085 410.461 37.6242 45.5562 510.847 91.4627 2.69773 387.949 280.644 2.1075 2.53364 0.964095 0.252221 51.1453 4.66024 41.1337 371.709 42.0881
internal_count=1221560 274568 73659 946992 200909 37568 163945 145261 60438 36964 16623 57267 50152 31297 84823 18684 35209 909424 16047 18855 10812 13556 10412 8960 35109 20341 9668 28202 3009 1437 9457 10673 1531 26756 235 11783 63247 61294 1953 11353 3171 901617 10161 5951 5661 5068 593 430 17324 1192 45 4721 2757 65 91 75 53 793 129 377 8903 1355
is_linear=0
shrinkage=0.08


Tree=56
num_leaves=63
num_cat=0
split_feature=15 9 11 7 6 7 2 9 9 4 9 9 9 5 2 4 6 11 4 0 0 1 5 7 1 4 4 5 3 4 5 6 0 4 9 0 1 9 5 5 1 7 0 3 2 0 7 11 2 10 0 0 5 6 3 4 11 3 4 9 1 4
split_gain=698.686 317.021 217.469 203.488 165.22 39.9256 33.8174 57.6667 31.4512 51.8627 30.6558 29.1178 28.6272 24.726 24.6662 26.1429 28.7988 24.1681 31.1369 23.5218 20.0672 19.1882 20.8042 22.7771 18.8511 26.4912 21.2264 24.0289 20.0368 18.4168 18.2209 25.7047 17.2503 16.5136 15.7857 15.185 20.7607 14.5974 14.486 14.4343 14.3884 14.5328 14.0932 12.801 12.7913 12.7122 12.616 12.6143 15.8615 21.6334 12.6059 13.3066 12.6023 12.507 13.5438 19.3493 20.0027 16.7431 15.3637 26.3836 17.2985 12.4878
threshold=6.5000000000000009 0.66220691800117504 0.43650794029235845 0.21896404027938846 0.20638945698738101 0.81337305903434765 0.94494947791099559 0.79187294840812694 0.55329477787017833 0.7103942632675172 0.52839964628219616 0.9976744055747987 0.30813187360763555 0.73214286565780651 0.74239632487297069 0.087922707200050368 0.05505050532519818 0.64583334326744091 0.077677227556705489 0.30848532915115362 0.55941176414489757 0.70659971237182628 0.15476191043853763 0.54278537631034862 0.982753485441208 0.99350649118423473 0.78830561041831981 0.38750000298023229 0.95488464832305919 1.0000000180025095e-35 1.0000000180025095e-35 0.41277891397476202 0.053342817351222045 0.69631093740463268 0.94352909922599804 0.23606811463832858 0.49675324559211737 0.66815477609634411 0.61250001192092907 0.38750000298023229 0.10063291341066362 0.42080669105052954 0.36451049149036413 0.78456193208694469 0.29442724585533148 0.087595909833908095 0.62007752060890209 0.6904762089252473 0.86616915464401256 0.81534090638160717 0.57294833660125744 0.58885449171066295 0.46428571641445165 0.24357284605503085 0.60922586917877208 0.60943254828453075 0.43650794029235845 0.80217391252517711 0.58397436141967785 0.75072255730628978 0.69282051920890819 0.61167800426483165
decision_type=2 2 2 2 2 2 2 2 2 2 2 2 2 2 2 2 2 2 2 2 2 2 2 2 2 2 2 2 2 2 2 2 2 2 2 2 2 2 2 2 2 2 2 2 2 2 2 2 2 2 2 2 2 2 2 2 2 2 2 2 2 2
left_child=2 3 6 20 10 14 11 46 -5 17 12 24 -4 -11 15 32 19 -10 -19 -17 -2 52 23 -23 25 26 -1 -28 -26 -12 31 -18 -3 39 40 37 -37 -31 -35 53 -34 45 -38 44 -13 -42 -8 48 49 -6 -43 -52 -20 54 55 -32 -57 58 -56 60 -60 -21
right_child=1 5 4 8 47 -7 7 -9 9 13 29 43 -14 -15 -16 16 30 18 21 61 -22 22 -24 -25 28 -27 27 -29 -30 35 33 -33 34 38 -36 36 42 -39 -40 -41 41 50 -44 -45 -46 -47 -48 -49 -50 -51 51 -53 -54 -55 57 56 -58 -59 59 -61 -62 -63
leaf_value=-0.0075138973979543677 -0.060615938122631052 -0.089729392556205975 2.2121081384752093 -0.07776859872904722 0.041656934071009663 0.01958123892602763 0.0056082639415116235 0.074473004334557405 -0.071697624755016634 0.093602264420907688 -0.19278156573059346 0.052002836098433217 -0.080809503497397336 -0.044336487468198342 0.023289589312292889 -0.019969849403904168 -0.0045257731335879414 0.33512570448899776 -0.053394213792008725 -0.064348091305219873 0.00057050383227711581 0.03321400362864 0.017759122151747166 0.73861888750175686 0.095378487589022148 -0.031023948078125564 0.06358993272194978 0.0037577646097941776 0.0086329741681044816 0.17846207241578046 -0.02405063892541465 0.11271397790663434 0.072403001458630711 -0.0925643174791492 0.036741275663205321 -0.017858445335945584 0.095479835853129885 0.030311829792511933 0.011317464494139689 0.049732000059942376 -0.094464049181018805 -0.0170027299958532 0.017185871824413366 0.081381955125703884 -0.04469530692978748 0.057128054748724511 0.067534978815100871 0.075937088998705327 0.072214163105514026 -0.079637265631033349 0.47703289129270987 -0.00023270254929338749 0.99218790464173967 -0.069874795474767729 0.036475789748129032 -0.087252062440708308 -0.7831154027244559 -0.0639605794902849 0.30237419065178123 0.09229731205033341 0.88571578715728505 0.12533289581401433
leaf_weight=612.53698039497249 37.922565348795615 13.062877777963875 0.034900836646559408 954.83453390432987 56.959869801998138 384.15655055153184 320.99850966932718 118.09811805747449 163.92900581809226 22.941872122348286 2.6682667785789809 23.679293286055326 23.163638327387162 13.046564750256946 120.34158173017204 176.73030311032198 31.439134779502638 1.827639886992986 15.504186302190647 165.38772673532367 359.61069654196035 0.52000757737550818 2.2701095584779978 0.67094343551434577 17.602608483517542 227.41814979631454 62.599243526230566 136.91258717235178 534.89178926032037 4.340960345696657 9.3347832655999827 19.325670776539482 14.768523364327846 26.891059109475464 74.348742588423193 129.23114408482797 17.075883099925704 218.70932772639208 12.624291193322277 28.275084140943363 3.9999959982233113 241.39190644328482 106.38105373259168 39.740547928027809 13.89106007106602 30.81055576831568 22.532517747953534 644.64709211222362 94.666328080464154 11.273306434974073 0.68058700161054619 0.82962302630767226 0.074128709733486953 20.432680309400894 8.312353517161684 0.62587782554328331 0.45771766267716885 5.5296576565597197 0.95124465506523737 3.3130644424818456 0.49445753078907728 2.2515951744280747
leaf_count=54309 8905 857 28 773301 2764 9465 10445 8360 114835 900 28 357 18873 619 2618 22821 2009 171 9678 41393 7743 46 39 22 329 13035 1221 2198 18041 300 1053 557 295 483 930 3063 314 3614 209 505 166 9806 2193 1463 214 789 1015 59767 7426 543 17 52 1 656 364 67 6 127 50 47 41 17
internal_value=-0.00169096 -0.0301168 0.0228501 -0.0547453 0.0485122 -0.00237817 0.00708415 0.0262486 -0.0714765 -0.0442648 0.0124519 0.00178432 -0.0773599 0.0435966 -0.010709 -0.0152944 -0.0270855 -0.0613755 0.0197136 -0.040333 -0.00526636 -0.0105637 0.159823 0.430616 -0.000544087 -0.00689082 -0.000132225 0.0225308 0.0113967 0.016807 6.83375e-05 0.0401063 0.000608772 -0.0172677 0.00382573 0.0179825 0.00455418 0.0331951 -0.0593764 0.00413977 -0.0045414 -0.00863324 0.0280151 0.0497302 0.0162502 0.039709 0.00967009 0.0709109 0.0510207 0.021617 -0.0155612 0.21485 -0.0484189 -0.0219285 0.011831 -0.0611959 -0.381189 0.0527337 0.1021 0.21673 0.501888 -0.0618005
internal_weight=6409.97 2969.92 3440.05 1573.15 1309.15 1396.77 2130.9 461.629 1175.62 220.784 501.605 1669.27 23.1985 35.9884 1012.61 892.27 512.377 184.796 20.867 344.37 397.533 19.0394 3.46106 1.19095 1591.96 1039.47 812.049 199.512 552.494 478.407 168.007 50.7648 379.893 117.242 366.83 475.738 252.688 223.05 39.5154 77.7269 292.481 277.713 123.457 77.3109 37.5704 34.8106 343.531 807.547 162.9 68.2332 242.902 1.51021 15.5783 49.4518 29.0192 10.4184 1.0836 18.6008 13.0711 4.75877 1.4457 167.639
internal_count=1221560 1011660 209900 916260 98913 95400 110987 19820 899612 126311 28413 91167 18901 1519 85935 83317 70405 124792 9957 64231 16648 9786 107 68 89133 70763 57728 3419 18370 9512 6174 2566 12912 3608 12055 9484 5570 3914 692 2916 11125 10830 2507 2034 571 955 11460 70500 10733 3307 9875 69 9679 2411 1755 1126 73 629 502 138 91 41410
is_linear=0
shrinkage=0.08


Tree=57
num_leaves=63
num_cat=0
split_feature=16 11 3 9 15 3 14 14 4 2 6 7 7 2 6 6 16 9 15 5 16 4 3 14 6 16 6 8 4 9 2 4 6 7 9 7 4 2 9 6 4 15 7 9 7 8 2 14 14 14 4 2 8 16 7 5 4 8 7 9 14 2
split_gain=893.888 230.975 186.038 110.147 88.5934 42.5317 35.4475 34.9524 30.7228 34.6914 25.9117 25.7844 22.9134 22.1304 20.5728 20.5248 20.2134 20.0822 17.9734 15.08 22.2989 17.5474 25.9706 15.127 16.8686 16.1502 16.4255 30.9773 14.6768 14.4927 22.3361 14.3988 14.3825 14.2782 14.5099 93.4153 13.674 13.1585 13.1096 13.0877 12.7393 15.474 14.3746 12.6789 12.4836 12.2452 12.0539 12.0057 11.902 21.9964 13.9641 13.1757 13.4084 12.4054 11.735 11.5019 15.5411 13.7014 12.8209 11.6258 14.6336 11.4372
threshold=0.56867393851280224 0.84523808956146251 0.77032968401908886 0.61926808953285228 3.5000000000000004 0.2362911254167557 1.4448034763336184 16.569128990173343 0.99350649118423473 0.91734972596168529 0.44590643048286444 0.21896404027938846 0.70649471879005443 0.96051946282386791 0.77951389551162731 0.48331478238105779 0.71812930703163158 0.81145748496055614 7.5000000000000009 0.6904762089252473 0.72948575019836437 0.81120249629020702 0.81661397218704235 4.5504581928253183 0.53452381491661083 0.67612341046333324 0.55217784643173229 0.5785643756389619 0.42761905491352087 0.53196728229522716 0.67068272829055797 0.048199767246842391 0.48331478238105779 0.41799478232860571 0.63182720541954052 0.34927566349506384 0.82097071409225475 0.27812939882278448 0.51358735561370861 0.20881782472133639 0.082482993602752699 4.5000000000000009 0.69147339463233959 0.9976744055747987 1.0000000180025095e-35 0.96017619967460643 0.12579113990068438 1.32142049074173 15.06917715072632 15.2471981048584 0.053342817351222045 0.96720427274703991 0.73854896426200878 0.74301329255104076 0.65232810378074657 0.46428571641445165 0.6624472737312318 0.81501609086990368 0.81337305903434765 0.92349499464035045 2.1762032508850102 0.87570226192474376
decision_type=2 2 2 2 2 2 2 2 2 2 2 2 2 2 2 2 2 2 2 2 2 2 2 2 2 2 2 2 2 2 2 2 2 2 2 2 2 2 2 2 2 2 2 2 2 2 2 2 2 2 2 2 2 2 2 2 2 2 2 2 2 2
left_child=3 4 10 11 7 18 12 48 9 14 40 31 15 -9 19 17 44 -6 -5 21 -21 23 -23 24 43 26 27 -26 37 30 -28 -1 -24 34 35 -20 -22 45 -4 -39 42 -42 -3 55 -10 47 -45 -14 50 53 -2 52 -51 -50 -19 58 57 -57 -8 60 -60 -52
right_child=1 2 38 5 6 -7 8 13 16 -11 -12 -13 28 -15 -16 -17 -18 54 33 20 36 22 32 -25 25 -27 29 -29 -30 -31 -32 -33 -34 -35 -36 -37 -38 39 -40 -41 41 -43 -44 46 -46 -47 -48 -49 49 51 61 -53 -54 -55 -56 56 -58 -59 59 -61 -62 -63
leaf_value=1.199342420135076 -0.050520356255546572 -0.0049975186269219304 -0.014030130648937718 0.069535837201660358 -0.059577319457291458 -0.060948443655985694 -0.019838880588444727 0.026058296722071671 -0.0055033223361168303 0.064316710802118066 0.079710123619370091 -0.076227819764068935 0.0037252781337711377 0.064515654483873558 0.046968652019765252 -0.0036249458009716819 -0.0087999762841144188 -0.00024623678731679107 3.0390074032290144 0.1338794057692447 -0.016760888487160112 -0.070393283895792608 0.093348370361377442 0.019621139539319068 -0.081446221486480494 0.02547787605742689 0.98754244934153679 1.2810138754927605 0.025765423176787393 0.054631354527191069 0.090443352433151866 -0.015612086562038319 0.026754951566893281 -0.016199004668684118 0.050063364480680481 -0.080209774164002601 -0.10837018393906454 -0.068429088518450143 0.076145733675377483 0.23647790222008058 0.021065483570251908 -0.010560069943383437 0.042895628538401821 0.074510473393046436 -0.067921261924355034 0.12019791961384436 -0.0015551258002305228 -0.10003350273757443 -0.070620756854367028 0.015584079940544835 0.016528000761876421 0.039240906763256346 -0.041635776593927094 -0.011626456618728407 -0.06342030481953323 0.070572822124664147 -0.015880960113691299 -0.034538334506634301 0.086934348236372652 -0.015663485674896855 0.0062592122162598175 0.049302360299047415
leaf_weight=0.062516814563422396 17.205302135786042 60.462687599821948 10.497950084740294 34.453328787116334 190.88829261367209 61.476450458285399 520.37024167366326 274.26231822266709 29.46890738978982 63.373549366137013 35.02684005536139 982.11309480463387 58.859237088472582 147.14583765203133 66.647303850972094 109.22047745541204 468.52195719140582 77.281930042547174 0.076927326037551036 4.1202105866977936 21.497118325904012 13.352419118979013 31.078540017246269 203.3175218605902 0.1967067337827747 53.882577018346637 0.29744306660722974 0.233673389069736 82.903793383738957 2.8858894221484661 0.44095419684890658 44.338855189969763 62.494687361642718 68.435316860442981 20.717027253820561 0.30537370918318629 20.251665239222348 33.129831416299567 601.32291238615289 0.92615364515222509 158.69365596969146 263.30086633272003 119.13775628246367 22.459362722933292 67.431782101746649 5.0609895326197138 32.812497448176146 8.1218516714870912 27.606237340718508 100.40884206583723 346.41858684411272 97.055159483803436 35.468183510005474 131.36706144362688 24.875943866558373 37.237366000306793 49.71427943801973 10.086753061041234 20.939140205504373 66.892459103371948 46.00481367087923 84.831581311183982
leaf_count=38 197 798 169 1241 58391 35939 37553 7694 379 2542 2922 886095 2593 10473 1628 4438 6153 5054 36 207 251 212 534 2665 45 593 12 5 1541 51 92 11278 1055 11052 1129 184 220 5605 59943 9 2478 4406 2943 287 25895 43 393 249 3039 1735 6308 2800 694 843 1696 588 714 110 617 782 743 3181
internal_value=-0.00162094 0.013273 0.0430966 -0.0632807 0.00339438 -0.00654187 -0.00530651 0.020684 -2.2365e-05 0.00653224 0.0128221 -0.0735319 -0.0224298 0.0394867 0.00368733 -0.0332247 -0.0156789 -0.0442568 0.0204343 0.00132401 -0.043676 0.00308115 0.0339792 -1.29519e-05 -0.00463084 0.0370644 0.191038 0.658297 0.000545773 0.135552 0.451815 -0.0139014 0.0488727 0.00153984 0.0590755 0.547445 -0.0611991 -0.0191606 0.0745984 -0.0601371 0.00892762 0.00133292 0.0267723 -0.00762608 -0.0489391 0.000210019 0.0293536 -0.00885609 0.0112552 0.00107082 0.0201554 0.0167283 0.000647895 -0.021871 -0.0156294 -0.0103468 0.0153553 0.0481692 -0.0141592 0.00792397 0.0314933 0.0229751
internal_weight=6229.47 5017.49 1248.44 1211.98 3769.05 185.464 2507.28 1261.77 1916.01 1350.59 636.622 1026.51 591.269 421.408 1287.21 402.267 565.423 293.046 123.988 1220.57 45.869 1174.7 106.926 1067.77 864.454 57.9372 4.05467 0.43038 189.002 3.62429 0.738397 44.4014 93.5732 89.5346 21.0993 0.382301 41.7488 106.098 611.821 34.056 601.595 421.995 179.6 806.517 96.9007 72.0421 55.2719 66.9811 840.361 391.905 448.455 232.932 135.877 158.973 102.158 751.245 97.0384 47.3241 654.207 133.836 66.944 431.25
internal_count=1221560 274568 73659 946992 200909 49581 163945 36964 84326 51899 13547 897411 79619 18167 49357 69579 32427 65141 13642 47729 678 47051 1801 45250 42585 798 205 50 10040 155 104 11316 1589 12401 1349 220 471 8499 60112 5614 10625 6884 3741 41787 26274 2885 680 2842 18797 9111 9686 5229 2429 3882 6750 41107 1412 698 39695 2142 1360 9489
is_linear=0
shrinkage=0.08


Tree=58
num_leaves=63
num_cat=0
split_feature=16 11 1 9 15 14 14 3 8 5 9 6 5 4 2 10 8 10 8 16 8 1 14 4 15 5 5 6 5 6 4 3 4 2 8 10 9 2 6 2 3 11 1 3 2 8 14 1 10 14 5 15 10 2 9 1 1 14 4 10 2 6
split_gain=807.276 207.295 185.004 106.337 76.5096 31.833 31.6653 31.4883 25.4056 22.3225 19.4405 26.8326 34.6295 30.1446 24.0578 23.8683 19.9072 18.8394 16.5182 15.7087 15.4875 14.8289 14.1214 14.0502 13.8454 13.5047 21.9367 21.0371 16.4484 22.209 18.3123 18.5305 14.015 13.3245 14.0166 13.1452 13.0515 12.9124 12.9042 15.6516 12.7478 12.6444 12.2989 20.197 11.802 20.0009 18.5709 19.1174 14.5775 12.2059 12.1107 12.1098 11.4955 11.4734 11.4687 37.6877 16.01 18.3197 15.7019 16.7919 16.6564 12.4801
threshold=0.56867393851280224 0.84523808956146251 0.80901724100112926 0.6353554129600526 3.5000000000000004 17.466416358947757 0.78948670625686657 0.2362911254167557 1.0000000180025095e-35 0.26785714924335485 0.86645436286926281 0.049590164795517928 0.6904762089252473 0.8589511811733247 0.27334994077682501 0.43303571641445165 1.0000000180025095e-35 0.21240601688623431 0.97789987921714794 0.69081535935401928 0.96794739365577709 0.15047170221805575 4.9062407016754159 0.52223318815231334 9.5000000000000018 0.46428571641445165 1.0000000180025095e-35 0.12390350922942163 0.30952382087707525 0.39339827001094824 0.77485185861587536 0.81120249629020702 0.65261757373809826 0.96051946282386791 0.53866082429885875 0.62019231915473949 0.54295176267623912 0.90501254796981823 0.2736185491085053 0.47901995480060583 0.94185259938240062 0.2264957278966904 0.6900656819343568 0.40778534114360815 0.94494947791099559 0.6157280206680299 15.00011205673218 0.99350649118423473 0.22474747896194461 15.406392097473146 0.81666666269302379 1.5000000000000002 0.5419580638408662 0.56980520486831676 0.56017240881919872 0.73401361703872692 0.15047170221805575 1.951428294181824 0.087922707200050368 0.30602006614208227 0.12579113990068438 0.15184453129768374
decision_type=2 2 2 2 2 2 2 2 2 2 2 2 2 2 2 2 2 2 2 2 2 2 2 2 2 2 2 2 2 2 2 2 2 2 2 2 2 2 2 2 2 2 2 2 2 2 2 2 2 2 2 2 2 2 2 2 2 2 2 2 2 2
left_child=3 4 9 8 5 44 19 24 -1 21 11 14 13 25 22 -12 -14 -18 20 -6 37 35 -8 -16 -5 26 27 -13 -28 30 31 38 -27 -7 -35 -3 -4 -17 39 -30 -19 -26 -9 -44 46 49 48 -48 -2 -46 51 52 -50 -34 -10 56 57 -56 59 60 -59 -57
right_child=1 2 36 7 6 33 10 42 54 -11 15 12 16 -15 23 18 17 40 -20 -21 -22 -23 -24 -25 41 32 28 -29 29 -31 -32 -33 53 34 -36 -37 -38 -39 -40 -41 -42 -43 43 -45 45 -47 47 -49 50 -51 -52 -53 -54 -55 55 61 -58 58 -60 -61 -62 -63
leaf_value=-0.0097082749914041127 0.052436553436854591 -0.00022237269100084672 -0.010781291300833272 0.050545793009279624 -0.057111487137340121 0.02860447466395331 -0.016347636326949418 -0.071420891815759002 -0.078091809040651827 0.053636424306524023 0.040470839763028579 -0.030814053311683996 -0.004255101771736788 0.062438974948660846 -0.06114197045777986 -0.0014979817094377015 -0.054977112770356287 -0.056232902383042578 0.051044640148187756 -0.016543565171494155 -0.073033654413661456 0.00080901981049634377 0.074208717917196326 0.11370038612898321 -0.038987253682418579 0.06111826227651837 -0.061059596758420209 0.095799674876291235 -0.061772526870818911 -0.059480713070219314 0.10159542216692298 -0.037418350579495628 -0.10255479143436561 0.01685829815585509 0.078364979676896956 0.056664889927066621 0.077188933270935789 0.050418493013746131 -0.013582301537685406 0.087351516038702587 0.016052395707190741 0.028752285958768942 0.62794921092036271 0.016639523029554949 -0.0010236501429080453 0.072542230566235127 -0.042994873677774874 0.0037494690160718618 -0.086955348505189059 0.045367763079294444 0.058074625407853048 0.011559152148679905 0.0016481995553673521 0.014511497793963879 -0.018322653165050544 0.67717522959380139 -0.06870186660357247 -0.013806429768215472 1.1168276070935808 0.78219429645947514 0.82489445726772248 0.15280070122021389
leaf_weight=39.627759672934189 62.393304432742298 43.572537161409855 11.013370169792323 49.847484239377081 95.033688127587084 232.64377362211235 183.71576340461615 43.173769115819596 836.68872282310622 74.281267154030502 123.36788990208879 13.10798251442611 414.91326346993446 71.452180517488159 114.92790924909059 589.34631602861919 119.91092658648267 21.734948036144488 41.657227158546448 171.02018587314524 18.52142136124894 464.19880426686723 11.724339243257416 3.018754686578176 34.670479489839636 45.294492247980088 42.848453590006102 23.376164353336208 5.3704032269306472 36.351849686470814 13.016822277451864 45.234799465513788 5.5944494048599145 32.669707291643135 86.488180543296039 64.448912804946303 541.05686058325227 32.342799478210509 24.061213285312988 27.936521410243586 55.444674398517236 35.893702542874962 0.38050932250916858 3.802379492088221 109.70043781411368 49.075725606642663 80.060567136737518 186.28404138446786 16.443870567716658 54.245997261372395 31.099061393644661 278.07601373968646 21.789111664053053 126.80486461007968 5.0018903395393854 0.31627581932116244 83.546622667461634 1.1565511259250341 0.13346571347210545 0.27556601492688049 0.17439913842827071 3.5614597401581705
leaf_count=7807 1362 442 214 1704 33384 6786 12690 26521 822889 5479 2737 1923 3383 1599 44079 10092 27941 336 890 6220 262 6470 84 157 8313 882 5484 575 351 1136 199 1536 128 1075 8047 2465 58589 1884 1214 1237 1319 795 15 220 2446 3670 1832 3842 297 1181 861 5183 382 2223 3250 115 74591 395 28 17 22 310
internal_value=-0.00156516 0.0124898 0.0414217 -0.0622756 0.00316329 0.019377 -0.00495929 -0.00346549 -0.0724421 0.0123774 -0.00182174 -0.00749895 -0.00157936 0.0144961 -0.0281344 0.00808998 -0.0141993 -0.0351339 0.00223142 -0.0310343 -0.000944755 0.0070215 -0.0109152 -0.056667 0.0182698 0.0061205 -0.00662089 0.05031 -0.0172824 -0.0049394 0.0122089 0.000868746 0.022706 0.039747 0.0615016 0.0337183 0.075434 0.00120292 0.0310581 0.0633068 -0.00430424 -0.00453035 -0.0587309 0.0722492 0.0113175 0.0277379 0.00614421 -0.0103014 0.0168328 0.0143262 0.0104385 0.00575498 -0.0364599 0.00956494 -0.0751128 -0.0486437 -0.0591322 0.0594567 0.283047 0.213779 0.0960915 0.19557
internal_weight=6054.92 4916.67 1198.57 1138.25 3718.1 1240.97 2477.13 167.768 970.483 646.502 2211.08 1405.84 1092.45 480.45 313.387 805.236 612.004 197.091 681.868 266.054 640.211 572.22 195.44 117.947 120.412 408.998 231.304 36.4841 194.82 151.972 115.62 102.603 177.694 351.802 119.158 108.021 552.07 621.689 57.3681 33.3069 77.1796 70.5642 47.3567 4.18289 889.168 213.022 676.146 266.345 409.801 163.946 347.408 316.309 38.233 132.399 930.855 94.1662 90.2885 6.74187 1.73998 1.60652 1.33095 3.87774
internal_count=1221560 274568 73659 946992 200909 36964 163945 37568 909424 14856 124341 108476 51466 18487 57010 15865 32979 29596 13128 39604 12238 9377 12774 44236 10812 16888 13655 2498 11157 5673 4537 4338 3233 15908 9122 2907 58803 11976 2802 1588 1655 9108 26756 235 21056 7297 13759 5674 8085 3627 6723 5862 679 2351 901617 78728 78303 3712 462 434 417 425
is_linear=0
shrinkage=0.08


Tree=59
num_leaves=63
num_cat=0
split_feature=16 14 0 11 6 11 14 10 7 2 4 0 6 16 2 14 10 15 11 16 2 3 14 2 14 16 7 11 11 16 2 4 10 15 10 0 2 4 0 15 0 16 7 5 5 14 14 10 3 14 15 16 7 11 6 14 7 10 14 4 14 4
split_gain=729.186 187.157 95.8437 87.6369 89.6193 84.9544 39.4329 38.5638 25.5047 23.0178 19.3348 44.8649 27.8384 25.7581 22.1769 21.1042 15.3895 14.5724 15.0933 14.1849 42.1736 13.8796 13.7325 13.6055 20.5306 13.568 13.3344 14.4436 25.6386 12.9614 12.764 12.4017 17.2973 13.6908 13.8251 12.4471 22.2737 13.6442 12.2861 27.1063 12.1218 11.9869 11.4645 11.1909 17.902 11.2169 10.6697 12.6952 10.4373 10.3927 12.5267 40.7908 10.3528 21.1125 19.8962 24.3747 10.0493 9.92291 9.6762 9.55895 13.7102 9.98409
threshold=0.56867393851280224 16.569128990173343 0.18677325546741488 0.64583334326744091 0.19006568193435672 0.43650794029235845 0.74096721410751354 0.15192308276891711 1.0000000180025095e-35 0.96051946282386791 0.99350649118423473 0.91734972596168529 0.81365740299224865 0.66786572337150585 0.92031747102737438 2.0573798418045048 0.1863425895571709 10.500000000000002 0.2264957278966904 0.64157381653785717 0.90070420503616344 0.23294574022293094 15.2471981048584 0.99438202381134044 15.406392097473146 0.69081535935401928 0.46384282410144811 0.087121214717626586 0.31666667759418493 0.71812930703163158 0.57735043764114391 0.082482993602752699 0.59411767125129711 4.5000000000000009 0.20942982286214831 0.36882591247558599 0.64549729228019725 0.25677657127380377 0.33508773148059851 11.500000000000002 0.26344709098339086 0.50988206267356884 0.86683088541030895 0.6904762089252473 0.81666666269302379 3.1822726726531987 1.0716246366500857 0.41421568393707281 0.097167581319808974 1.951428294181824 9.5000000000000018 0.41287362575531011 0.59026268124580394 0.31666667759418493 0.13270440697669986 3.9818859100341801 0.33714398741722112 0.2828571498394013 4.5504581928253183 0.17467582225799563 2.9878323078155522 0.056349206715822227
decision_type=2 2 2 2 2 2 2 2 2 2 2 2 2 2 2 2 2 2 2 2 2 2 2 2 2 2 2 2 2 2 2 2 2 2 2 2 2 2 2 2 2 2 2 2 2 2 2 2 2 2 2 2 2 2 2 2 2 2 2 2 2 2
left_child=2 3 7 6 31 9 25 -1 -4 -3 11 12 14 22 15 19 -11 41 -19 20 21 42 -12 -15 -25 -2 29 43 -29 56 -24 32 58 -33 -35 37 -37 40 39 -6 -36 48 -8 45 57 -28 47 -40 -9 -50 59 -52 -10 -54 55 -55 -17 -45 -5 61 -61 -51
right_child=1 5 8 4 38 -7 10 17 52 16 13 -13 -14 23 -16 26 -18 18 -20 -21 -22 -23 30 24 -26 -27 27 28 -30 -31 -32 33 -34 34 35 36 -38 -39 46 -41 -42 -43 -44 44 -46 -47 -48 -49 49 50 51 -53 53 54 -56 -57 -58 -59 -60 60 -62 -63
leaf_value=-0.064979808724428184 -0.059367643031304367 0.011453606110148496 -0.0089887126740141442 -0.013907976323349064 0.081264788159181839 0.078096447985941828 -0.011209821556397983 -0.0080424153762640189 -0.076943621912425791 0.020533505213428983 -0.079132325766063383 0.057837270781055369 0.048575553492911434 -0.013372575821185978 0.067297631701004182 0.078714639357949548 0.07589043102744443 -0.041539582658712153 0.032151962814844184 -0.0069519909861262587 1.6886390282395589 -0.062639062277199231 0.30540944556447486 -0.0062383103788887289 0.036620024349400142 -0.019173405842488604 -0.0024671204987127735 -0.077661410408680964 -0.0047132476592178551 0.0092141280274642898 -0.016243421875776917 0.019559036987105614 0.042790398457030587 0.11773000435655648 -0.0074372043926511887 -0.055739698545014933 0.047200484405855968 0.024838955638835418 -0.077056128396312998 -0.74799325227434166 -0.082111252521312225 0.020736937661352508 0.29279524057321049 -0.18869588332512599 0.039846814354916223 0.019278208794495301 0.064335146717645175 0.067700072847288711 0.055786396376052524 0.22349161488919084 2.5526798461751246 0.23867670953255038 -0.071748179318811681 -0.021719509266200195 0.38912553463066074 0.34424873102996478 0.020454682809316092 -0.050199654289323985 0.08164974222828919 0.23763982342931658 1.2881693287299845 0.028335822044448483
leaf_weight=52.400194822635967 81.36579387873644 286.46768985013478 39.313028886681423 71.01762351335492 0.73140397761016973 338.30966901080683 45.499472833704203 4.3232947049546082 808.29517085826956 56.648762575816363 48.444140219944529 99.010536868940108 80.60871042823419 478.47551081085112 31.273427917039953 38.422951918619219 74.293022779747844 37.593825965072028 33.763878727972042 466.40981565613765 0.090426650363950922 68.3060294034658 0.81706602300983178 217.52388744195923 106.58462210907601 158.35689336503856 254.71905947790947 35.109392340644263 253.28224212129135 146.07520234957337 23.467254216375295 164.068407829036 129.74347323551774 5.359102706774137 90.438767947722226 72.449548329692334 16.519943114370108 79.511978988070041 7.6474027937510964 0.38509959913790226 16.441898149321787 34.139748470624909 0.80801071412861247 3.8303504367359009 14.71302648866549 375.80573517235462 308.21064377087168 7.8654090310446918 6.1485860510729236 4.7201487793936394 0.06069706386188034 0.24778978026006371 31.342588413273916 9.9187102572177519 1.0269185260985967 1.3197237479616877 37.385466090636328 24.412957055494189 7.4979604687541714 0.24890890740789462 0.11682366608874872 2.602941594843287
leaf_count=48996 30389 6049 7805 563 72 38872 4883 462 840460 1551 21148 3863 2037 6837 1271 1433 6575 15325 3195 23910 36 37762 31 3331 2588 5752 11147 914 4746 1325 5654 2284 3480 449 873 1310 436 1094 370 10 207 1590 11 34 191 5637 31273 765 1024 215 12 80 24013 3330 23 49 3060 263 82 60 40 313
internal_value=-0.00149744 0.0117416 -0.0613247 0.00495077 0.0258244 0.0483026 -0.00165336 -0.00744147 -0.0719879 0.0241547 0.000966838 0.00535184 0.00258291 -0.00893104 0.000518813 -0.000664505 0.0519416 0.0168798 -0.00667142 -0.0131504 -0.0383543 -0.0397168 -0.0545199 -0.00479987 0.00785586 -0.032816 0.00546489 0.00138686 -0.0135941 0.0231433 -0.00542115 0.00874356 0.024855 0.00119989 -0.00953017 -0.0120069 -0.0366257 -0.000255814 0.0601631 -0.204759 -0.0189246 0.0488241 -0.00590529 0.00780187 -0.0317072 0.0104935 0.0610768 -0.00366088 0.100742 0.133989 0.194114 0.693974 -0.0748952 -0.0369265 0.0520559 0.021256 0.0499833 -0.0689825 -0.00478255 0.174059 0.573204 0.154125
internal_weight=5891.99 4824.41 1067.58 4068.69 977.889 755.719 3090.8 176.367 891.216 417.409 2851.08 1975.76 1876.75 875.312 1796.14 1764.87 130.942 123.967 71.3577 581.114 114.704 114.614 72.7285 802.584 324.109 239.723 1183.76 961.873 288.392 221.884 24.2843 653.049 208.259 444.79 280.721 275.362 88.9695 186.393 324.84 1.1165 106.881 52.6089 46.3075 673.481 42.9563 630.525 323.723 15.5128 18.4692 14.1459 7.99731 0.308487 851.903 43.6079 12.2654 11.2384 75.8084 28.2433 78.5156 7.68882 0.365733 7.32309
internal_count=1221560 274568 946992 221521 43268 53047 178253 71312 875680 14175 142112 102523 98660 39589 96623 95352 8126 22316 18520 66602 42692 42656 26833 12756 5919 36141 28750 22932 5660 5818 5685 10778 4125 6653 4369 3920 1746 2174 32490 82 1080 3796 4894 17272 488 16784 32408 1135 2206 1744 720 92 867875 27415 3402 3379 4493 297 645 628 100 528
is_linear=0
shrinkage=0.08


Tree=60
num_leaves=63
num_cat=0
split_feature=16 14 9 11 11 1 0 14 7 1 9 4 5 5 5 9 2 2 14 2 9 1 7 9 8 5 4 14 0 4 5 0 1 8 7 5 8 1 15 8 8 0 2 9 14 7 16 5 11 1 8 1 0 4 4 9 8 1 0 2 8 2
split_gain=657.77 168.651 101.266 84.1583 76.7117 88.9497 42.1472 33.0221 27.4084 24.0953 21.9863 27.2117 37.1248 29.416 30.6042 25.2056 23.3727 22.9693 21.5841 21.2378 21.2111 20.9634 20.484 26.8314 18.8936 18.4609 30.1227 22.5868 17.4767 22.146 17.0693 16.7843 16.3053 24.1634 28.2212 16.3045 16.1291 15.7553 15.7017 15.4616 15.4501 14.7848 14.6855 14.5347 19.7613 23.702 20.2251 16.4246 14.0117 13.5811 13.7852 13.4503 14.4973 18.0292 13.2237 13.1083 17.8846 13.0886 26.3864 14.5483 12.9406 14.317
threshold=0.56867393851280224 16.569128990173343 0.59163263440132152 0.43650794029235845 0.84523808956146251 0.82426470518112194 0.23606811463832858 0.51747670769691478 0.21896404027938846 0.6900656819343568 0.88029849529266369 0.42761905491352087 0.074175827205181136 0.30952382087707525 0.6904762089252473 0.71744003891944896 0.90501254796981823 0.90070420503616344 6.2380828857421884 0.96051946282386791 0.54295176267623912 0.59870129823684703 1.0000000180025095e-35 0.44076909124851232 0.60038024187088024 0.81666666269302379 0.91010102629661571 15.2471981048584 0.54201978445053112 0.64899963140487682 0.23611111193895343 0.28700129687786108 0.36237373948097235 0.72767147421836864 0.57583689689636242 0.26785714924335485 0.46596425771713262 0.11852502077817918 7.5000000000000009 0.99779736995697033 0.56572300195693981 0.79277813434600841 0.62020397186279308 0.80106952786445629 2.285822987556458 0.70649471879005443 0.69871267676353466 0.58571431040763866 0.2264957278966904 0.95713412761688244 0.45176798105239874 0.10762548446655275 0.092665474861860289 0.050641026347875602 0.082482993602752699 0.9976744055747987 0.75058686733245861 0.15504807978868487 0.092665474861860289 0.080540537834167494 0.84243628382682811 0.24068965017795566
decision_type=2 2 2 2 2 2 2 2 2 2 2 2 2 2 2 2 2 2 2 2 2 2 2 2 2 2 2 2 2 2 2 2 2 2 2 2 2 2 2 2 2 2 2 2 2 2 2 2 2 2 2 2 2 2 2 2 2 2 2 2 2 2
left_child=2 4 8 19 7 35 38 -2 37 -8 11 15 21 -14 17 -9 24 43 30 55 -7 42 -16 -24 -12 41 -27 -28 -23 -30 31 32 -17 36 -35 51 -34 -1 -4 57 -21 -25 -13 44 45 47 -46 -15 -40 -29 -51 -6 53 -53 -54 56 -3 59 -59 -26 -36 -62
right_child=1 3 6 -5 5 20 9 10 -10 -11 16 12 13 14 22 18 -18 -19 -20 40 -22 28 23 25 39 26 27 49 29 -31 -32 -33 33 34 60 -37 -38 -39 48 -41 -42 -43 -44 -45 46 -47 -48 -49 -50 50 -52 52 54 -55 -56 -57 -58 58 -60 -61 61 -63
leaf_value=1.3139549583540737 -0.038089342030327954 0.029601295946752919 0.061179772985074266 0.077785377434798533 0.064471498424554977 -0.062047307482503193 -0.072439350673007274 -0.064499347301621587 -0.076680472227949339 0.090336846837961587 0.051970075597732202 -0.061340109807449202 -0.063560152224872546 -0.026829630380440232 -0.00021720995042628894 -0.016637629897347489 0.056291139861625379 0.067573793902795526 0.10306579695351883 0.019939682662872049 0.073683358945441854 0.1688345785549317 -0.071778658910691615 0.015055378639354579 -0.038959412101600151 0.057072680118268243 -0.052874011766460026 -0.049630910880405166 -0.023584691740259119 0.098636964259419729 0.098158258022068637 -0.049236856324825003 0.36145891278631664 0.3719168734240112 0.035070335979095847 0.046564915899058916 -0.03753196361480076 -0.012617694427091874 -0.029713882417794074 0.07243916074701956 0.076335903866959556 -0.10665026639748616 0.296834314541499 -0.01244067475493113 0.083696033673692369 0.085563594832214693 0.021852638414509466 0.044742418231518782 0.032180595316665922 0.10408989452270953 0.0071838151187949449 -0.14222354566875786 0.028352777623894147 0.0079673303123278579 -0.0012787148148275737 0.083447771418885014 -0.011882920294914895 -0.13097419021339538 -0.00041114863242919198 0.03239614889983599 0.0974928672702602 0.51974407435822634
leaf_weight=0.057375794858670726 147.69419855548767 119.79504467989318 37.133071107789874 313.49847820354626 24.08743769582361 7.6277683475054792 67.540223887132015 74.032261939020827 755.71344515192322 6.3689402557793064 56.493487009545788 10.919897804793433 47.872675934224389 111.34620066470234 649.22167588979937 213.17683099023998 66.457881388254464 49.462625119718723 9.9396005333401245 57.970382881350815 216.90033892245265 11.384188829979392 63.024753793957643 9.0124021549709159 21.043238223530352 40.514406498288736 74.739217863127124 22.893397392239422 14.358976179733871 27.970027509145439 8.1096143767936137 88.240618246141821 0.67510552122257905 2.3419332231860599 11.045054769027045 71.321924212388694 16.412068841862492 42.69307791715255 49.218303528381512 20.742049491032958 67.045524809509516 21.938469051732682 0.78530918265460137 130.5715886792168 43.96140382240992 17.376178662991151 147.05993446242064 25.156670482479967 44.637614156701602 10.84531711717136 70.247354914550669 9.6428882228210586 127.62464992445894 10.89449230651371 393.82692657248117 14.983954349532722 149.53191274031997 10.0557639519684 667.35284002916887 139.60516155837104 1.4692136007361107 0.79038056428544212
leaf_count=15 22430 2221 1659 38872 684 128 56007 39928 859916 564 962 2754 6241 7066 4625 8244 4164 1504 88 1648 25868 421 27041 101 234 1060 5018 497 1475 668 109 19273 28 157 679 5727 2299 11293 15790 542 6478 271 63 1495 1748 155 1227 830 1748 551 2104 101 2814 195 5708 701 3127 115 12564 1500 25 40
internal_value=-0.00143508 0.0110184 -0.0602805 0.0465937 0.004619 0.0257713 -0.0101096 -0.00115723 -0.0731552 -0.0584125 0.000655766 -0.00410378 0.000679497 -0.00183548 0.000151199 -0.0220668 0.0104822 0.0156895 -0.0131475 0.0227043 0.0690723 0.0597011 -0.00832376 -0.0251267 0.00715609 -0.0133748 -0.00520975 -0.0193283 0.0808418 0.0571766 -0.0165224 -0.0193057 -0.00856539 0.0440046 0.115833 0.0105183 -0.021768 -0.0108373 0.0171449 0.00420814 0.0501847 -0.0712115 -0.03731 0.0102921 0.0188982 -0.00243723 0.0360852 -0.0136393 -0.00027704 0.00478248 0.020144 0.00597663 0.00337696 -0.0625516 0.00597356 0.0106207 0.00656901 0.00251941 -0.00234929 0.0230493 0.0707563 0.245192
internal_weight=5744.45 4741.09 1003.36 722.825 4018.27 861.926 204.898 3156.34 798.464 73.9092 3008.65 2026.9 1600.66 1535.24 1487.37 426.233 981.75 524.935 352.2 409.327 224.528 65.4184 962.437 313.215 915.293 250.191 219.24 178.725 53.7132 42.329 342.261 334.151 245.911 32.7338 15.6466 637.398 17.0872 42.7505 130.989 858.799 125.016 30.9509 11.7052 475.472 344.9 153.879 191.021 136.503 93.8559 103.986 81.0927 566.076 541.989 20.5374 521.452 284.311 269.327 838.057 677.409 160.648 13.3046 2.25959
internal_count=1221560 274568 946992 53047 221521 41225 75768 180296 871224 56571 157866 137785 66915 61534 55293 70870 20081 14025 30942 14175 25996 5381 41268 36643 15917 9602 9230 8170 2564 2143 30854 30745 11472 3228 901 15229 2327 11308 19197 14955 8126 372 2817 12521 11026 8051 2975 7896 17538 3152 2655 9502 8818 296 8522 6049 5348 14413 12679 1734 744 65
is_linear=0
shrinkage=0.08


Tree=61
num_leaves=63
num_cat=0
split_feature=16 11 1 9 15 0 7 1 9 2 9 5 1 15 1 4 2 1 9 9 0 1 6 2 5 5 6 4 4 2 16 1 10 0 6 0 0 9 5 0 10 10 5 4 7 5 4 0 1 0 4 4 7 0 4 6 1 2 16 7 1 6
split_gain=592.88 149.415 166.866 97.8435 55.561 37.9833 27.4142 21.6217 21.4779 21.3185 37.4429 18.1502 17.047 13.3284 13.8187 24.4737 34.3672 13.1171 13.1438 13.0927 12.8019 15.1127 16.1423 38.272 37.972 34.1915 33.1949 23.6807 19.2165 21.4871 16.9533 16.2461 15.873 15.5171 15.8098 20.2901 19.542 15.4037 15.2653 14.9316 13.5773 12.7811 12.5972 12.4273 14.4941 12.3378 18.6203 20.9844 14.829 14.3744 15.5738 12.3126 12.3509 12.1523 12.0827 26.0269 16.1695 14.1201 12.0196 21.9623 46.6131 11.9782
threshold=0.56867393851280224 0.84523808956146251 0.82426470518112194 0.59163263440132152 3.5000000000000004 0.23606811463832858 0.21896404027938846 0.6900656819343568 0.9976744055747987 0.94494947791099559 0.74431523680686962 0.26785714924335485 0.10762548446655275 8.5000000000000018 0.15504807978868487 0.093386627733707442 0.10063291341066362 0.982753485441208 0.97091406583786022 0.54295176267623912 0.053342817351222045 0.11189358308911325 0.049590164795517928 0.27812939882278448 1.0000000180025095e-35 0.30952382087707525 0.25866188108921057 0.52976614236831676 0.95861870050430309 0.91734972596168529 0.75797963142395031 0.95488464832305919 0.29289215803146368 0.92390406131744396 0.17902930825948718 0.70396453142166149 0.5388936996459962 0.90954548120498668 0.46428571641445165 0.10762548446655275 0.59411767125129711 0.31009615957736975 0.10555555671453477 0.56562754511833202 0.96441236138343822 0.10555555671453477 0.52976614236831676 0.58885449171066295 0.65485891699790966 0.35751880705356603 0.11882352828979494 0.36882591247558599 0.94555336236953746 0.69282051920890819 0.73765182495117199 0.3647450208663941 0.97014260292053234 0.74239632487297069 0.5785643756389619 0.44290508329868322 0.87585616111755382 0.6026315987110139
decision_type=2 2 2 2 2 2 2 2 2 2 2 2 2 2 2 2 2 2 2 2 2 2 2 2 2 2 2 2 2 2 2 2 2 2 2 2 2 2 2 2 2 2 2 2 2 2 2 2 2 2 2 2 2 2 2 2 2 2 2 2 2 2
left_child=3 4 11 6 9 13 12 -7 20 17 -11 45 -1 -5 15 -15 -17 -2 -19 -4 -6 40 23 39 26 -26 -24 30 29 33 -25 41 37 34 35 -27 43 -32 -33 -23 -22 -30 -9 44 -36 46 47 48 49 -3 -51 -47 -53 -38 56 57 61 -56 59 -57 -61 -55
right_child=1 2 19 5 8 7 -8 42 -10 10 -12 -13 -14 14 -16 16 -18 18 -20 -21 21 22 24 27 25 28 -28 -29 31 -31 32 38 -34 -35 36 -37 53 -39 -40 -41 -42 -43 -44 -45 -46 51 -48 -49 -50 50 -52 52 -54 54 55 58 -58 -59 -60 60 -62 -63
leaf_value=1.4192947275121199 0.001868786978309923 0.010316626267263825 -0.013719203840113792 0.049755615954519383 -0.086069693028455296 -0.071793099732770718 -0.076389716516436335 0.16760402097139768 0.028692387943289859 0.014164850149641519 0.072706484690552631 0.047533348846236508 -0.011988380732396071 0.019251488318555332 -0.040588481310488443 1.290136053848554 -0.08094316531674027 0.017294972532730841 0.07334648999747502 0.076982632895241057 -0.00081651720739512159 -0.02448984021815678 -0.003355585855798128 -0.064700249798426396 -0.060199848839699199 0.071591965147817765 0.088480282071147096 0.10009391665156887 -0.029422201358169475 0.047865811616878709 0.11208530653086811 -0.38566128078949741 -0.024135945539941264 0.08699155606496102 -0.0045927814440095572 -0.044233561158359407 0.017545117614135929 0.73932377298161078 -0.0068958360790325624 0.0060259678081895631 0.073010165396709764 -0.10188414958327456 -0.063845053640204569 -0.10131204162926884 -0.47759789282516041 0.091717004525945431 0.094582368450454271 -0.087136675173460729 0.06589206738319639 0.1250012723236234 -0.036415471617535201 -0.083066600499573262 -0.40760597789084324 -0.045774832858524628 -0.046805416013221322 0.081785495825127605 0.058683344048833165 0.093881956669686753 -0.0080641933529176039 2.1742138978335732 -0.083710526041887792 0.095613842666699631
leaf_weight=0.053324040956794216 502.29800734645687 417.56049270147923 10.436246297555043 47.177550116262864 12.778454229002817 62.886383956938516 700.1615732946666 4.0665041194297364 118.63238428160548 197.83299179258756 108.14686210872605 74.7832956291968 42.411545221111737 47.060238537087571 36.275743725418579 0.2326577864587297 0.23537198366830125 349.93311013560742 28.993099478073418 423.71906905650394 35.406668612617068 152.03307915758342 47.719105659227353 143.91937861032784 69.866824804630596 38.287591137457639 53.35467717028223 7.0805258956388561 88.94614018680295 68.974825431825593 1.7775105535984033 0.68205004208721121 74.151459779590368 13.221194578451103 20.858282522356607 12.954691867926156 175.6965101523092 0.29169674171134818 441.31411420367658 315.74796161911217 29.001928395591676 18.886408501071855 2.389307253411971 20.461785875435453 0.42301926016807456 2.4337913929484776 15.251208432484416 15.386647639214059 26.558847236563452 4.0433146241120985 70.982835475471802 9.9677611172664875 0.81159567087888795 97.32511330943089 5.530445626180156 1.0925709659350094 11.817004568292758 26.172791175427847 291.40856293810066 0.10637503018369887 0.13005825085565448 3.992089574574492
leaf_count=5 9668 6573 193 2191 735 56007 859916 135 2569 4957 11666 6503 11303 5443 11458 20 85 8903 1770 57446 593 4057 3631 63735 9477 1214 1404 211 7261 2549 142 30 3211 255 1002 418 5992 15 24973 17729 307 299 429 874 5 38 648 230 395 29 1204 374 26 3228 168 562 227 404 6578 25 17 48
internal_value=-0.00136963 0.0103385 0.0365461 -0.0592201 0.00250714 -0.00960312 -0.0726043 -0.05748 -0.00449527 0.0166632 0.0348561 0.010504 -0.0101911 0.0157431 -0.00340424 0.0249765 0.600621 0.0103462 0.0215837 0.0748023 -0.00622102 -0.00577125 -0.0068874 -0.0169759 -0.0022416 -0.0056413 0.0451226 -0.0439121 -0.00279299 0.00521233 -0.0485438 -0.0142726 -0.0180374 0.00112323 -0.000484235 0.0423098 -0.00383205 0.200507 -0.00748031 -0.00389195 0.0324262 -0.0421136 0.0819443 -0.0567964 -0.0139949 0.00558539 0.00742135 0.00493448 0.00766332 0.0045238 -0.0277164 -0.0708067 -0.107502 -0.000226963 -0.00736287 0.000487221 -0.029875 0.0693399 -0.00696946 0.23307 0.932165 -0.0402039
internal_weight=5602.13 4659.18 1071.94 942.95 3587.25 200.324 742.626 69.3422 2400.04 1187.2 305.98 637.78 42.4649 130.982 83.804 47.5283 0.46803 881.224 378.926 434.155 2281.41 2268.63 2204.22 695.002 1509.22 1408.15 101.074 227.221 1338.28 788.453 220.14 549.829 76.2207 719.478 706.257 51.2423 655.015 2.06921 441.996 467.781 64.4086 107.833 6.45581 41.7431 21.2813 562.996 549.783 534.532 519.145 492.587 75.0262 13.2131 10.7794 613.272 437.575 324.441 113.134 31.7032 292.738 1.329 0.236433 101.317
internal_count=1221560 274568 73659 946992 200909 75768 871224 56571 163945 36964 16623 16020 11308 19197 17006 5548 105 20341 10673 57639 161376 160641 159741 89100 70641 65606 5035 67314 56129 23566 67103 32563 3368 21017 20762 1632 19130 157 25003 21786 900 7560 564 1881 1007 9517 9079 8431 8201 7806 1233 438 400 17249 11257 7754 3503 572 7182 604 42 3276
is_linear=0
shrinkage=0.08


Tree=62
num_leaves=63
num_cat=0
split_feature=16 11 1 9 15 3 7 1 2 9 9 10 6 0 4 16 9 16 3 1 2 3 4 9 4 6 0 11 9 15 1 15 0 4 15 4 7 16 2 0 1 6 15 7 1 0 7 4 4 10 9 15 6 0 1 7 4 7 11 1 3 2
split_gain=534.068 133.168 159.905 94.306 47.8061 34.2911 27.3625 19.7995 19.1391 39.828 18.9557 34.5848 18.0336 32.4896 19.2755 16.1376 15.3582 15.3555 14.2964 25.0274 14.0285 13.7715 13.4671 12.6845 12.2583 12.1347 12.1304 11.7897 19.8569 12.5853 11.5487 10.9118 10.8874 16.3995 10.8688 10.705 15.0565 16.9969 14.4295 14.9944 12.8556 11.4953 11.0603 10.6454 31.1677 10.3456 9.90407 10.675 9.5953 16.6056 13.9597 14.9115 10.402 12.2888 13.2642 9.52683 9.43655 9.42192 10.7128 9.30737 25.1628 23.9427
threshold=0.56867393851280224 0.84523808956146251 0.82426470518112194 0.59163263440132152 3.5000000000000004 0.2362911254167557 0.21896404027938846 0.6900656819343568 0.97467949986457836 0.74431523680686962 0.90954548120498668 0.52506268024444591 0.045983087271451957 0.27812939882278448 0.46709956228733068 0.92721253633499157 0.9976744055747987 0.72948575019836437 0.53410854935646068 0.61435899138450634 0.32049381732940679 0.15047170221805575 0.50274726748466503 0.54295176267623912 0.059262510389089591 0.23861283808946612 0.44575163722038275 0.2264957278966904 0.62233561277389537 9.5000000000000018 0.10762548446655275 2.5000000000000004 0.092665474861860289 0.050641026347875602 18.500000000000004 0.99350649118423473 1.0000000180025095e-35 0.75797963142395031 0.91734972596168529 0.92390406131744396 0.9607692062854768 0.73993557691574108 17.500000000000004 0.63185164332389843 0.25265957415103918 0.94494947791099559 0.97525763511657726 0.053342817351222045 0.082482993602752699 0.59411767125129711 0.95093432068824779 4.5000000000000009 0.082650274038314833 0.35751880705356603 0.45199692249298101 0.329607903957367 0.038838613778352744 0.77260699868202221 0.13392857462167743 0.99350649118423473 0.90070420503616344 0.81120249629020702
decision_type=2 2 2 2 2 2 2 2 2 2 2 2 2 2 2 2 2 2 2 2 2 2 2 2 2 2 2 2 2 2 2 2 2 2 2 2 2 2 2 2 2 2 2 2 2 2 2 2 2 2 2 2 2 2 2 2 2 2 2 2 2 2
left_child=3 4 15 6 8 27 31 -7 46 -10 12 -12 13 24 21 30 17 -13 19 20 -14 -15 -21 -4 -6 -24 -20 29 -29 -5 -3 -1 33 56 55 38 -37 -38 39 59 -39 -40 -43 -8 -45 -19 47 -2 49 -34 51 -50 53 54 -52 -26 -32 -57 -59 60 61 -28
right_child=1 2 23 5 10 7 43 -9 9 -11 11 16 18 14 -16 -17 -18 45 26 22 -22 -23 25 -25 34 -27 35 28 -30 -31 32 -33 48 -35 -36 36 37 40 41 -41 -42 42 -44 44 -46 -47 -48 -49 50 -51 52 -53 -54 -55 -56 57 -58 58 -60 -61 -62 -63
leaf_value=0.16158749377968662 -0.056255720633419992 0.062033802459644141 -0.012554626831308069 0.02901700474737378 -0.023598462231539524 -0.072092919917004575 -0.076523684987145249 0.078082226936123308 0.0126088110885644 0.076484382813898452 0.044588075763525338 0.039370709056001839 0.10784564310396036 1.0653414921111459 0.056697782151348783 0.054033737903547048 0.025993734122273994 -0.017595688712512079 -0.071041815811577189 0.18681976737772504 -0.053732922347322999 -0.058464581325047366 -0.090076954862956332 0.076583719438283487 0.40412825486948573 0.094388399987288263 -0.0073942493078958836 0.23357826615556876 0.02877220583386763 -0.039167306101139443 -0.038951590987726291 -0.019266311041993479 -0.01480869224916561 0.017531007388236684 -0.027666973207895407 -0.0041711719296072328 -0.06166815755724378 -0.058327081292739412 0.066559369935850446 0.087685345928454034 0.01495017249140251 0.034580516091783732 -0.079340383897441025 2.8161480960489405 0.098115868603666292 0.081757199806180222 0.066156835695760322 0.0097319039486405221 0.038869386768214852 0.046876736113510703 -0.020654940767417397 -0.0022032239254231008 0.039727835088824208 -0.059734525981930298 0.063694725307858191 0.0044254310457796479 -0.19533132136886014 0.085128804428373131 -0.0053460662333490198 0.019884343269249004 -0.040875690568514547 0.040009051720362517
leaf_weight=2.2556767546338952 15.983366246335207 22.69802256859839 10.489642115775494 31.435538383724634 154.03169958206126 57.499909375386778 647.64993868791498 6.2272276594303539 189.39895753504243 93.22418094240129 130.66252469690517 36.417357325204648 4.3460054445895393 0.069820084609090283 10.009346458245998 48.693286632187665 97.520976510364562 312.2433490944095 17.477847747388296 7.8187070165877257 16.476699725608341 150.73994888761081 2.9004469656501888 393.09849363338435 0.40829066734295238 10.709510861197485 350.03015368105844 3.1926212945254511 59.387426282570232 38.597146021493245 4.4116505617275852 39.94866987853311 42.673061679699458 10.219702857546507 43.484314572182484 375.27525300951675 73.211163844855037 21.913380544865504 38.136399399256334 11.95308349560946 50.945360409561545 16.222838788409721 8.2169827435864118 0.027622142049948617 1.2001404555048791 6.8549772039987138 19.50869390880689 855.0065700475825 87.172186036012135 80.841579459607601 91.285848585888743 161.15572733234148 18.039588000159711 44.648316078819335 13.72547456435859 99.699535990366712 5.6102205393835902 22.947840460110456 13.190212963847442 98.534591900242958 110.73907953087473 84.691751487320289
leaf_count=124 180 681 193 2311 5187 56017 859253 568 4775 10930 2768 913 438 21 1294 3229 2340 4868 1612 313 2875 63175 223 57446 19 282 20299 736 1313 14823 52 11184 382 185 7971 3066 26723 261 1283 253 1491 592 218 29 634 516 665 20414 2614 2424 853 3821 1318 308 104 7419 49 513 130 1978 3282 1622
internal_value=-0.00130924 0.00968405 0.0349386 -0.0581172 0.00232487 -0.00918941 -0.0720178 -0.0574182 0.0155403 0.0336784 -0.00419491 0.00832794 -0.00826896 -0.0212702 -0.050809 0.00979108 -0.00213003 -0.00984462 -0.00332116 0.0424515 -0.0200091 -0.0579443 0.103146 0.0742669 -0.00703726 0.0550766 -0.00485928 0.013987 0.0392207 -0.00856145 0.00609256 -0.0096003 0.00382426 -0.053777 0.00715596 -0.00392634 -0.0126531 -0.0344445 0.0024056 -0.00109598 -0.00708908 0.0391105 -0.00372116 -0.0760775 0.159266 -0.0154614 0.00978364 0.00852098 0.00598524 0.025565 0.00017218 0.0122148 -0.0176604 -0.0245778 -0.00963004 0.0182701 -0.126493 0.0171103 0.0521059 -0.00274383 -0.00683149 0.00184078
internal_weight=5473.19 4585.76 1034.76 887.422 3551 196.34 691.082 63.7271 1173.12 282.623 2377.88 583.699 1794.18 494.581 160.819 631.175 453.037 355.516 1299.6 42.2514 20.8227 150.81 21.4287 403.588 333.762 13.61 1257.35 132.613 62.58 70.0327 582.481 42.2043 559.783 20.2416 179.73 1239.87 521.345 146.07 718.525 655.949 72.8587 62.5762 24.4398 648.878 1.22776 319.098 890.499 870.99 539.542 123.515 416.027 248.328 167.699 149.66 105.011 136.246 10.0219 135.838 36.1381 643.996 545.461 434.722
internal_count=1221560 274568 73659 946992 200909 75768 871224 56585 36964 15705 163945 11405 152540 85729 64490 16020 8637 6297 66811 4131 3313 63196 818 57639 21239 505 62680 19183 2049 17134 12791 11308 12110 286 16052 61068 31541 28475 29527 27434 1752 2093 810 859916 663 5384 21259 20594 11824 2806 9018 6435 2583 1265 957 8081 101 8062 643 27181 25203 21921
is_linear=0
shrinkage=0.08


Tree=63
num_leaves=63
num_cat=0
split_feature=16 14 9 11 1 11 3 14 7 1 9 10 16 9 2 1 6 5 9 5 6 3 6 14 14 1 2 3 2 9 14 16 1 15 16 5 2 16 10 1 3 9 14 7 9 9 1 3 2 5 6 16 1 1 16 7 16 16 15 2 10 2
split_gain=480.918 133.276 91.0135 64.1513 95.5543 42.5348 30.8931 29.6852 27.2559 17.8581 16.5654 35.0045 16.3546 15.9498 15.6355 15.5455 13.1536 32.6306 23.9469 23.123 32.3353 23.0665 19.4717 14.327 13.5405 20.9905 17.8402 16.3294 15.5869 14.9141 13.5275 13.925 12.8656 12.812 12.0034 11.1783 11.0639 15.0042 12.9683 10.8466 19.1567 13.145 11.4905 19.7885 12.9209 11.4259 10.6042 25.3082 15.5804 21.6223 16.5016 11.0735 10.7486 11.6809 10.5712 10.3127 10.2508 10.1128 25.142 50.804 9.99191 9.97461
threshold=0.56867393851280224 18.174837112426761 0.59163263440132152 0.64583334326744091 0.82807883620262157 0.43650794029235845 0.2362911254167557 0.74096721410751354 0.21896404027938846 0.6900656819343568 0.90954548120498668 0.52506268024444591 0.96017619967460643 0.53049948811531078 0.96051946282386791 0.20256410539150241 0.049590164795517928 1.0000000180025095e-35 0.71215814352035534 0.30952382087707525 0.19006568193435672 0.77849927544593822 0.41763564944267279 6.2380828857421884 8.5048837661743182 0.94804319739341747 0.94804319739341747 0.88303694128990184 0.91734972596168529 0.81145748496055614 15.167386531829836 0.74301329255104076 0.10762548446655275 3.5000000000000004 0.69081535935401928 0.10555555671453477 0.080540537834167494 0.50988206267356884 0.48809523880481726 0.72377106547355663 0.60107529163360607 0.97572758793830883 15.2471981048584 0.91442927718162548 0.94761785864830028 0.9388999640941621 0.99350649118423473 0.89039039611816417 0.7933771312236787 0.46428571641445165 0.37668919563293463 0.66786572337150585 0.95488464832305919 0.80229884386062633 0.75797963142395031 0.47281683981418615 0.84689280390739452 0.58845728635787975 24.500000000000004 0.55941176414489757 0.22474747896194461 0.75134408473968517
decision_type=2 2 2 2 2 2 2 2 2 2 2 2 2 2 2 2 2 2 2 2 2 2 2 2 2 2 2 2 2 2 2 2 2 2 2 2 2 2 2 2 2 2 2 2 2 2 2 2 2 2 2 2 2 2 2 2 2 2 2 2 2 2
left_child=2 3 8 7 32 14 36 34 -1 -8 16 -12 15 -6 -3 -13 18 22 -9 -19 21 57 -18 55 28 26 -26 -27 29 46 31 -29 -5 -34 -2 -11 -4 38 -38 -17 -41 42 -42 44 -44 -45 47 48 49 50 -22 -48 53 -49 -31 -20 -54 58 -21 -60 -35 -57
right_child=1 5 6 4 13 -7 9 10 -10 35 11 12 -14 -15 -16 39 17 19 23 20 24 -23 -24 -25 25 27 -28 30 -30 54 -32 -33 33 60 -36 -37 37 -39 -40 40 41 -43 43 45 -46 -47 51 52 -50 -51 -52 -53 56 -55 -56 61 -58 -59 59 -61 -62 -63
leaf_value=-0.008962526930245393 -0.056223819913719851 0.015829384242024565 -0.060695726192871224 0.061906623761169628 -0.04425034221690672 0.076461186540729711 -0.071451399291804732 -0.068326544440039244 -0.075755596564214212 0.1546238134950671 0.045377508804134103 0.020635447668176963 0.04582421217282686 0.071675245891994352 0.061027262912390613 -0.025485123582852955 0.018655730707472083 -0.053155945999396555 0.025970494610735039 0.23179832117375282 0.0014506615671913683 0.00099585676353380762 0.10646068914637433 0.076542742619861007 -0.046591797734884789 0.14254400390907201 0.017764609804482683 -0.058722339575572359 0.045005811827247111 -0.096825328574573322 0.0045747791100546773 -0.0095377864768297835 0.027459799975270562 0.060832715170634995 -0.016460709420039153 -0.064302806604389237 0.050803577107509518 -0.00028611019896910525 0.29989641723227578 0.094021009285741697 -0.0086941027370289366 0.035110739773824479 0.038221333152689947 -0.35401989895292924 -0.21437269832782999 -0.11846730525060993 0.15558751540802654 -0.067160098527451015 0.058867768680218556 0.036268180586617876 -0.080750156433045714 0.031591175191019061 -0.033240839904732054 0.00054365476130733593 -0.010595873741940199 -0.016915641724633987 -0.17337373010919799 0.10521238503145203 -0.080190757738527699 3.650919054873039 -0.0017160343360128091 0.12770271691530527
leaf_weight=41.816936431860086 71.241208791849203 186.50871572177857 11.933102913899345 27.403128681704402 7.8654793319292358 209.17440913803875 53.536716795933899 47.438407329376787 601.82330341549823 3.897356428729835 155.13385781785473 137.77382166311145 50.088103048037738 221.56624464335619 66.431686336989515 171.45510390913114 38.076540929847397 53.375776885135565 43.050029616220854 0.74903739499859767 55.147194249148015 20.219329068786465 28.08726724376902 12.378066267352549 133.34184094623197 4.9605069190147324 34.752244060393423 43.997635186766274 63.519308442482725 9.5718986894935352 512.54486324900063 226.44905589381233 140.45075354829896 16.883930875512306 152.79683650028892 2.419171983608976 39.948016207315959 79.449106666317675 1.3839811498764891 13.561675567179917 113.79015313624404 40.212732441257685 7.1839861413463932 1.9686598130501796 1.5813538795337079 3.9872401240281761 4.954052362125366 22.015771934529766 53.279487569699995 87.628293233807199 21.811664319306146 66.264094210462645 7.7638746050070022 62.918311113782693 184.18008539546281 335.46295890491456 5.8642900884151459 26.142541706853081 0.051295947574544698 0.042880725930444896 512.29423458501697 3.0803400841541579
leaf_count=11308 30389 4276 2103 764 121 32114 56017 33394 859916 138 3580 1554 2742 32207 5613 2655 2693 6224 3108 144 2903 530 746 111 7061 61 1742 16159 2412 89 15489 1801 4860 842 5752 430 6964 10078 38 404 2227 1367 298 64 41 73 382 676 863 1768 1038 778 359 1423 2429 27362 50 532 29 17 10217 35
internal_value=-0.0012487 0.00906513 -0.0569798 0.0044277 0.0229193 0.0497716 -0.00872772 -0.00104591 -0.0714161 -0.0564415 0.00111741 0.0118729 0.00227598 0.067701 0.0277001 -0.00216183 -0.00227477 0.000809964 -0.0146282 -0.00133335 0.000344919 0.0656014 0.0559299 -0.00816232 -0.0015792 -0.00762188 -0.0332866 -0.00214683 0.00737867 0.00326781 -0.00306349 -0.0175394 0.0081792 0.00598052 -0.0291049 0.0707769 0.0127909 0.0200513 0.0591443 -0.0110408 0.00254522 -0.0048074 -0.0172983 -0.0838054 -0.00734912 -0.196327 0.0123263 0.00604907 0.0212665 0.00909441 -0.0218467 0.0402166 -0.0275883 -0.0170058 -0.0148559 -0.01091 -0.093541 0.114008 0.386694 1.61867 0.000279643 -0.0155998
internal_weight=5354.68 4518.47 836.208 4056.36 926.464 462.115 192.567 3129.89 643.64 59.8532 2905.86 696.737 541.603 229.432 252.94 491.515 2209.12 1767.71 441.41 1701.55 1648.17 47.2051 66.1638 393.971 1600.96 956.046 168.094 787.952 644.918 581.399 782.992 270.447 697.032 669.629 224.038 6.31653 132.714 120.781 41.332 353.741 182.286 168.724 128.511 14.7212 8.76534 5.9559 387.647 316.429 217.867 164.587 76.9589 71.2181 98.5622 84.9341 193.752 381.593 13.6282 26.9858 0.843214 0.0941767 529.178 338.543
internal_count=1221560 274568 946992 232565 49011 42003 75768 183554 871224 56585 147413 15005 11425 32328 9889 8683 132408 68398 64010 64959 58735 1252 3439 30616 57483 42313 8803 33510 15170 12758 33449 17960 16683 15919 36141 568 19183 17080 7002 7129 4474 4070 2703 476 339 137 10240 9080 6572 5709 3941 1160 2508 2099 2518 30505 409 722 190 46 11059 27397
is_linear=0
shrinkage=0.08


Tree=64
num_leaves=63
num_cat=0
split_feature=16 14 0 11 1 11 14 7 10 8 2 0 15 1 7 11 4 0 4 7 16 8 1 0 15 4 4 0 4 0 5 0 1 4 15 10 7 4 14 0 8 0 8 14 16 4 4 0 7 14 5 2 4 7 10 16 7 4 16 1 5 10
split_gain=431.794 119.957 81.8987 55.828 89.8216 42.4805 26.5916 25.3151 23.6202 21.9015 14.5143 14.287 13.1371 14.5154 12.4554 23.0948 16.2611 16.8342 16.8953 16.2163 78.8601 12.7412 11.4948 11.4649 11.3937 14.2398 11.4245 15.9297 12.6522 16.1073 13.9128 13.278 25.4431 12.6289 11.5129 10.9667 12.6209 10.7254 10.2323 12.6329 22.7256 9.98018 10.5695 13.4245 13.3612 9.93887 9.75602 22.5468 18.0069 13.96 14.987 17.5295 16.3883 16.9531 19.1047 12.7314 13.0137 11.2063 10.9657 11.3668 10.1452 11.5365
threshold=0.56867393851280224 18.174837112426761 0.18677325546741488 0.64583334326744091 0.83457711338996898 0.43650794029235845 0.51747670769691478 1.0000000180025095e-35 0.15192308276891711 0.97789987921714794 0.96051946282386791 0.053342817351222045 3.5000000000000004 0.11189358308911325 0.55661135911941539 0.31666667759418493 0.45199692249298101 0.27334994077682501 0.23132664710283282 0.56420898437500011 0.52340099215507518 0.51521766185760509 0.10762548446655275 0.072077922523021712 11.500000000000002 1.0000000180025095e-35 0.53907206654548656 0.71010184288024913 0.1085995100438595 0.092665474861860289 0.23611111193895343 0.53410854935646068 0.63702240586280834 0.067231640219688429 5.5000000000000009 0.59411767125129711 0.62345302104949962 0.93405798077583324 1.9355491995811465 0.27055180072784429 0.60424160957336437 0.080540537834167494 0.50800052285194408 2.3531351089477544 0.44190402328968054 1.0000000180025095e-35 0.99350649118423473 0.91734972596168529 1.0000000180025095e-35 2.0573798418045048 0.38750000298023229 0.23294574022293094 0.37884436547756201 0.66237902641296398 0.41042780876159674 0.57660946249961864 0.72423112392425548 0.92422503232955944 0.75797963142395031 0.97182539105415355 0.11805555596947671 0.61324787139892589
decision_type=2 2 2 2 2 2 2 2 2 2 2 2 2 2 2 2 2 2 2 2 2 2 2 2 2 2 2 2 2 2 2 2 2 2 2 2 2 2 2 2 2 2 2 2 2 2 2 2 2 2 2 2 2 2 2 2 2 2 2 2 2 2
left_child=2 3 8 6 22 10 37 -4 -1 11 -3 -8 -13 35 -9 -16 17 18 -17 20 -20 -18 -5 -15 25 -24 27 28 29 33 31 32 -30 -27 -29 36 -14 -2 39 -21 -41 -10 -43 -44 -45 -26 47 49 -48 50 51 55 -53 57 -55 56 -25 -54 -50 -60 -56 -62
right_child=1 5 7 4 -6 -7 9 14 41 -11 -12 12 13 23 15 16 21 -19 19 38 -22 -23 24 46 45 26 -28 34 30 -31 -32 -33 -34 -35 -36 -37 -38 -39 -40 40 -42 42 43 44 -46 -47 48 -49 58 -51 -52 52 53 54 60 -57 -58 -59 59 -61 61 -63
leaf_value=-0.059680803099189127 -0.039482700799508046 0.014731355801878475 -0.0052049731419348093 0.05980312031835925 0.067439492228554165 0.076052082533901721 -0.088198629258749023 -0.076442318256657246 -0.056902439783170403 0.05075967223994219 0.059158477421464462 0.008311345460872116 0.061871982851841187 -0.081472100808913969 -0.070753709605192339 -0.0098245438323373603 0.77591465520717062 -0.070211175835119127 -0.080061356445721044 -0.03142706184791514 4.2517198405178656 0.18170252893846783 -0.16143332909997352 0.086261039049344249 0.054112018227383603 -0.10727456229573847 0.041364248513407212 -0.26758440995268473 -0.0064351453108969017 0.037370915971094903 0.064537660334341468 -0.067717130310289142 0.090868426862764695 0.041439152455635724 0.0030748791450982359 0.072747473454450817 -0.038858203045894699 0.095491447485072919 0.32911578914394773 -0.080131124459227293 2.9032044621920976 0.056202527061301188 -0.018706759687522664 0.34254862294789812 0.041954263223927292 -0.023008181639861555 -0.0049436126567581166 0.04665121927993969 -0.063248923419843159 0.003501408414821299 0.0097073272481349119 -0.055033410070984168 -0.041399394993102225 0.074692779537412629 0.026704074082916834 -0.0014671911730998694 0.50960094245386378 0.11744236833254527 -0.06743514816796492 0.0068214420657970298 -0.0097155724149354823 -0.12334393485726752
leaf_weight=38.239939261577092 131.86611130175879 184.46560785896145 37.67327093379572 26.14989662822336 209.87651356868446 194.08977676741779 11.802529396547468 538.8459496240248 12.014824166370088 54.647562699858099 63.183174977195449 857.27909736905713 13.853327259537762 12.35801384586375 35.94330036843894 3.7165242905612086 0.27155764773487945 7.1049836455495097 0.098982131225057279 1.1875409549102189 0.036933074297849089 1.5442091685254125 3.056396400788798 3.6807635652949093 11.789933092542922 9.3694997522979957 72.189958349219523 2.3141528801061204 263.67129093280528 129.59472951618955 19.887575702858157 19.890271150041372 18.398671011789702 5.9917330248281351 1.7790726181119678 27.280676114372909 18.715232237824239 3.8786805001436724 1.7419810934807172 0.041855993156786897 0.026807733636815101 35.009696513821837 53.35069489578018 0.99074941960862162 21.130204718268942 115.16040672740201 364.2805683715269 61.084290628670715 64.025689176050946 851.23881757637719 143.28628188453149 114.6849463339895 97.757583500468172 22.764187751687132 20.643124511698261 138.21135761245387 0.53188770811539132 2.9277084968052796 19.058778469916433 42.867331630550325 16.601597186527218 8.7232145410962385
leaf_count=48996 22314 4276 7805 764 31783 32114 609 818369 3370 1514 5613 21578 248 480 41724 739 58 5860 139 485 23 114 26 752 182 113 6409 47 2670 2986 829 205 299 118 18 320 246 87 314 43 7 6761 11321 58 806 2562 2895 2498 26655 24332 4454 45240 16981 1634 1131 7863 29 56 235 1130 197 76
internal_value=-0.00119999 0.0084608 -0.0557495 0.00410546 0.0215406 0.0480288 -0.00100098 -0.068787 -0.00479274 0.000582468 0.0260661 -0.000358639 -1.37247e-06 -0.00348685 -0.0728431 -0.0353405 0.0453671 0.0160659 0.105546 0.242357 1.09704 0.27057 0.00776417 -0.00465738 0.00574244 0.0107606 0.0117297 0.00718666 0.00856449 0.0281896 -0.000274413 -0.00454304 -8.82929e-05 -0.049268 -0.149946 0.0353303 0.00398828 -0.035626 0.203612 0.0295759 1.08462 0.0123418 0.0198721 0.00301919 0.0554172 -0.015846 -0.00417609 -0.000940233 -0.0139592 -0.00298596 -0.0126774 -0.0201973 -0.0316803 -0.0158717 0.0147577 0.00270863 0.139712 -0.0367806 -0.0400341 -0.0160322 -0.0149233 -0.0488552
internal_weight=5243.88 4454.91 788.97 4013.17 909.12 441.739 3104.05 628.234 160.736 2968.3 247.649 2913.66 2901.85 2044.58 590.561 51.7147 15.7714 13.9556 6.85063 3.1341 0.135915 1.81577 699.244 1984.73 673.094 546.143 543.087 470.897 466.804 144.956 321.848 301.96 282.07 15.3612 4.09323 59.8492 32.5686 135.745 2.99819 1.2562 0.0686637 122.496 110.481 75.4716 22.121 126.95 1972.37 1482.14 490.232 1421.05 569.813 426.526 284.102 169.417 68.7321 142.424 4.21265 100.685 125.952 61.9261 45.9679 25.3248
internal_count=1221560 274568 946992 232565 49011 42003 183554 875680 71312 161153 9889 159639 159030 137452 867875 49506 7782 7610 1750 1011 162 172 17228 136638 16464 13720 13694 7285 7220 3217 4003 3174 2969 231 65 814 494 22401 849 535 50 22316 18946 12185 864 2744 136158 105243 30915 102745 78413 73959 65315 20075 3038 8644 781 17037 28020 1365 1404 273
is_linear=0
shrinkage=0.08


Tree=65
num_leaves=63
num_cat=0
split_feature=15 9 11 1 7 14 9 6 14 0 3 5 4 14 9 1 11 10 0 8 0 8 8 0 1 5 1 4 6 0 15 9 7 8 9 4 11 4 15 8 10 0 8 10 3 4 3 8 1 4 5 10 4 0 4 11 8 1 4 0 8 9
split_gain=243.371 114.912 104.142 131.046 103.811 31.245 28.2376 35.5006 38.1762 26.6827 74.0146 25.7566 22.7159 20.2929 19.013 16.2056 29.0329 14.7863 18.5894 14.2539 13.8668 12.871 13.9675 12.8121 12.653 15.0864 12.113 12.0715 22.5143 11.8301 11.8051 12.2524 43.2147 17.0091 15.7392 11.661 11.768 11.649 12.1848 11.451 15.6784 16.6732 24.3645 11.8155 13.2693 10.5104 13.9315 10.0279 9.91485 9.76639 10.1752 11.5316 9.6243 9.56694 9.67715 10.8267 10.6424 10.404 9.2583 9.22202 8.96072 14.138
threshold=10.500000000000002 0.69520044326782238 0.64583334326744091 0.77448415756225597 0.21896404027938846 18.174837112426761 0.53863716125488292 0.14854215830564502 5.3272314071655282 0.8263767957687379 0.86874485015869152 0.087121214717626586 1.0000000180025095e-35 1.975736200809479 0.52839964628219616 0.12276295199990274 0.86607143282890331 0.10172414034605028 0.96362435817718517 0.97789987921714794 0.55941176414489757 0.90019920468330394 0.50917509198188793 0.95945203304290783 0.15047170221805575 0.46428571641445165 0.13446328043937686 0.51925924420356762 0.2524509876966477 0.053342817351222045 3.5000000000000004 0.61280998587608349 1.0000000180025095e-35 0.49189095199108129 0.49418525397777563 0.082482993602752699 0.2264957278966904 1.0000000180025095e-35 16.500000000000004 0.75058686733245861 0.62019231915473949 0.89022758603096019 0.85783973336219799 0.39565217494964605 0.99438202381134044 0.053342817351222045 0.12276295199990274 0.58411461114883434 0.19139194488525393 0.46049895882606512 0.11805555596947671 0.74342104792594921 0.58397436141967785 0.87298336625099193 0.80178570747375499 0.31666667759418493 0.81501609086990368 0.68457102775573742 1.0000000180025095e-35 0.91331186890602123 0.70025381445884716 0.76609560847282421
decision_type=2 2 2 2 2 2 2 2 2 2 2 2 2 2 2 2 2 2 2 2 2 2 2 2 2 2 2 2 2 2 2 2 2 2 2 2 2 2 2 2 2 2 2 2 2 2 2 2 2 2 2 2 2 2 2 2 2 2 2 2 2 2
left_child=2 4 5 9 20 12 -6 8 26 14 -11 -9 -1 21 15 16 -4 18 27 30 -2 22 -3 39 29 58 35 28 -13 -16 45 32 -32 48 -34 -8 -37 38 -15 -7 41 -41 43 44 -43 -14 -47 -29 -33 -24 -51 60 -28 54 57 56 -56 -39 -26 -35 -52 -62
right_child=1 13 3 -5 6 23 7 11 -10 10 -12 17 19 37 24 -17 -18 -19 -20 -21 -22 -23 49 -25 25 -27 52 47 -30 -31 31 33 34 59 -36 36 -38 53 -40 40 -42 42 -44 -45 -46 46 -48 -49 -50 50 51 -53 -54 -55 55 -57 -58 -59 -60 -61 61 -63
leaf_value=-0.11866111604382651 -0.061189491895882027 0.026855234485810793 3.5603362263818901 0.070479036349157892 -0.077364001403782579 0.043546730375052814 -0.0027396182665460956 0.15532805335980635 3.0100770563025994 0.082418704925766556 -1.396093691637738 -0.080093501471382361 -0.057882615711393894 -0.1100562386022413 -0.14821412869244541 -0.072174399707162079 -0.080063379763544454 -0.022119596277155786 0.61771114184132569 0.044468475029296003 0.0015865223179861302 0.027001812786903306 -0.030157982159695507 0.059043952127905454 -0.14198117219771456 0.067441468217997999 -0.072166068575413009 0.010625018982558155 1.5621392690803095 0.045365539151005746 -0.00037984440119323126 0.11878782102488179 -0.068332369991000327 -0.003815736587640616 -0.016476299684276833 0.075737244941225898 0.72150787172456898 -0.00087093252116442394 0.085042985087510278 0.0063256819964197719 0.0286933608884869 -0.37178263364713876 -0.19229874576522743 0.03016045686635983 -0.046108867432973398 0.089024897467738728 0.0063388015338800572 0.52905330329514544 0.02822517526660754 0.04642661230556417 -0.048054880657416893 -0.17810591279696614 0.16278945226952946 0.073039896979732497 -0.0083505838369507326 0.069056867836426797 -0.15864335709768798 0.044360619654978339 0.0040537556345762518 0.035603325206362613 0.13102475889367984 -0.0045325510937465506
leaf_weight=10.381499389768576 24.997201390506234 40.505494431825355 0.021966228378007879 367.76586956848041 414.40731806796975 74.063880947534926 9.06785480532562 7.3517510176752685 0.025881957146338119 0.65152371441945334 0.32468265853822231 0.1187345880898637 15.974709746835286 2.2528723911382285 2.0714120068587354 19.506918485392816 0.038762442592997104 39.633229565457441 0.45032027829438437 45.130095263011754 227.24150210985681 45.558375163003802 279.82972477172734 64.801961429358926 2.7975243837572625 24.69556189281866 115.51522220781771 3.6656781180645344 0.097138297336641699 82.125699203112163 394.58857635071035 10.078632157761602 102.97576317179482 844.35989218147006 58.877413828740828 0.47257896809605959 0.29231673758476973 134.32425751403207 22.610729126026854 37.090131024830043 74.760609904769808 1.0810438608750725 8.0610564751550537 9.8294879752211255 3.0874098697677255 13.243868149293119 851.80282896425342 0.25542777188820753 33.299249995092396 22.524899034004193 24.527720203856006 2.6731047504581502 1.1266610799357284 14.093958115205167 5.4805343677289766 3.4741231268271795 6.7038944447413087 42.953471289132722 406.81695944652893 39.772538928780705 5.5896580970147616 41.350870755268261
leaf_count=863 7618 2821 3 60989 649212 2192 4264 360 5 63 26 156 287 54 26 30786 51 6430 13 1370 6131 1117 41006 7121 24 2547 141132 435 26 2659 4996 155 118199 32601 28116 162 14 4836 356 1026 2960 9 263 383 112 242 38016 28 1506 1156 799 56 160 838 74 319 105 1410 10009 2096 121 650
internal_value=-0.00117219 -0.027797 0.010211 0.0336601 -0.0476166 0.00231568 -0.0659154 -0.0392725 -0.0620796 0.00854042 -0.409329 0.0166707 -0.000576948 -0.00368891 0.00929855 -0.0681122 1.23671 -0.00638135 0.129594 -6.8302e-05 -0.00463467 -0.0133717 -0.0177826 0.0279835 0.0122199 0.00671743 -0.0627083 0.0764607 0.658877 0.0406031 -0.000918184 -0.00527326 -0.0146584 0.000357167 -0.0494687 0.0225632 0.322528 0.0156254 0.0673652 0.0183055 0.00434482 -0.0264301 -0.0815059 -0.0177032 -0.130569 0.00641731 0.00760473 0.0443964 0.0492669 -0.022585 -0.000662682 -0.0149689 -0.0698966 0.00941164 0.00476361 -0.0555212 -0.0910419 0.0100884 0.00305639 -0.00204248 -0.00886713 0.0116096
internal_weight=5139.25 1539.17 3600.08 906.817 844.719 2693.26 592.48 178.073 126.501 539.051 0.976206 51.5723 2420.49 694.454 538.075 19.5676 0.0607287 44.2205 4.5873 2410.1 252.239 462.56 417.001 272.776 518.507 434.31 126.475 4.13698 0.215873 84.1971 2364.97 1483.95 556.442 927.51 161.853 9.83275 0.764896 231.894 24.8636 207.974 133.91 59.1491 22.059 13.9979 4.16845 881.021 865.047 3.92111 43.3779 376.496 96.6663 74.1414 116.642 207.03 192.936 15.6586 12.1844 177.278 409.614 884.132 71.4682 46.9405
internal_count=1221560 871864 349696 107183 816146 242513 802397 153185 145737 46194 89 7448 228447 55718 46105 30840 54 7088 658 227584 13749 47726 46609 14066 15265 12580 145732 645 182 2685 226214 187669 151311 36358 146315 4440 176 7992 410 6945 4753 1793 767 504 121 38545 38258 463 1661 43788 2782 1626 141292 7582 6744 498 179 6246 10033 34697 1570 771
is_linear=0
shrinkage=0.08


Tree=66
num_leaves=63
num_cat=0
split_feature=16 14 0 7 2 14 9 7 2 16 6 8 4 4 15 0 9 2 6 9 6 2 0 0 9 4 4 6 4 16 14 4 8 16 0 4 5 4 8 4 0 14 8 4 4 4 14 0 5 2 0 0 10 2 8 14 14 16 7 16 8 10
split_gain=352.252 98.7044 74.7859 39.7678 41.9866 40.5728 29.1942 28.8995 25.8721 15.1865 13.9228 16.6173 13.7152 14.1316 12.8961 12.7374 12.4954 12.4873 31.2997 11.5376 18.3276 14.4713 11.4529 11.2521 12.396 11.3362 11.5621 10.721 26.04 25.5735 19.0053 18.5352 16.9525 17.71 15.8114 18.4653 13.8432 13.6961 19.4437 13.4816 12.3725 11.5452 11.4578 10.7546 10.5243 11.608 10.3664 10.3973 10.2561 16.6757 18.3631 10.2274 15.906 12.079 10.173 14.3078 11.3768 21.4934 10.1395 10.0658 15.6361 11.1694
threshold=0.55574390292167675 18.174837112426761 0.18677325546741488 0.77260699868202221 0.91331186890602123 1.132088363170624 0.52280154824256908 1.0000000180025095e-35 0.96051946282386791 0.99812734127044689 0.48331478238105779 0.84243628382682811 0.087922707200050368 0.82683658599853527 6.5000000000000009 0.053342817351222045 0.9976744055747987 0.62988328933715831 0.15470086038112643 0.93008443713188182 0.18257576227188113 0.21352583914995196 0.080540537834167494 0.20761494338512423 0.78287062048912059 0.24283374845981601 0.11882352828979494 0.049590164795517928 0.99350649118423473 0.69871267676353466 15.167386531829836 0.78830561041831981 0.5785643756389619 0.69871267676353466 0.29459981620311743 0.49205549061298376 0.46428571641445165 0.18808962404727939 0.46384282410144811 0.11882352828979494 0.94804319739341747 6.2380828857421884 0.91962411999702465 0.84292763471603405 0.32071428000926977 0.31139971315860754 6.803347349166871 0.072077922523021712 0.61250001192092907 0.62316370010375988 0.56980520486831676 0.25949975848197943 0.62019231915473949 0.2237871661782265 0.50800052285194408 2.9287461042404179 3.0770643949508671 0.52651667594909679 0.43341544270515447 0.74301329255104076 0.64161032438278209 0.62828946113586437
decision_type=2 2 2 2 2 2 2 2 2 2 2 2 2 2 2 2 2 2 2 2 2 2 2 2 2 2 2 2 2 2 2 2 2 2 2 2 2 2 2 2 2 2 2 2 2 2 2 2 2 2 2 2 2 2 2 2 2 2 2 2 2 2
left_child=2 3 6 5 9 10 -1 17 16 23 11 12 14 48 -2 -7 -3 -4 -19 27 21 -21 -8 46 -25 26 -26 34 29 31 32 40 33 -30 37 39 43 41 -39 -36 -29 59 44 -31 45 -40 47 -5 -14 50 -50 -47 53 -53 -24 -56 57 -57 -10 61 -61 -17
right_child=1 8 7 4 -6 15 22 -9 58 -11 -12 -13 13 -15 -16 19 -18 18 -20 20 -22 -23 54 24 25 -27 -28 28 30 36 -32 -33 -34 -35 35 -37 -38 38 42 -41 -42 -43 -44 -45 -46 51 -48 -49 49 -51 -52 52 -54 -55 55 56 -58 -59 -60 60 -62 -63
leaf_value=-0.074941080468125781 0.092541152145816638 0.022746345510458874 -0.024861899391610275 -0.051103330936769317 0.061935178623848376 -0.099300994157099143 -0.064706777462264775 -0.074109958218133848 0.020670008071157899 0.071451897488751012 -0.0011469474541561436 0.036684874505200735 -0.058310493446254004 0.086300477063672471 -0.022037564834816139 -0.011217425422484342 0.078598456703010661 0.82698196609817776 0.054921944238338349 0.021484873425181465 0.046863438507704615 -0.022543196049957717 0.058524074972703427 0.077117674252849683 0.039466629807017498 0.0060895445410721364 -0.038389370103004597 0.027197648108485219 -0.067313911109459362 -0.017266077703839963 0.0030194540001207098 0.09469344059678679 -0.11746491972326674 -0.010425115221441033 0.064108667773682154 0.08252340324204728 0.017604525030766999 0.28576809288737987 0.023263503459951901 -0.052154418108944167 0.61708534770158485 0.076133433689784508 0.57126935583948102 0.037433295435544571 -0.084837372421173743 0.0026032131384408292 0.062161478021130388 0.020218093052911654 0.074685524146895152 0.0079611891116952577 1.0313193855862008 0.90953291040782402 1.2758421476985067 0.14080635608057226 -0.011213181562738815 0.78122179459472352 0.063319191130991742 0.065108748894788862 0.079279337762514446 0.085685869355812114 -0.071010129878615658 0.078674365320213102
leaf_weight=28.257791578187607 7.0264925074297926 226.66360876715044 27.248100976692513 13.759747007861732 110.27842438849621 7.9683012122986829 10.094960561837068 491.9449745909078 22.10871320089791 25.476281439419836 100.56332600832684 18.811994817224331 182.53875687776599 4.6081106572528361 59.722286755102687 202.94172201334732 28.905370909254998 0.35156312026083369 7.6214440243784338 115.9311750549823 90.262542723910883 81.272365802200511 36.091459874296561 14.686336831771767 14.79288182640448 755.88106590230018 69.851985771907493 106.66618081764318 40.10746700828895 168.266049223952 581.42233841482084 36.192197358148405 11.275259455433114 276.23110591131262 6.8093455300549968 7.8030216224724418 299.5134820365347 1.8274900764226902 65.327802626823541 101.99904408719158 0.22804710996569966 9.4164335504174215 0.24187468457966943 26.647296841721982 5.6774456592393099 0.69988213939359301 36.277228863909841 265.44968878105283 0.29415669775335018 3.5354386765393429 0.22792625252623111 0.16076763614546508 0.11758257215842605 0.70221086917445064 52.294061740627512 0.42808644293108844 8.1346147542935778 0.71837051887996495 129.8146528606303 4.6402909308671942 33.492143290117383 9.2496478960383666
leaf_count=46194 179 13224 7228 231 14436 365 3558 840978 1160 4010 5111 455 62404 188 4838 6538 4175 37 334 1602 6795 1223 6335 646 173 26227 1271 13111 22486 2680 20997 1549 200 3580 997 419 6673 123 6410 36504 6 107 4 1301 1003 100 952 4467 18 231 28 10 3 197 13189 41 241 11 23465 45 380 117
internal_value=-0.00111285 0.00710655 -0.0554519 0.00326423 0.0147016 -0.00233131 -0.00256409 -0.069098 0.0446052 0.0103471 -0.0266404 -0.0359035 -0.0411972 -0.0520964 -0.00997612 0.00166875 0.0290633 0.000905177 0.0889653 0.00202084 0.017006 0.00333984 0.016415 0.00901732 0.00425368 0.00298054 -0.0247829 -0.000135547 0.00302968 0.0154255 -0.00566358 0.0452101 -0.0210735 -0.0176378 -0.010987 -0.0363535 0.00680585 -0.00214382 0.0280308 -0.0448785 0.0284561 -0.0108283 0.0215722 -0.00978793 0.019743 0.0286038 0.0219304 0.0167033 -0.0555142 0.0702844 0.492324 0.23621 0.402949 0.284015 0.0247998 0.00503283 0.0965707 0.332505 0.0707502 -0.0140995 -0.051942 -0.00729895
internal_weight=5047.55 4384.36 663.185 3976.87 1306.45 2670.42 136.019 527.166 407.492 1196.18 377.328 276.765 257.953 191.204 66.7488 2293.09 255.569 35.2211 7.97301 2285.12 287.466 197.204 107.762 1170.7 855.212 840.526 84.6449 1997.66 1546.55 637.513 909.036 143.086 327.614 316.339 451.107 116.611 494.427 334.495 74.7551 108.808 106.894 259.74 72.9276 194.913 72.6857 67.0082 315.487 279.209 186.596 4.05752 0.522083 1.68044 0.980561 0.862979 97.6666 61.5751 9.28107 1.14646 151.923 250.324 38.1324 212.191
internal_count=1221560 303414 918146 261390 52413 208977 69569 848577 42024 37977 73452 68341 67886 62869 5017 135525 17399 7599 371 135160 9620 2825 23375 33967 28317 27671 1444 125540 72583 25320 47263 14666 26266 26066 52957 37920 10654 15037 7850 37501 13117 7187 7727 3981 7723 6720 5650 4698 62681 277 46 310 210 207 19817 13482 293 52 24625 7080 425 6655
is_linear=0
shrinkage=0.08


Tree=67
num_leaves=63
num_cat=0
split_feature=16 14 9 7 2 14 7 2 3 16 1 1 10 1 5 9 4 1 9 2 3 8 5 0 3 10 2 1 9 1 1 1 0 4 9 0 10 0 9 6 6 4 1 14 16 0 4 6 2 9 1 2 7 2 5 8 2 10 2 4 1 9
split_gain=316.38 88.0767 72.2436 34.2364 38.9202 35.2306 29.4324 25.4539 24.4792 13.9779 13.4908 13.3877 13.9687 15.3205 14.695 12.9646 16.4063 12.7263 12.3912 12.0573 12.0034 20.3583 11.8822 23.8153 13.1643 18.8852 11.7234 17.7138 12.7326 15.276 13.2659 11.7041 11.6761 12.4943 11.1451 11.0202 10.7987 10.7447 10.4462 10.4269 21.0596 40.4536 12.6567 16.0862 10.3619 19.3477 19.4487 27.2571 14.387 12.2323 11.0768 12.918 10.3144 10.1673 9.80398 9.7467 10.4492 12.444 9.74238 9.49261 10.1622 9.42459
threshold=0.55574390292167675 18.174837112426761 0.59163263440132152 0.77260699868202221 0.90501254796981823 1.132088363170624 0.21896404027938846 0.96051946282386791 0.2362911254167557 0.99812734127044689 0.95861870050430309 0.15504807978868487 0.60555556416511547 0.87026646733284008 0.6904762089252473 0.91689687967300426 0.64565756916999828 0.6900656819343568 0.94352909922599804 0.89022758603096019 0.93788579106330883 0.85783973336219799 0.17424242943525317 0.49742268025875097 0.76506900787353527 0.8441295623779298 0.092665474861860289 0.15047170221805575 0.93008443713188182 0.84680575132370006 0.20256410539150241 0.93440860509872448 0.092665474861860289 0.12632978707551959 0.71744003891944896 0.053342817351222045 0.52506268024444591 0.59896907210350048 0.52280154824256908 0.23582887649536136 0.2299679517745972 0.6624472737312318 0.84028983116149913 3.0497906208038335 0.85893502831459057 0.75134408473968517 0.68614074587821972 0.52419984340667736 0.81120249629020702 0.9034201204776765 0.77015754580497753 0.40175439417362219 0.43341544270515447 0.84660634398460399 0.13392857462167743 0.85783973336219799 0.88273492455482494 0.62019231915473949 0.12024096399545671 0.053342817351222045 0.16064515709877017 0.88029849529266369
decision_type=2 2 2 2 2 2 2 2 2 2 2 2 2 2 2 2 2 2 2 2 2 2 2 2 2 2 2 2 2 2 2 2 2 2 2 2 2 2 2 2 2 2 2 2 2 2 2 2 2 2 2 2 2 2 2 2 2 2 2 2 2 2
left_child=2 3 6 5 9 15 37 10 -4 11 19 -5 14 32 59 16 34 -10 55 20 31 -22 -15 -24 25 -25 27 35 -28 30 -30 53 -14 -34 -2 -7 -32 38 -1 40 42 -42 43 -39 49 -46 -47 -48 -49 -35 51 -51 -9 -3 -18 -12 -57 -58 -38 -13 -61 -16
right_child=1 7 8 4 -6 26 -8 52 17 -11 18 12 13 22 61 -17 54 -19 -20 -21 21 -23 23 24 -26 -27 28 -29 29 -31 36 -33 33 44 -36 -37 58 39 -40 -41 41 -43 -44 -45 45 46 47 48 -50 50 -52 -53 -54 -55 -56 56 57 -59 -60 60 -62 -63
leaf_value=-0.032372017958603311 -0.075900731106619046 -0.015918841566915986 0.014159257285384719 0.030726512573895338 0.057767401734656582 -0.097169816399136105 -0.075095166468437821 0.019262798440893132 -0.076224256172658544 0.070557554518693791 0.038051944443995338 -0.060863238554397688 -0.1018312453616243 0.0823450074969162 -0.042209371596783375 0.012646472199712339 0.085444759261888659 0.071036467615295792 0.07007483647432218 0.043927233489580012 0.0041735101320888729 -0.20818166241312355 -0.68556836252261222 -0.022282442537213485 0.019827636380660901 -0.55741154633479628 0.00031144645994885342 -0.09582552064554771 0.036274936442238191 0.056015001475393719 0.034808787003553714 -0.10700328984843979 0.021285090617004915 0.018194229084824855 -0.03332966500703656 0.0094776885603140831 -0.16344035178606856 -0.080790331721379782 0.85378191622694033 0.023234772539776363 2.8545512066924723 -0.080385320729625093 0.59917471563706171 0.40850940952653481 0.010659385785994813 -0.15422463661011251 0.043204891776523348 -0.013239981749990229 -0.18707776856475428 -0.02708819723427916 0.066325544092872071 -0.082285873732316162 0.079029423262345549 0.078892209531084126 -0.014948042661717596 0.035806909899579173 -0.11151778887806435 0.037744525653972121 -0.01438289481809539 -0.25559468592075685 0.026528484738154431 0.014571273543306583
leaf_weight=26.741484962520193 57.58995486178901 21.042211536958348 108.92616998270387 145.92248630546965 116.68807361111976 7.2382704562623976 441.04192916615284 21.837597924168222 34.250426679675002 23.384639536496252 88.018706225790083 8.2974667241796833 8.4691460933536273 19.008950329385698 39.926075031980872 50.293833781732246 6.5371158103225744 4.2184456082759416 57.315897820051759 25.266504743602127 6.1755400213878584 5.4296696460805833 0.31182810384780069 1.347693767864256 81.147057595197111 0.61452950537204731 1943.7688480927609 19.347461977507919 73.783893904648721 56.250543416943401 31.756288185482845 5.7767699186806558 82.607080900110304 32.974198733922094 124.32362053339602 43.276000823010691 2.8876893678680053 1.3323867284925652 0.085409391555002823 8.9513377243420091 0.054517598473466822 0.066988654900342226 0.3501164931221864 0.63493225548882026 175.24183236993849 9.0708324983715993 17.676562625449154 5.3897971282713097 7.0095303771086037 119.69041497085709 6.5867975018918505 35.090636097593233 120.19798097759485 11.035090846940873 130.61877426638966 13.786106668412687 10.270385005511342 5.4831466889008871 99.595717533957213 0.81922517810016771 319.27578092430485 35.205072876531631
leaf_count=9324 41739 324 16812 3371 15372 303 843367 1160 46558 3940 5256 113 72 2048 1023 1359 176 376 7680 1235 60 85 18 56 5743 27 124186 887 1069 5496 647 82 1198 813 19832 810 37 459 16 1141 24 22 10 37 4030 148 1002 221 204 1333 341 587 23465 256 10346 1116 648 657 2090 9 9683 1061
internal_value=-0.00106627 0.00662164 -0.0541956 0.00302422 0.0137012 -0.0021857 -0.0692593 0.042804 -0.00521548 0.00932529 0.0274188 0.00808199 0.00479657 -0.00292083 0.0163144 -0.0251045 -0.031055 -0.0600758 0.0395767 -0.00103331 -0.0240016 -0.09518 0.025265 0.0122583 0.0148765 -0.189874 0.0015306 -0.0307345 0.00255145 0.019027 0.00902525 -0.00217991 -0.0086972 -0.00709186 -0.0468068 -0.005804 -0.00595235 -0.0019107 -0.0295507 0.0631884 0.209825 1.23647 0.155997 0.0771262 -0.012827 -0.00069943 -0.0515476 -0.0205804 -0.111513 -0.0262056 -0.0352783 -0.0396021 0.0698405 0.0166976 -0.0101631 0.0247073 -0.0150555 -0.0595658 -0.0185829 0.0236166 0.0258064 -0.015603
internal_weight=4957.31 4330.66 626.654 3939.02 1291.76 2647.27 479.259 391.636 147.395 1175.07 249.6 1151.68 1005.76 602.237 403.524 369.363 319.069 38.4689 174.874 74.7258 49.4593 11.6052 102.43 83.4211 83.1093 1.96222 2277.9 69.8617 2208.04 264.274 208.024 37.8541 499.807 491.338 181.914 50.5143 134.24 38.2172 26.8269 11.3903 2.43894 0.121506 2.31744 1.96732 408.731 214.389 39.1467 30.0759 12.3993 194.342 161.368 154.781 142.036 32.0773 137.156 117.558 29.5396 15.7535 102.483 328.392 320.095 75.1311
internal_count=1221560 303414 918146 261390 52413 208977 854400 42024 63746 37041 17399 33101 29730 17841 11889 73452 72093 46934 15357 2042 807 145 7892 5844 5826 83 135525 2000 133525 9339 3843 662 9949 9877 61571 1113 2774 11033 9340 1693 552 46 506 496 8679 5605 1575 1427 425 3074 2261 1920 24625 580 10522 7677 2421 1305 2127 9805 9692 2084
is_linear=0
shrinkage=0.08


Tree=68
num_leaves=63
num_cat=0
split_feature=16 11 1 9 7 15 2 14 9 14 2 9 16 8 11 1 7 1 8 2 1 6 9 5 6 5 6 2 4 4 2 4 1 1 2 4 2 1 4 4 2 1 2 5 14 7 1 1 4 2 6 1 14 8 6 1 4 15 2 6 5 8
split_gain=284.529 80.6456 120.664 69.5645 28.0089 27.2159 21.9467 18.5493 13.725 21.0826 13.3446 21.0587 12.4259 12.3906 12.7448 11.763 10.0459 12.702 9.97448 9.24529 11.5246 11.8317 31.0351 27.2148 34.6491 28.6641 22.3548 17.5618 20.1097 13.7106 12.8416 18.0811 15.412 12.3172 12.1321 11.2822 11.2682 10.7401 15.8877 10.0331 16.6931 15.6939 16.4251 13.4757 11.9172 11.4027 10.9301 9.6342 11.0129 9.62862 9.21159 9.09279 9.72837 16.9797 10.6158 10.614 10.9018 10.4465 9.14438 13.7114 11.1606 9.66304
threshold=0.55574390292167675 0.84523808956146251 0.82426470518112194 0.59163263440132152 0.21896404027938846 2.5000000000000004 0.23606811463832858 0.27643372118473059 0.54295176267623912 0.18192912638187411 0.97467949986457836 0.73717105388641369 0.92721253633499157 0.97789987921714794 0.58571431040763866 0.6900656819343568 0.59026268124580394 0.79743590950965892 0.96794739365577709 0.053342817351222045 0.11189358308911325 0.052177859470248229 0.73097601532936107 1.0000000180025095e-35 0.13976744562387469 0.30952382087707525 0.2736185491085053 0.3034138828516007 0.44300144910812383 0.12632978707551959 0.092665474861860289 0.067231640219688429 0.13446328043937686 0.88047617673873912 0.71516755223274242 0.61167800426483165 0.2237871661782265 0.79008570313453685 0.72834226489067089 0.95861870050430309 0.91734972596168529 0.95488464832305919 0.95538970828056347 0.46428571641445165 1.5385157465934756 0.76294618844985973 0.95713412761688244 0.65485891699790966 0.072077922523021712 0.30068494379520422 0.071946170181036009 0.10762548446655275 1.0505385398864748 0.88078150153160106 0.35388994216918951 0.76506900787353527 0.71535181999206554 27.500000000000004 0.76631206274032604 0.2419017776846886 0.30952382087707525 0.931591957807541
decision_type=2 2 2 2 2 2 2 2 2 2 2 2 2 2 2 2 2 2 2 2 2 2 2 2 2 2 2 2 2 2 2 2 2 2 2 2 2 2 2 2 2 2 2 2 2 2 2 2 2 2 2 2 2 2 2 2 2 2 2 2 2 2
left_child=3 5 12 4 -1 10 -5 -7 -4 -10 -2 -12 51 18 -15 -8 -6 -18 19 -9 -21 22 -22 24 35 33 37 30 29 47 31 -24 -33 36 -31 49 -25 50 -39 40 -28 42 -41 45 -44 -43 -45 -29 -49 -23 -27 -3 53 55 58 -53 -57 -55 59 60 -54 -61
right_child=1 2 8 6 16 7 15 13 9 -11 11 -13 -14 14 -16 -17 17 -19 -20 20 21 23 27 25 -26 26 39 28 -30 34 -32 32 -34 -35 -36 -37 -38 38 -40 41 -42 43 44 46 -46 -47 -48 48 -50 -51 -52 52 54 57 -56 56 -58 -59 -60 61 -62 -63
leaf_value=-0.0034839633829104404 0.0087020020012603429 0.057425859034236318 -0.020844119940245265 0.012854423316505272 -0.075906700431612309 -0.052613824538238346 -0.075826047271558145 -0.074449247243296837 -1.6187690485411437 0.074706225337528298 0.014775364992600326 0.076126863738294845 0.049413280733862072 0.048629083781026788 -0.19638406770791061 0.066433372961799644 -0.011481745579199447 0.37651392455062876 -0.055224108146529324 0.030323063916402045 -0.06068022861302106 0.065550139115528788 -0.074674424612669071 0.17687216578689127 0.07184391848191253 0.12096248938728893 0.00013276618469734274 -0.037876143517665606 0.044646587573405158 -0.052089396646119814 0.0048644989696458012 0.13845418650917724 -0.034113153705974363 0.024143674444991811 0.096284807730687025 0.099196764976860891 -0.072472102238686442 -0.027007061923143831 0.08782284778353687 -0.045520523973446574 0.041213565217673186 -0.050226516437340385 -0.50458435906488375 0.13701521057810875 0.02609248978943611 -0.57541590327112235 -0.0036929045226648241 -0.052203370880455929 0.21439288874472756 -0.062509226300768703 0.036482764559691606 -0.042490739851227269 0.0023997875711667341 0.058566830621818895 0.060658323467102752 -0.077353002326401146 -0.43877800575590559 -0.18880512259100105 0.09895008221381979 -0.12114542688610351 0.075900733330154152 0.082895503394434439
leaf_weight=38.704654741450213 492.41483204462565 20.008430878166109 10.039620609197298 109.81266930594575 405.42667994307703 47.25246488553239 31.743422200845089 11.312965626770163 0.047056660056113198 270.73791623287252 107.4226017856854 53.708717187400907 42.298596237320453 41.482723407912999 1.4047501306049515 4.2137515594949937 3.2122487921151328 0.6491268595564178 22.976178319659084 68.857769571826793 73.454563067120034 4.4116170078923487 30.385238490067422 1.1843257767613966 71.216468667378649 9.0358177124580816 645.82746051475988 3.7682294750120473 20.184784022334497 120.80480439844541 478.39282931777416 5.5750758496578774 8.1606108681298775 11.263377492898142 3.6330144235398611 4.0239551483537062 56.345164953614585 36.258818872331176 9.7943637131247652 119.44998144824058 70.184997461095918 0.58629112812923156 0.27336500119418161 3.553822159592527 29.192943133355584 0.48217558907344937 608.57564442342846 1.4212948515778405 3.2808016552589834 25.350894911680371 96.279322117974516 46.036177420231979 426.69510656478815 16.06794786313549 22.068960641161539 1.3416802681458642 0.88739170343615104 1.1722864694893349 6.3808237413177258 8.894627902453065 13.644296598271465 1.7832696987316001
leaf_count=11033 13285 692 207 16862 838656 10859 46511 775 5 57447 2906 8766 3229 1210 50 373 4694 17 381 1084 61688 242 1064 9 2301 144 18537 451 998 20693 15415 78 302 520 80 63 10685 1090 179 8298 3387 20 19 200 1805 21 34025 54 113 3026 3947 1312 7091 273 2269 91 33 20 543 564 683 185
internal_value=-0.00101073 0.00617732 0.027643 -0.0529124 -0.0685322 0.00056899 -0.00490819 -0.00292346 0.0710065 0.0744119 0.0152413 0.0352252 0.00759039 -0.00205332 0.0406038 -0.0591549 -0.0746835 0.0537433 -0.00274225 -0.0022842 -0.00197274 -0.00284402 -0.0112952 0.00066648 0.0401908 -0.00177726 0.000358237 -0.00592587 -0.0297545 -0.0410538 0.00105576 -0.0402415 0.0359289 -0.0523606 -0.0477575 -0.0265289 -0.067339 0.0296393 -0.0025856 -0.00264031 0.00415959 -0.00902887 -0.0323245 -0.00337148 0.0211693 -0.287233 -0.002876 0.0574309 0.133809 -0.0435273 0.0437309 0.00445922 0.00251457 -0.0264031 0.00646535 -0.0507459 -0.221236 0.0417462 0.00385059 0.00250516 0.00467728 -0.0870694
internal_weight=4881.05 4287.29 888.104 593.763 447.993 3399.19 145.77 2745.64 280.825 270.785 653.546 161.131 607.28 2698.39 42.8875 35.9572 409.288 3.86138 2655.5 2632.52 2621.21 2552.35 749.061 1803.29 105.003 1698.29 1629.5 675.607 153.093 132.908 522.514 44.1209 13.7357 68.7929 124.438 33.7865 57.5295 151.368 46.0532 1478.13 716.012 762.114 148.916 613.198 29.4663 1.06847 612.129 8.47033 4.7021 29.7625 105.315 564.981 544.973 65.5055 479.467 48.2652 2.22907 17.2402 457.398 451.017 440.339 10.6779
internal_count=1221560 303414 74644 918146 854400 228770 63746 203813 57659 57452 24957 11672 16985 192954 1260 46884 843367 4711 191694 191313 190538 189454 100936 88518 5632 82886 71672 39248 22389 21391 16859 1444 380 11214 20773 3331 10694 5360 1269 66312 21924 44388 10122 34266 1824 41 34225 618 167 3268 4091 13756 13064 1729 11335 1436 124 293 9066 8523 7774 749
is_linear=0
shrinkage=0.08


Tree=69
num_leaves=63
num_cat=0
split_feature=16 14 0 11 11 1 7 14 10 16 8 10 14 5 6 6 0 5 6 5 2 6 1 0 5 5 6 2 2 0 16 14 1 0 1 1 14 8 0 7 2 2 16 16 16 14 8 2 16 7 10 10 16 2 14 0 2 8 0 14 7 14
split_gain=254.969 73.5239 67.364 41.6064 36.8217 63.8034 26.3576 17.4988 15.4031 12.342 12.254 11.4924 14.2464 15.5412 24.1276 11.0369 36.4426 24.5488 34.6121 27.1787 23.8729 20.7445 16.1605 15.4899 13.1311 27.5324 26.987 20.9277 20.1437 16.6444 15.025 15.2397 15.1753 14.0064 13.0878 13.0225 12.7853 12.7484 12.5806 16.2738 12.4719 12.4622 12.4049 12.0773 17.5331 11.3577 13.4975 11.0766 11.423 14.1045 11.0706 11.0043 10.662 10.3255 9.80673 9.69113 9.40356 9.2517 9.24491 9.23773 8.80617 15.0658
threshold=0.55574390292167675 18.174837112426761 0.18677325546741488 0.43650794029235845 0.84523808956146251 0.88047617673873912 1.0000000180025095e-35 0.27643372118473059 0.15192308276891711 0.92721253633499157 0.97789987921714794 0.93095237016677868 4.9062407016754159 0.23611111193895343 0.31311275064945226 0.049590164795517928 0.29679679870605474 1.0000000180025095e-35 0.13976744562387469 0.30952382087707525 0.70222854614257824 0.19098278135061267 0.74464204907417308 0.51000401377677929 0.6904762089252473 0.84523808956146251 0.89564427733421337 0.7933771312236787 0.86616915464401256 0.69282051920890819 0.9492306411266328 15.406392097473146 0.95488464832305919 0.92390406131744396 0.88047617673873912 0.982753485441208 6.803347349166871 0.89294019341468822 0.57735043764114391 0.71463078260421764 0.72255688905715953 0.29679679870605474 0.75797963142395031 0.5785643756389619 0.57188794016838085 8.5048837661743182 0.89294019341468822 0.81872946023941051 0.65595698356628429 0.62007752060890209 0.59411767125129711 0.74342104792594921 0.91595917940139782 0.96051946282386791 2.9287461042404179 0.072077922523021712 0.15535445511341098 0.80528196692466747 0.053342817351222045 1.2410258054733279 0.59026268124580394 3.9818859100341801
decision_type=2 2 2 2 2 2 2 2 2 2 2 2 2 2 2 2 2 2 2 2 2 2 2 2 2 2 2 2 2 2 2 2 2 2 2 2 2 2 2 2 2 2 2 2 2 2 2 2 2 2 2 2 2 2 2 2 2 2 2 2 2 2
left_child=2 4 8 53 7 9 59 -2 -1 -6 11 15 -13 -14 -15 16 36 18 37 34 42 22 -21 -23 28 27 -27 51 29 38 32 -32 -28 35 41 -31 52 -17 39 -25 -33 -19 56 44 -30 46 50 -34 49 -49 -29 -26 58 -3 -10 -11 -18 -37 -9 -4 -8 -62
right_child=1 3 6 -5 5 -7 60 10 54 55 -12 12 13 14 -16 17 20 19 -20 21 -22 23 -24 24 25 26 30 45 43 33 31 40 47 -35 -36 57 -38 -39 -40 -41 -42 -43 -44 -45 -46 -47 -48 48 -50 -51 -52 -53 -54 -55 -56 -57 -58 -59 -60 -61 61 -63
leaf_value=-0.053098661412975298 -0.05024624839576624 0.0093660403097314843 -0.080822402766604087 0.074106127054810719 0.0045653779291186724 0.069091073950807019 -0.075541190278722692 -0.075513705918964877 0.0033838196043874742 -0.37591717680824305 0.038940440223468452 -0.0059502835473807924 0.0071827659074931638 -0.51793552429623735 -0.11681734920570244 -0.040532201834529769 0.71071450098960487 0.12913435172920559 0.071154525389105674 0.071347161594994546 0.078427556496929854 -0.052745820883649285 -0.0063756229509014731 -0.057544935692549259 0.043305716436598092 0.038025822191150589 -0.035237265298029334 -0.08088121924786433 0.062344651558556098 -0.016350854859317435 -0.0038922826334578998 -0.094319387638088142 0.019481061226938042 0.094093137505144725 0.025891740223112292 0.048454664519019613 0.054011890393274753 0.10982778847909 0.031413047169121876 0.047670616841250554 0.033193654828815852 -0.070390690632648467 -0.020672691422151338 0.037463439768518847 0.74280290926308601 0.044753258538783598 -0.18908071866474779 -0.070600978990013691 -0.0080969273426017944 1.0768122057432228 0.075009489925867021 -0.22989591404240198 -0.15412648116197766 0.050461138349946824 0.075103227778221301 0.050991001217587366 -0.061643187355488634 -0.016557476165674045 0.00081056350069056413 0.020328080637047635 -0.04087209674760281 0.22802651809738084
leaf_weight=28.585647045401856 46.071486318163807 173.29725640022662 7.2792102517560116 141.1648943729233 578.97643068496836 131.19924056829768 374.84347243679804 10.334160418075042 87.840276662958786 0.3428953941911449 49.419367686379701 26.905485598719679 5.704335238318893 1.0621974589303125 9.9487559446133655 32.765943524602335 0.10097720683552225 2.0757542345381799 73.036408053711057 47.961098397237947 10.831998613954054 34.224915937753394 26.62664607851184 25.259496122773271 15.708777616324371 105.37736024672631 146.66860542754875 40.443888418958522 0.664623603777726 283.63448999394313 278.25990149425343 5.0955916675738981 90.30529707740061 8.6165302743320336 12.739155749848576 38.16208811342949 28.049498842097819 4.0555495382286599 168.92169950524112 14.992367081809787 134.13962178165093 57.52655690049869 86.259490906377323 121.12785832607187 0.38143004383891821 4.6232390198856583 7.0326126106083384 22.490679230832033 303.25093861162895 0.06877385824918647 3.1419857568107536 1.0038767755031575 2.9051896948367348 50.542342192609794 14.170428317418553 45.281158028636128 112.9666899376316 22.1347899842076 591.82137171656359 28.026929234503768 20.500733403780036 1.4262827989878122
leaf_count=48913 10879 4289 3147 32114 16303 27109 817963 772 20111 9 1574 494 91 30 338 3656 14 58 2410 1420 866 1699 769 1575 357 3347 10649 949 121 7804 1663 62 3003 186 546 838 393 51 5530 170 3298 10775 3147 4323 35 86 83 19584 11470 1 75 26 22 5621 545 4312 67306 565 30547 4452 22922 93
internal_value=-0.000949803 0.00577147 -0.0515464 0.0400946 0.00253482 0.0183752 -0.0667645 -0.00130869 -0.00119742 0.00772218 -0.000574003 -0.00122075 -0.0419859 -0.0999901 -0.155512 -0.000623186 -0.00837096 0.00244054 0.0392708 0.00044016 -0.0372363 0.00222617 0.0436014 0.0005809 0.00157199 -0.00362039 -0.000444155 -0.0515439 0.010361 0.00395785 -0.00457957 0.00691961 -0.0131101 -0.00664952 -0.0477105 -0.00917343 0.00121081 -0.0239714 0.0218359 -0.0183559 0.0285271 -0.0634419 -0.0435218 0.0398009 0.310465 -0.0752746 -0.0862373 -0.00531094 -0.0121826 -0.067103 -0.0696435 0.0268954 -0.00123695 0.0186452 0.0133464 0.0477825 -0.0609534 0.0245889 -0.000499309 -0.000526526 -0.0726586 -0.0233811
internal_weight=4798.38 4235.7 562.673 365.004 3870.7 755.8 432.077 3114.9 130.596 624.6 3068.83 3019.41 43.6208 16.7153 11.011 2975.79 843.269 2132.52 109.858 2022.66 210.159 1950.32 74.5877 1875.73 1841.51 1157.61 1085.66 71.9544 683.895 561.721 980.279 417.495 562.784 352.548 72.3415 343.931 633.11 36.8215 209.174 40.2519 139.235 59.6023 199.327 122.174 1.04605 55.2417 50.6185 416.116 325.81 22.5595 43.5859 16.7127 605.061 223.84 102.011 45.6241 113.068 60.2969 602.156 35.3061 396.77 21.927
internal_count=1221560 303414 918146 42024 261390 47733 848577 213657 69569 20624 202778 201204 953 459 368 200251 103067 97184 6117 91067 71333 79688 2189 77499 75800 54653 53077 1576 21147 16668 49730 5023 44707 9393 11379 9207 31734 3707 7275 1745 3360 10833 70467 4479 156 1193 1107 34058 31055 19585 1024 383 31341 9910 20656 4321 67320 1403 31319 7599 840978 23015
is_linear=0
shrinkage=0.08


Tree=70
num_leaves=63
num_cat=0
split_feature=15 9 7 11 4 4 9 6 9 10 3 4 14 15 9 0 8 2 6 3 11 3 2 14 0 6 9 10 8 5 10 7 0 10 4 4 15 4 9 4 14 14 10 15 9 10 8 9 7 8 7 8 14 4 14 8 2 7 5 6 14 8
split_gain=135.305 76.4253 91.5201 69.8223 98.013 20.5203 19.6388 26.6532 17.4688 19.9976 19.5453 15.6146 15.431 15.2022 14.8179 14.768 12.774 12.4131 13.3761 14.841 10.9026 16.0774 22.7927 10.742 11.3627 10.6491 10.608 11.9407 10.6342 10.264 12.6783 10.0253 17.8523 15.4426 11.8124 9.88691 9.91893 9.73424 9.28804 28.0468 9.22704 11.0699 11.3846 14.1813 9.10338 11.6853 16.0558 8.73197 48.6455 21.1379 12.1371 26.0669 62.796 12.6321 77.7124 11.8376 9.56512 12.7192 12.0965 17.7113 13.8806 10.5297
threshold=10.500000000000002 0.66220691800117504 0.2582839578390122 0.64583334326744091 0.69631093740463268 1.0000000180025095e-35 0.53863716125488292 0.48331478238105779 0.9976744055747987 0.97826087474823009 0.78456193208694469 0.087922707200050368 1.975736200809479 2.5000000000000004 0.47248421609401708 0.55941176414489757 0.88078150153160106 0.16784037649631503 0.038838613778352744 0.32305502891540533 0.53571429848670971 0.76506900787353527 0.83414238691329967 2.6202796697616582 0.7454303801059724 1.0000000180025095e-35 0.97572758793830883 0.36038962006568914 0.50917509198188793 0.46428571641445165 0.10172414034605028 0.74340915679931652 0.97467949986457836 0.52506268024444591 0.050641026347875602 1.0000000180025095e-35 16.500000000000004 0.49205549061298376 0.52441734075546276 0.59611794352531444 15.304160118103029 15.06917715072632 0.22474747896194461 1.5000000000000002 0.53863716125488292 0.29289215803146368 0.8740118443965913 0.53361582756042492 1.0000000180025095e-35 0.47035388648509985 0.49748717248439794 0.36009480059146887 2.4907497167587285 0.038838613778352744 3.2512969970703129 0.46683587133884435 0.93419912457466137 0.62007752060890209 0.6904762089252473 0.73431372642517101 5.3272314071655282 0.90019920468330394
decision_type=2 2 2 2 2 2 2 2 2 2 2 2 2 2 2 2 2 2 2 2 2 2 2 2 2 2 2 2 2 2 2 2 2 2 2 2 2 2 2 2 2 2 2 2 2 2 2 2 2 2 2 2 2 2 2 2 2 2 2 2 2 2
left_child=3 2 14 5 17 -1 -4 23 9 13 11 -10 26 40 15 -2 -13 -5 25 -20 47 -22 -23 -8 -25 37 28 -28 -3 -9 -31 32 -30 34 -33 36 -14 44 39 -16 41 42 -7 -44 -19 46 -46 48 -15 55 53 52 -52 54 -50 -49 58 -58 59 60 -51 -62
right_child=1 12 6 4 -6 8 7 29 10 -11 -12 16 35 20 38 -17 -18 18 19 -21 21 22 -24 24 -26 -27 27 -29 31 30 -32 33 -34 -35 -36 -37 -38 -39 -40 -41 -42 -43 43 -45 45 -47 -48 49 50 56 51 -53 -54 -55 -56 -57 57 -59 -60 -61 61 -63
leaf_value=-0.11674168736421608 -0.065083504955777499 0.022204319885869572 -0.076698573722316296 0.027481319619817562 0.068926378251664644 0.051712720896850688 -0.061354075796244988 0.14394120127784307 0.052686903226100257 -0.070485964104405247 0.069415324019175204 -0.078303007111566444 -0.10760581430736904 0.0010102790747695285 0.26427018172375166 0.00064409551251972644 0.010602681672957815 -0.080044909235332404 0.14279001674622188 0.018718167780217617 -0.040330256675754343 -0.71268266062936436 -0.080767928220982471 0.024389234046562583 0.46539779983065094 -0.086230690160705434 -0.12122342983346142 0.037688156909580973 -0.028884323078547661 0.16209686623326414 -0.025960172840938659 -0.1257014186767641 -0.8420785322747556 -0.027095229116530947 0.037179683887038531 0.0074188862072484176 0.077755705004140391 0.090518520448965328 0.10451202178900432 1.8838654974522235 0.021312182411952742 -0.018472614731660241 -0.042380201100462964 0.018864254134316895 0.063684269245746869 -0.0071728287198943074 0.63388834324787335 0.043812277608835312 -0.080046404927166304 -0.0050921159361767814 -0.080104203908201055 0.025302124157623628 7.2426965474243694 -0.061860923647608645 7.1845854471982209 0.26369593584826695 -0.01049606008500373 0.060780563940887398 -0.020998620398034448 0.067445618588662243 0.034949957127206395 -0.014653260573561066
leaf_weight=9.3936024298309331 24.217902605858399 41.869355477538193 289.19044165953528 161.86834532377543 258.07178186115925 39.73149039936834 87.773756595794111 5.2363449433760278 26.053543852642179 25.309969060821459 50.479839558945969 17.542937636375427 2.0197261441499021 534.03627378202509 0.43214216525666316 226.42774911090964 25.201373152900487 10.443327512388349 6.6647739608306429 83.144957095093559 6.3105722141626748 0.60216082353144862 0.92873827554285526 4.2795256879180661 0.40970758593175549 10.578218679613199 3.275418816599994 39.773492017295212 254.84412659241934 2.8882830249203826 11.157832086697452 3.0062330662040031 0.17289420356973906 70.657339635072276 54.677914955827873 207.88538955838885 21.678261288674548 6.7403745521733063 1.0343511168030088 0.081305408210027963 320.89629253747989 108.86597116960911 33.035008565988392 90.445740506344009 9.1304229516535962 249.21775909105781 0.32737973332405168 53.718177239759825 0.065369143412680297 683.0390498492925 0.023871217155828073 9.3314231310505402 0.010924773407168686 116.97542685898952 0.011011718423105776 1.614043983950977 28.68143386032898 36.305305727291852 182.68307362589985 25.430947418324649 107.00319087866228 36.811480762902647
leaf_count=863 14444 4508 638234 5047 58079 4352 129623 112 517 353 4397 216 55 6598 130 10103 450 25093 365 9760 104 19 54 2608 10 3316 30 701 54266 89 735 153 7 2429 4070 9087 366 182 94 10 14582 5868 747 2137 2495 2843 3 3603 130 45608 43 4648 13 135687 8 235 1134 3744 3539 880 1484 500
internal_value=-0.000892672 -0.0222598 -0.0419417 0.00769414 0.028395 0.00128236 -0.0656925 -0.0372094 0.00171524 0.000255007 0.0316094 0.00386957 -0.00389204 0.000995917 -0.00418279 -0.00570664 -0.0258856 0.00895673 0.00098712 0.0279255 -0.00262234 -0.0967508 -0.329324 -0.0550515 0.062921 -0.00745916 -0.0122458 0.0255972 -0.0160769 0.048347 0.0127097 -0.0202579 -0.0294356 -0.00202161 0.0286911 0.0129999 0.0619578 -0.00443855 0.242585 0.520736 0.0121232 0.00128546 0.0144645 0.00247942 -0.00681686 -0.00386047 0.0834218 -0.00221584 -0.00955325 0.00197881 -0.0541775 0.0334519 2.21901 -0.0611894 0.967285 0.0502263 -0.000448234 0.0293231 -0.00231761 0.00168657 -0.00033593 0.0222533
internal_weight=4719.72 1352.99 653.129 3366.73 796.187 2570.54 400.936 111.745 2561.14 2441.87 119.278 68.7979 699.86 2416.56 252.193 250.646 42.7443 538.116 376.247 89.8097 1823.58 7.84147 1.5309 92.463 4.68923 286.437 468.277 43.0489 425.228 19.2825 14.0461 383.359 255.017 128.341 57.6841 231.583 23.698 275.859 1.5478 0.513448 592.975 272.078 163.212 123.481 269.119 258.676 9.4578 1815.74 660.454 1155.29 126.418 9.36622 0.034796 117.052 0.0763809 55.3322 1099.95 64.9867 1034.97 852.285 826.854 143.815
internal_count=1221560 871864 796192 349696 107183 242513 771411 133177 241650 236070 5580 1183 75672 235717 24781 24547 666 49104 44057 10125 208031 177 73 132241 2618 33932 66164 731 65433 936 824 60925 54273 6652 4223 9508 421 30616 234 140 27686 13104 7236 2884 30434 5341 2498 207854 147127 60727 140529 4704 56 135825 138 3838 56889 4878 52011 48472 47592 1984
is_linear=0
shrinkage=0.08


Tree=71
num_leaves=63
num_cat=0
split_feature=16 14 10 15 2 14 8 8 12 2 0 1 14 0 6 6 1 8 14 14 1 10 10 1 1 3 10 2 1 10 8 4 10 8 2 2 16 14 8 14 16 16 1 3 1 0 14 8 8 8 1 0 4 16 0 15 1 16 16 16 10 5
split_gain=212.601 61.6421 52.5892 25.5626 22.9993 19.9388 32.3711 19.0037 17.098 25.5438 17.0417 19.2909 14.5687 22.332 14.2692 12.816 17.3779 12.4951 12.595 12.146 11.643 11.0883 25.3908 10.8226 10.384 10.3552 13.1525 13.0542 10.8629 10.2596 10.1034 10.0181 9.55601 14.0141 13.0117 9.46677 9.14895 9.87637 20.2761 9.08485 10.1828 12.1501 8.96877 11.314 26.3792 8.89136 8.85323 56.1849 16.5351 8.7711 8.6396 8.56306 12.563 8.45975 8.40297 8.39168 8.10423 8.50376 11.5962 7.85286 7.75915 7.62814
threshold=0.53273066878318798 18.174837112426761 0.17519181966781619 3.5000000000000004 0.96051946282386791 1.132088363170624 0.88078150153160106 1.0000000180025095e-35 1.0000000180025095e-35 0.90501254796981823 0.26120401918888098 0.85053193569183361 14.998265266418459 0.91734972596168529 0.91485509276390087 0.48331478238105779 0.15047170221805575 1.0000000180025095e-35 15.822612285614015 6.2380828857421884 0.12732185423374179 0.43303571641445165 0.48809523880481726 0.95861870050430309 0.38529014587402349 0.92907443642616283 0.71825397014617931 0.84660634398460399 0.94494947791099559 0.1863425895571709 0.90701997280120861 0.044949496164917953 0.60555556416511547 0.85783973336219799 0.87570226192474376 0.8263767957687379 0.53406116366386425 2.1429483890533452 1.0000000180025095e-35 1.1538984179496767 0.72948575019836437 0.71812930703163158 0.26794873178005224 0.083920188248157515 0.12732185423374179 0.8263767957687379 17.466416358947757 0.45910002291202551 0.23354978114366534 0.8740118443965913 0.92718276381492626 0.59896907210350048 0.53427231311798107 0.60112446546554577 0.080540537834167494 28.500000000000004 0.80901724100112926 0.78905326128005993 0.69871267676353466 0.72948575019836437 0.81534090638160717 0.17424242943525317
decision_type=2 2 2 2 2 2 2 2 2 2 2 2 2 2 2 2 2 2 2 2 2 2 2 2 2 2 2 2 2 2 2 2 2 2 2 2 2 2 2 2 2 2 2 2 2 2 2 2 2 2 2 2 2 2 2 2 2 2 2 2 2 2
left_child=2 3 7 8 23 6 15 24 -2 31 54 -12 13 14 19 16 49 56 -19 21 -9 30 -23 25 -1 27 28 -3 -27 -6 36 -10 33 -25 -35 -28 37 -7 -39 40 41 -24 43 44 -21 -37 -22 48 -48 -5 51 -26 -53 -41 -4 -55 -14 58 -58 -18 -8 -17
right_child=1 4 10 5 29 12 60 20 9 -11 11 -13 17 -15 -16 61 59 18 -20 42 46 22 39 32 50 26 35 -29 -30 -31 -32 -33 -34 34 -36 45 -38 38 -40 53 -42 -43 -44 -45 -46 -47 47 -49 -50 -51 -52 52 -54 55 -56 -57 57 -59 -60 -61 -62 -63
leaf_value=0.89125826603382607 0.0049573703791384221 -0.029915043985250311 -0.080422470886303332 0.002046769396293625 0.017977194960295709 0.035666879033506967 0.066646487392296588 0.017801887313190462 -0.086736829414166189 0.070461026677074642 -0.080245228465328236 0.18687525917545231 -0.076187018917428101 0.052199673590017495 0.07649429576397096 0.081112448548485275 -0.05477494276254212 -0.050648876790357955 0.0032592502562178195 0.084136492074654998 -0.077383931564076719 -0.054299023895373159 0.12999123890345882 0.034673737396744939 -0.057499936869786716 0.02667399962096163 -0.46797061478268936 0.04966956742776911 -0.17360053197785758 0.078461031503166398 0.096251409207229216 0.018215864755057102 0.058426993008514082 0.041675845431514133 -0.088739148893966835 0.046548747484924241 0.0052762669153584478 0.74403954620734014 0.04234913081495769 0.063478795793147899 0.0051202305197203517 0.57429151377143794 0.011119755715083194 0.063887140630731726 -0.47931844440228155 -0.18049101436967388 1.431479722451596 4.9485468276905733 -0.080093688660231685 0.27969724689377157 0.0913786526048041 0.30066135990411857 0.00053820563142808315 -0.0059625511734152405 0.025666660665539718 0.038508597976091033 -0.013119132831566094 -0.0068632037581075099 0.068130611669957666 -0.025967479401931365 0.0063194953438150325 -0.0065248938848046093
leaf_weight=0.082346197566951385 704.53065213977243 23.56592595053371 5.1487553989281869 58.665547321725171 22.357290474697948 1.888851304946001 30.845867943018675 8.5468358416401298 5.94215174159035 68.228953139740042 22.364879300032047 1.875372661743312 9.7045899541117233 59.239937428414123 16.428448279999429 6.8105054732586714 144.12661327217938 85.970456281880615 40.949898186430801 1.4816010342910879 305.65482285531471 65.727883514133282 2.607376163708977 72.630215793149546 17.155684274621315 10.259025981766174 0.5470774956047525 29.961302257957868 2.0856936460477291 91.022426126291975 8.0002440393436682 284.84029044705676 62.762558795511723 7.8459777750540551 13.023080536397172 1.5109515464864669 721.05829500744585 0.45654433872550704 0.62348502938402817 11.919602625013793 4.1658107682596892 0.46402192162349809 113.63360887029557 40.534926218912005 0.82948379963636387 4.0981286917813122 0.052843221230431392 0.015908226545434445 0.37494182409136556 0.73732896149158378 4.6378455990925422 1.0735513225663442 5.296805415651761 779.51807495887624 66.405868712434312 28.136595066578593 21.028698522597551 305.79445198178291 24.156616251915693 104.45222853892483 24.468938411097042 95.360040249157464
leaf_count=34 20335 372 1998 3138 1011 1305 791 9334 138 12489 46504 57 259 5789 1553 231 91198 36695 2544 55 766944 2766 124 4422 6207 203 19 1240 30 23623 193 16740 9502 549 903 90 89821 28 425 413 80 10 4363 1042 6 103 7 8 542 10 59 59 562 20006 20282 852 216 2121 327 4279 608 5946
internal_value=-0.00100832 0.00450804 -0.0540108 0.00163467 0.0370819 -0.00236377 -0.0174878 -0.0686512 0.0121982 0.0264078 -0.00160627 -0.0595792 0.000639118 0.00387098 0.0022782 -0.0252355 -0.0333805 -0.0116673 -0.0332558 0.00159362 -0.0742941 -0.000456732 -0.00644227 0.0224544 -0.00579308 -0.0032015 -0.0547967 0.0146316 -0.00716325 0.0665343 0.00684126 0.0160712 0.0342804 0.0180717 -0.039708 -0.150314 0.00585331 0.146001 0.338964 -0.00263787 0.086601 0.197115 0.0228803 0.0540711 -0.118096 -0.119332 -0.0768656 0.28023 0.106627 0.00549306 -0.0084159 -0.0280891 0.0511158 -0.00342589 0.018033 -0.00441329 -0.0040705 -0.00207648 0.030318 -0.0426701 0.0399604 -0.000683146
internal_weight=4653.68 4215 438.686 3873.33 341.67 2809.79 465.467 342.892 1063.54 359.011 95.7949 24.2403 2344.32 1856.71 1797.47 410.152 307.982 487.605 126.92 1781.05 314.645 1624.57 892.539 228.29 28.2462 72.0281 18.5009 53.5272 12.3447 113.38 732.027 290.782 156.262 93.4993 20.8691 6.15616 724.027 2.96888 1.08003 826.811 7.23721 3.0714 156.48 42.846 2.31108 5.60908 306.099 0.443693 0.427785 59.4029 28.1639 23.526 6.37036 819.574 71.5546 807.655 360.684 350.98 45.1853 248.579 55.3148 102.171
internal_count=1221560 368963 852597 326896 42067 277194 106201 783756 49702 29367 68841 46561 170993 128831 123042 104802 98625 42162 39239 121489 776835 116023 24251 17433 6921 2057 445 1612 233 24634 91772 16878 15376 5874 1452 212 91579 1758 453 21485 214 134 5466 1103 61 193 767501 557 549 3148 6887 6828 621 21271 22280 20858 2923 2664 543 95477 1399 6177
is_linear=0
shrinkage=0.08


Tree=72
num_leaves=63
num_cat=0
split_feature=16 11 1 9 2 7 7 14 0 0 9 1 1 2 3 0 8 8 11 16 6 16 7 14 2 4 2 2 0 9 1 3 5 2 6 1 14 3 2 4 5 6 2 6 8 2 0 3 1 3 3 3 5 4 5 6 0 4 11 7 4 8
split_gain=192.676 56.8897 100.752 54.3139 20.5184 40.0435 19.5983 16.0437 14.5857 14.2063 13.9728 13.5211 17.8467 13.2398 13.1411 23.5733 24.3595 24.0407 13.0408 15.5246 14.0157 12.4433 10.511 17.148 21.7377 42.1116 18.714 20.9135 10.3359 9.58291 9.41274 25.9442 18.5761 32.1025 22.2024 18.2718 17.8992 19.647 22.0524 24.5926 28.5356 20.279 17.2979 19.1809 16.6001 16.5205 15.5251 21.8428 24.5155 21.1754 15.0773 14.5019 14.6834 14.4816 16.0067 16.1769 17.7581 15.7637 13.9246 20.4848 12.8206 12.7432
threshold=0.53273066878318798 0.81666666269302379 0.88047617673873912 0.59163263440132152 0.95180022716522228 0.62007752060890209 0.21896404027938846 0.27643372118473059 0.23606811463832858 0.95101958513259899 0.9976744055747987 0.82807883620262157 0.18350168317556384 0.88273492455482494 0.99438202381134044 0.75905716419219982 0.85048422217369091 0.53866082429885875 0.2264957278966904 0.90950042009353649 0.80277779698371898 0.56867393851280224 0.55661135911941539 2.4907497167587285 0.54446640610694896 0.58397436141967785 0.17712418735027316 0.13446328043937686 0.080540537834167494 0.50568255782127391 0.99350649118423473 0.99438202381134044 0.6904762089252473 0.86616915464401256 0.69337606430053722 0.96824595332145702 5.3272314071655282 0.86526826024055492 0.81120249629020702 0.83438816666603099 0.46428571641445165 0.46770833432674414 0.3034138828516007 0.53452381491661083 0.6079215705394746 0.75974681973457348 0.71010184288024913 0.6569296419620515 0.74133810400962841 0.50190839171409618 0.81661397218704235 0.99438202381134044 0.73214286565780651 0.73765182495117199 0.26785714924335485 0.15831244736909869 0.50878274440765392 0.10084745660424234 0.43650794029235845 0.72423112392425548 0.84889996051788341 0.96017619967460643
decision_type=2 2 2 2 2 2 2 2 2 2 2 2 2 2 2 2 2 2 2 2 2 2 2 2 2 2 2 2 2 2 2 2 2 2 2 2 2 2 2 2 2 2 2 2 2 2 2 2 2 2 2 2 2 2 2 2 2 2 2 2 2 2
left_child=3 4 13 6 7 18 -1 -2 28 10 21 12 -12 14 -3 -16 17 -17 19 20 -6 -9 -8 -24 26 -26 27 -25 -5 -4 31 32 33 34 36 -34 37 38 39 40 42 -40 -23 45 -38 46 47 48 -44 -50 -47 -32 61 54 57 -56 -57 -49 -33 -60 -39 -53
right_child=1 2 29 8 5 -7 22 9 -10 -11 11 -13 -14 -15 15 16 -18 -19 -20 -21 -22 30 23 24 25 -27 -28 -29 -30 -31 51 58 35 -35 -36 -37 44 60 41 -41 -42 -43 43 -45 -46 50 -48 53 49 -51 -52 52 -54 -55 55 56 -58 -59 59 -61 -62 -63
leaf_value=-0.0072829054686889437 -0.05040870209630282 0.006072784703800637 -0.025317788858777463 -0.087328637881483095 0.062821086435167886 0.067574863306637631 -0.077155582817329219 -0.033595187590083508 -0.062396662926649679 0.069914134840213735 0.051673823674323077 0.064531871434449037 -0.015989888328167012 0.068063807628359771 0.010756655270953611 -0.23220078354331095 -0.046588245671690107 -1.1595259522014516 0.072327376343755204 0.01067723367470419 -0.038794819037341388 -0.0015692361194858057 -0.039670222466600173 0.34735822973953134 5.6144896907618209 -0.080124997461408831 0.078194699440668314 1.8903950446716267 0.026266384473975998 0.076089916661552556 0.076132520365082501 -0.03777709061808892 -0.020367110433599081 0.044617602021791852 0.054285200503869147 -0.18194964898466293 0.118712797356104 -0.051932399512964279 0.081434666941504655 -0.12428845149542211 0.029765810505291177 -0.029000409510435598 -0.051274612830492831 0.091553037111787486 0.013174753940449304 0.073560271705946673 -0.071371249557805994 0.15324374653493544 0.14631263003493458 -0.027139073953142405 -0.07929023012716381 0.036807414489788519 -0.0018038010338397355 -0.10036300761602598 0.1017832780654762 -0.13431894659540136 0.023800652113909908 -0.035971383046028288 0.026218008874904469 -0.28153508657621357 0.041079680298806126 -0.1179603548853696
leaf_weight=30.6072507139761 44.892433611588785 605.14628236100543 6.1563874853891312 5.547971674532163 9.756347284477668 77.670351867098361 285.7364624212496 87.710814962512814 18.210368567495607 17.372726869303733 38.353053599596024 35.382611711043864 71.373953254893422 22.19998491415754 2.2550362066831435 0.33346327766776063 0.6234553107060492 0.3860702549573034 17.398600605578395 281.13323198491707 79.261526837653946 529.86040868615964 7.0030781338282377 0.18299948726780702 0.014048555603949242 0.020349625265225768 1.2114492522669023 0.081140749622136354 67.454648288257886 190.81454015843337 17.893559028045274 96.307191063009668 261.92647835641401 95.704103758558631 41.707343025424052 4.5568383127683765 10.152638039318843 90.137792270164937 34.052531096385792 11.450012265646363 123.37170109187718 15.479049251182003 168.87727240423555 9.0879963522893359 157.64881625911221 18.262244827084945 50.34875171285239 2.9730162723571985 7.7702291508903754 10.718148776679298 5.337259321124292 96.892273735313211 570.83674458187306 8.692175258882342 15.859173816628752 4.9355221197474739 57.558652116567828 54.011027513421141 2.2321485312422729 3.6439473694190383 10.599728961125946 3.5288386405445626
leaf_count=10207 14875 20223 98 1372 347 11816 784361 81176 29946 664 742 2833 1005 4643 277 6 82 36 1567 3397 15605 28080 14689 39 27 21 1161 25 10749 52499 439 2236 10275 2979 1317 268 132 3293 582 263 2806 240 56297 225 1937 485 3216 281 150 982 234 2050 22809 345 305 361 2386 11642 75 98 201 83
internal_value=-0.000974398 0.00419264 0.0229725 -0.0528924 -0.000444816 0.0151469 -0.0682084 -0.00295688 0.00165576 -0.00220749 -0.00265098 0.0215278 0.00766072 0.00737951 0.00516645 -0.147269 -0.412613 -0.729763 0.00463963 0.00145803 -0.0276577 -0.00396008 -0.0745457 0.0130522 0.257571 2.24561 0.211226 0.821361 0.0176335 0.0729204 -0.00295742 -0.00585813 -0.00363336 -0.000247734 -0.00323183 -0.0231302 -0.00494878 -0.00829407 -0.00527264 -0.00766843 -0.00641775 0.0469227 -0.0111451 -0.0233881 0.0195602 -0.0259652 -0.0299808 -0.0236924 -0.0416998 0.0457586 0.0389916 0.0050536 0.00315887 -0.00026682 0.00616195 0.0296247 0.011313 -0.0260995 -0.0450718 -0.164629 -0.0421456 0.0313688
internal_weight=4596.7 4180.63 827.915 416.07 3352.72 465.22 324.857 2887.5 91.213 2842.61 2825.23 145.11 109.727 630.944 608.744 3.59803 1.34299 0.719534 387.55 370.151 89.0179 2680.12 294.25 8.51307 1.50999 0.0343982 1.47559 0.26414 73.0026 196.971 2592.41 1903.26 1801.08 1534.6 1438.89 266.483 1397.18 1229.38 1128.65 1079.11 1067.66 49.5316 944.292 414.431 167.801 405.343 381.744 331.395 187.366 18.4884 23.5995 689.151 671.258 144.03 135.337 78.3533 62.4942 56.984 102.183 5.8761 100.738 100.421
internal_count=1221560 368963 77864 852597 291099 32732 810530 258367 42067 243492 242828 4580 1747 25267 20624 401 124 42 20916 19349 15952 238248 800323 15962 1273 48 1225 64 12121 52597 157072 131691 129282 118739 115760 10543 114443 112374 108880 108058 107795 822 104989 76909 2069 76684 75965 72749 57429 1132 719 25381 24942 15320 14975 3052 2747 11923 2409 173 3494 2133
is_linear=0
shrinkage=0.08


Tree=73
num_leaves=63
num_cat=0
split_feature=16 9 14 11 11 6 7 14 2 8 2 3 8 9 9 9 16 11 7 3 9 2 2 15 8 2 6 5 3 9 10 7 9 8 2 15 2 3 7 7 14 8 9 9 16 10 14 10 2 16 16 7 6 14 5 10 8 14 7 15 14 14
split_gain=176.043 52.1773 51.6085 38.1004 26.3445 44.2289 19.5208 15.6499 12.1987 12.0889 12.087 12.0489 10.7934 10.5639 9.90576 10.2293 9.7531 9.93019 9.29422 9.1374 8.97267 8.93164 8.67778 8.15973 8.09834 7.68377 10.142 9.38728 9.17074 8.22691 7.76966 8.37051 18.5126 11.0699 8.37414 7.92127 7.95683 12.1413 7.51436 18.1482 7.51356 9.28031 7.61407 7.50696 7.43279 8.84525 7.38635 7.36802 7.17497 7.16566 7.1153 9.98874 17.2677 24.6504 21.3467 8.738 6.81739 6.66805 6.77617 24.4945 9.98819 7.25514
threshold=0.53273066878318798 0.59163263440132152 18.174837112426761 0.6904762089252473 0.64583334326744091 0.55217784643173229 0.21896404027938846 0.51747670769691478 0.77459675073623668 0.97789987921714794 0.96051946282386791 0.2362911254167557 0.75058686733245861 0.9976744055747987 0.68500718474388134 0.67658114433288585 0.56673413515090953 0.53571429848670971 0.48429276049137121 0.93127068877220165 0.48056980967521673 0.080540537834167494 0.053342817351222045 4.5000000000000009 0.35493414103984838 0.33508773148059851 0.038838613778352744 0.46428571641445165 0.43288289010524755 0.47599846124649053 0.22474747896194461 0.69885995984077465 0.75887238979339611 0.68381583690643322 0.20734438300132754 3.5000000000000004 0.24525599926710132 0.26158231496810919 0.47466187179088598 0.4793954491615296 3.2512969970703129 0.80528196692466747 0.90954548120498668 0.97572758793830883 0.50988206267356884 0.48809523880481726 0.23812212049961093 0.3514705896377564 0.19139194488525393 0.88669520616531383 0.53406116366386425 0.40919661521911627 0.15470086038112643 2.3369866609573369 0.30952382087707525 0.32666666805744177 0.39192584156990057 4.9062407016754159 0.38479596376419073 15.500000000000002 2.1762032508850102 1.6215988397598269
decision_type=2 2 2 2 2 2 2 2 2 2 2 2 2 2 2 2 2 2 2 2 2 2 2 2 2 2 2 2 2 2 2 2 2 2 2 2 2 2 2 2 2 2 2 2 2 2 2 2 2 2 2 2 2 2 2 2 2 2 2 2 2 2
left_child=1 6 4 10 7 8 23 19 25 16 12 21 14 -14 15 -4 50 22 38 43 24 -3 -18 -1 -7 26 28 46 30 -29 35 -32 33 -33 -34 -6 -37 -38 -12 -40 41 -36 -42 -2 45 47 -27 -23 -35 -44 51 52 53 -9 -55 -52 -13 58 59 -57 61 -61
right_child=2 11 3 -5 5 20 -8 9 -10 -11 18 56 13 -15 -16 -17 17 -19 -20 -21 -22 44 -24 -25 -26 27 -28 29 -30 -31 31 32 34 48 40 36 37 -39 39 -41 42 -43 49 -45 -46 -47 -48 -49 -50 -51 55 -53 -54 54 -56 57 -58 -59 -60 60 -62 -63
leaf_value=0.07391804020406248 -0.045156617247693542 -0.085656863806207101 0.012131864019803949 0.080855875297360782 -0.32639177158101507 0.046946451932782532 -0.074261519739778126 0.12429893773063054 0.052342012478019576 0.04047214245588427 0.017269753940917329 0.11139643227083136 -0.012653718089845993 0.074551031386146716 0.067868365231557745 -0.25859398620908375 -0.078754229373686632 -0.074659935628640137 0.078742947834679319 0.014009946352382825 0.065410174122442127 0.048423742910684651 -0.00021168812310856934 -0.028025248162272556 -0.17130162186650583 -0.2744437847088923 0.076721550952631321 -0.18295596009495133 0.14298070591916578 0.044987200016698994 -0.010383680175539018 0.021669206497666817 0.023133124897872778 0.16542722016895234 -0.042042172129057413 0.074054371159369262 1.5522384529170772 0.25916245153562328 0.083705690886108061 -1.0680519305642815 0.030288213640561605 0.03445791979359368 -0.051496204252287216 0.0597328007888107 -0.010497579159224493 0.23148873082955806 -0.014368144592308672 -0.059933303863485769 0.42161882021285574 0.011067718524280241 -0.051532471328446794 -0.081816393524094227 0.042948729638410905 0.4712020163273502 1.9206160049521765 0.0030559712752371167 -0.075329792408481241 0.33308026133280416 -0.0078733609271094008 -0.080830548504540314 1.5225422062260869 1.0611560839368368
leaf_weight=6.3508648562710759 96.437355109752389 5.2144981474266379 31.601176833442878 84.427514836424962 0.27433622960233961 2.4200682044029227 276.42517842189409 0.37971033720532421 35.491051763499854 44.4711874416098 21.295595920062627 1.3630185273650592 110.29942017793655 9.6698760492727143 30.645792547613382 0.91922305710613628 9.0325416708656103 11.595236492925322 32.295483739115298 24.547889505047351 107.5116498398711 36.533149993978441 2735.9681850000925 24.070249473734293 1.9770323987468144 0.7016801304416721 14.103548420098376 1.0557523290044653 3.1894731921784105 25.237083651416469 142.11530247930204 1.9983724758494634 156.69797809841111 1.7865134328603747 13.101232908433301 5.1958969261613674 0.048999987746355944 0.90098374095396139 0.23581063654273648 0.13926786906085908 14.64670573081821 45.036505903117359 42.384037582203746 4.5741061423905185 26.310076324589318 1.5451537666376669 175.93819734812132 4.5122608041274352 1.1499909772537646 16.192275495268404 54.09020949085243 1.4791435395600272 1.5538477235531898 0.14243693393655121 0.11966809243313037 0.91733294486767281 15.277741571830118 0.40456805843859811 17.207560667680809 0.072733724431600422 0.099568526173243299 0.069746438646689057
leaf_count=494 35094 1372 784 27285 14 18 800323 383 6055 1514 1165 457 3445 989 1079 24 623 244 7239 1338 26006 6669 162015 9713 35 55 444 37 113 3985 2591 55 4024 9 160 130 33 330 32 25 110 301 253 42 3857 38 8195 295 45 175 65807 1964 942 34 13 46 29379 7 3596 52 3 6
internal_value=-0.000963357 -0.0518067 0.00392686 0.0347061 0.00133095 0.0141429 -0.0675677 -0.00212101 0.0066497 -0.000914687 0.018273 0.00148133 0.00846781 -0.00562476 0.0352333 0.00447952 -0.00156433 -0.000782205 0.0515472 -0.029768 0.060829 0.0152934 -0.000470136 -0.00674305 -0.0511826 0.00419914 0.00993214 -0.00876294 0.00781402 0.0358345 0.00683762 0.00554852 0.0132764 0.166914 0.0106443 0.0942022 0.112976 0.325859 0.0110178 -0.343946 -0.00425335 0.0172188 -0.0213018 -0.0404069 0.0229335 0.0435853 -0.0154013 0.0365117 0.265757 -0.0342016 -0.0297339 0.0788799 0.187135 0.536214 1.13295 -0.0352119 -0.0600353 0.0118161 0.0047396 0.191941 0.907793 0.478191
internal_weight=4531.45 397.602 4133.85 321.529 3812.32 809.155 306.846 3003.16 697.246 2877.6 237.102 90.7559 183.135 119.969 63.1662 32.5204 2833.13 2756.6 53.9662 125.559 111.909 74.1151 2745 30.4211 4.3971 661.755 458.822 202.933 444.719 26.2928 441.529 435.109 292.994 4.93488 288.059 6.42022 6.14588 0.949984 21.6707 0.375079 131.361 58.1377 73.223 101.011 68.9006 42.5906 176.64 41.0454 2.9365 58.5763 76.5365 3.67481 2.19566 0.641815 0.262105 72.8617 16.6408 18.7715 18.3669 1.15938 0.242049 0.14248
internal_count=1221560 852597 368963 42067 326896 53173 810530 273723 27114 237249 14782 42067 6321 4434 1887 808 235735 162882 8461 36474 26059 12231 162638 10207 53 21059 8787 12272 8343 4022 8230 7723 5132 109 5023 507 493 363 1222 57 999 461 538 35136 10859 7002 8250 6964 54 428 72853 3336 1372 430 47 69517 29836 3710 3703 107 61 58
is_linear=0
shrinkage=0.08


Tree=74
num_leaves=63
num_cat=0
split_feature=16 9 15 11 2 7 2 1 0 1 15 2 11 1 11 7 16 0 10 4 15 16 1 3 0 2 9 10 2 3 1 5 4 1 0 0 4 3 5 1 1 7 4 1 7 6 3 9 1 9 3 0 1 2 6 7 2 6 9 9 16 15
split_gain=157.68 49.5151 44.9906 60.9643 33.0406 19.1028 15.7978 19.5256 14.1231 27.7488 13.973 13.543 12.4823 24.6097 23.3655 15.7554 12.4442 11.7219 11.5656 9.92787 10.5765 9.6452 9.64303 14.347 9.54103 9.52 9.37463 17.361 9.22947 17.8669 22.8319 15.0001 19.3365 12.6393 13.9373 12.505 18.8529 16.0225 15.1094 11.7524 15.4926 10.98 10.9539 17.8094 10.868 10.8557 9.70179 10.6868 16.0885 9.48779 12.604 44.7301 12.1917 9.47323 15.1319 15.8365 9.26353 8.91342 8.90407 8.80089 17.3548 8.7431
threshold=0.53273066878318798 0.59163263440132152 3.5000000000000004 0.43650794029235845 0.86616915464401256 0.21896404027938846 0.053342817351222045 0.11189358308911325 0.092665474861860289 0.15504807978868487 30.500000000000004 0.080540537834167494 0.31666667759418493 0.88273492455482494 1.0000000180025095e-35 0.36930006742477423 0.56867393851280224 0.23606811463832858 0.30217391252517706 0.067231640219688429 4.5000000000000009 0.9437411129474641 0.96720427274703991 0.99438202381134044 0.91331186890602123 0.70222854614257824 0.91689687967300426 0.52506268024444591 0.35043859481811529 0.65261757373809826 0.74133810400962841 0.15476191043853763 0.61167800426483165 0.41444373130798345 0.3483316451311112 0.67006802558898937 0.70064935088157665 0.97014260292053234 0.84523808956146251 0.38408851623535162 0.37416666746139532 0.74340915679931652 0.072077922523021712 0.12276295199990274 0.81337305903434765 0.040408162400126464 0.32811352610588079 0.96209374070167553 0.42947559058666235 0.9976744055747987 0.12732185423374179 0.11566332355141641 0.12732185423374179 0.67962265014648449 0.26975052058696752 0.63185164332389843 0.44575163722038275 0.28416149318218237 0.39909502863883978 0.9388999640941621 0.86972683668136608 5.5000000000000009
decision_type=2 2 2 2 2 2 2 2 2 2 2 2 2 2 2 2 2 2 2 2 2 2 2 2 2 2 2 2 2 2 2 2 2 2 2 2 2 2 2 2 2 2 2 2 2 2 2 2 2 2 2 2 2 2 2 2 2 2 2 2 2 2
left_child=1 5 3 21 22 -1 -4 -8 9 11 12 19 14 18 16 -16 -10 -3 24 -9 -21 -2 23 -5 -14 -23 -18 -28 33 30 31 57 56 39 46 -31 53 -38 44 40 42 -41 49 -44 -39 -36 -35 48 -48 50 51 -20 -53 54 -37 -56 -33 -30 -6 -58 -61 -54
right_child=2 17 6 4 58 -7 7 8 10 -11 -12 -13 13 -15 15 -17 26 -19 28 20 -22 25 -24 -25 -26 -27 27 -29 29 35 -32 32 -34 34 45 36 37 38 -40 41 -42 -43 43 -45 -46 -47 47 -49 -50 -51 -52 52 61 -55 55 -57 59 -59 -60 60 -62 -63
leaf_value=-0.0063232061120203891 6.7100096754302681e-05 0.014851957908461576 -0.0880457897091214 0.020629961799135187 -0.071986192445372771 -0.073707069344416995 0.033671848594645552 -0.074808673685592991 -0.040865293976606029 -0.10149170271862776 -0.028338683830187322 0.062847243270603828 0.031463197122381541 0.043955744645648914 0.11601784106515117 -0.066601217019993331 -0.0045802964270145715 -0.060002928519683335 0.0067802595291677602 -0.24286815126146075 0.077646079061161749 -0.042397428263509562 0.060363453676119477 -0.1165496056482638 -0.37304244132767378 0.021424777029841646 0.048868707982597848 0.00090416776431164847 -0.045524212738341979 0.033704198827346432 0.075803479332265 0.064716111671201559 -0.33016366137062975 0.041045669816747607 -0.046064663232271486 -0.10064600554407913 0.042952362898054784 -0.54836758042850153 -0.0036236274467991913 0.018805797620899699 0.065304977508602327 -0.080515095757223085 -0.30273080462895186 -0.013869265797687338 -0.1552284789993704 0.086785215091474938 0.5111883861632357 0.031818403532818562 0.14092074707776489 0.054732171449939873 0.041910137046397525 -0.33763401976936491 -0.26211285041760141 -0.037490821091706351 -0.073735475778331713 -0.68464119153279912 -0.065057031015922584 0.092475785831127311 0.077277096135932435 -0.50065659889051906 -0.0082570046487598289 -0.05420279516821714
leaf_weight=30.076460718177259 670.83543095708592 73.892173601750983 13.617014114017364 175.37715946257231 2.6066289996961123 257.01589053601492 96.592356047622161 14.027021101559514 53.668578299228102 27.099268592137378 123.2046616350126 15.270362156268673 85.453752534900559 102.50564855293487 3.210589105525286 51.902676192636136 1279.1338597241847 16.35139638275723 64.611823239829391 0.73905713576823373 6.0761703390162438 15.862557293847201 39.701059577870183 5.0190015181433401 0.37482359469868143 262.30326706683263 62.189424093929119 216.18813777924515 77.99322010204196 55.890616992954165 9.9250606326386315 2.0993243869452254 2.6158600468770592 48.666264344734373 18.645209934999006 7.0987208615988511 29.007772715529427 0.62693876959383432 3.8064986763056368 10.669374115910612 23.840333789325086 21.435273497598246 1.3783360915258516 152.63018113514408 1.594805419212207 4.9901270291302344 0.92432184456265343 3.8006007391959429 4.0063092620112002 29.565351557917893 36.673645475879312 2.5240302830934507 1.9843637710437176 15.746863648993893 0.48065969720482804 0.62431867490522563 4.0575075914384797 3.1151192076504222 136.4787177426042 1.0029384931549428 0.84328223345801223 3.7233799630776048
leaf_count=10207 22481 12121 1045 7716 25 800323 2321 665 66307 1645 33490 450 9730 14744 560 6644 119380 29946 977 17 218 248 9293 378 23 8252 1460 4528 2499 2149 670 68 54 746 459 121 2722 29 388 429 292 223 14 2060 55 131 41 23 105 959 454 17 28 779 7 38 88 115 40506 18 27 52
internal_value=-0.000909464 -0.0504001 0.00363862 0.0158853 0.043957 -0.0666478 -0.00208752 -0.00166712 -0.00293718 -0.0403041 -0.00203716 0.00561174 -0.000741612 0.00724222 -0.00474208 -0.0559629 -0.00298999 0.00128887 0.00210403 -0.0363226 0.0428889 0.00526055 0.0246689 0.0168133 0.0296967 0.0177853 -0.00168488 0.0116194 -0.00155857 -0.0150287 -0.0394582 -0.0519297 -0.141339 0.00522331 0.0336867 0.00658842 -0.0191042 0.0182899 -0.100385 -0.00138479 0.00328738 -0.0475077 -0.0017572 -0.0164545 -0.266166 -0.0180161 0.054977 0.132628 0.210333 0.0145174 0.00366097 -0.0155959 -0.191228 -0.0738061 -0.143513 -0.4189 -0.0796196 -0.0402241 0.0744797 -0.130944 -0.275748 -0.126485
internal_weight=4483.37 377.336 4106.04 1308.18 359.183 287.092 2797.85 2784.23 2687.64 63.2119 2624.43 36.1126 2501.23 834.933 1666.29 55.1133 1611.18 90.2436 732.427 20.8422 6.81523 949.001 220.097 180.396 85.8286 278.166 1557.51 278.378 646.598 216.53 101.652 91.7273 10.6189 430.069 81.0328 114.877 58.9866 35.036 6.02824 349.036 316.931 32.1046 293.091 154.009 2.22174 23.6353 57.3975 8.73123 4.93063 139.083 109.517 72.8436 8.23177 23.9506 8.2037 1.10498 8.00305 81.1083 139.085 5.90373 1.84622 5.70774
internal_count=1221560 852597 368963 88899 57918 810530 280064 279019 276698 2995 273703 1350 240213 41334 198879 7204 191675 42067 26590 900 235 30981 17387 8094 9753 8500 125368 5988 16837 9827 3539 2869 255 7010 1505 6288 4139 3194 472 5505 4853 652 4561 2074 84 590 915 169 146 2487 1528 1074 97 945 166 45 201 2614 40531 133 45 80
is_linear=0
shrinkage=0.08


Tree=75
num_leaves=63
num_cat=0
split_feature=16 9 14 11 7 11 1 1 3 14 4 15 8 2 9 15 16 1 14 16 8 10 1 3 2 7 1 1 10 2 9 7 7 2 3 4 5 2 4 1 3 15 14 16 1 1 11 7 1 2 10 4 7 7 7 9 8 7 9 1 4 1
split_gain=140.933 47.9262 41.6071 35.8073 21.2988 20.2295 45.9416 15.2673 25.5925 13.2012 11.4457 17.2436 11.8601 10.9131 10.8549 10.7346 13.7879 10.5427 20.1994 13.2458 9.77734 14.349 11.7859 18.2927 9.81709 9.64108 9.62737 9.38202 10.8986 9.19306 9.16416 224.771 9.06516 8.52843 12.0849 14.3657 11.5487 18.5239 9.10029 8.27049 11.3702 10.1458 9.24805 8.61341 8.18559 7.8857 7.83611 11.9677 16.9348 7.77087 7.73026 9.02177 9.55346 7.56887 7.55557 7.54223 8.78549 7.50106 7.4932 7.42403 7.34952 14.9901
threshold=0.53273066878318798 0.53863716125488292 18.174837112426761 0.6904762089252473 0.21896404027938846 0.64583334326744091 0.88047617673873912 0.79743590950965892 0.26158231496810919 0.27643372118473059 0.043015725910663612 26.500000000000004 0.97789987921714794 0.96051946282386791 0.50568255782127391 17.500000000000004 0.64620620012283336 0.11189358308911325 0.60169959068298351 0.62970840930938732 0.85783973336219799 0.62019231915473949 0.92893216013908397 0.99438202381134044 0.87570226192474376 0.96441236138343822 0.10762548446655275 0.10762548446655275 0.39565217494964605 0.95538970828056347 0.54067841172218334 0.59381821751594555 0.48429276049137121 0.90501254796981823 0.99438202381134044 0.89039039611816417 0.77500000596046459 0.76631206274032604 0.77015754580497753 0.10762548446655275 0.10596491396427156 8.5000000000000018 4.9062407016754159 0.40325899422168737 0.92718276381492626 0.15047170221805575 0.31666667759418493 0.29797463119030004 0.81892696022987377 0.81120249629020702 0.22474747896194461 0.69028213620185863 0.41394501924514776 0.69885995984077465 0.37527292966842657 0.60981079936027538 0.47035388648509985 0.68505835533142101 0.52280154824256908 0.91545844078063976 0.082482993602752699 0.11852502077817918
decision_type=2 2 2 2 2 2 2 2 2 2 2 2 2 2 2 2 2 2 2 2 2 2 2 2 2 2 2 2 2 2 2 2 2 2 2 2 2 2 2 2 2 2 2 2 2 2 2 2 2 2 2 2 2 2 2 2 2 2 2 2 2 2
left_child=1 4 5 13 44 9 26 8 30 -2 11 27 15 20 54 17 46 18 19 -12 -4 24 23 -23 59 45 -7 28 -11 -18 31 -3 -15 34 50 36 37 -36 -39 -32 53 57 43 -43 58 -13 -17 48 -48 -24 -28 -52 -53 60 -8 56 -9 -42 -1 -22 -41 -62
right_child=2 7 3 -5 -6 6 14 55 -10 10 12 25 -14 32 -16 16 29 -19 -20 -21 21 22 49 -25 -26 -27 33 -29 -30 -31 39 -33 -34 -35 35 -37 -38 38 -40 40 41 42 -44 -45 -46 -47 47 -49 -50 -51 51 52 -54 -55 -56 -57 -58 -59 -60 -61 61 -63
leaf_value=-0.027693678135909745 -0.046431124992666432 -0.080033788400436109 0.021780635800255688 0.080856983444050443 -0.077779365716543994 0.055273980896272265 0.040353895662809829 0.58491361115549112 -0.078178777402167624 -0.11666456756270789 0.67634325260291306 0.10535983225480568 0.04219291354888572 0.0098483774157410477 0.068457106676141008 -0.049203287240791066 -0.0088590392831222903 0.00036864861222274864 0.03516767856576361 0.12002616893736512 -0.17718190432832623 0.020453127646461278 -0.038851782658520066 -0.16680504854022193 -0.10999500221742502 -0.35016818773954994 0.049481989006855083 -0.069858673322369641 0.010639979397846552 0.043695084201027384 0.078838622471142886 9.4427773966772168 0.0783330667761927 0.069551687672145618 0.023851455495200111 -0.63406664837708548 0.081064677474617694 -0.65155288090304697 -0.22750424661434032 -0.070432310283382621 0.073384905962107561 0.14991060941617618 0.65121983654140747 -0.02028203599640228 0.086281388365344436 -0.037672821320517004 -0.080572849459960308 0.010232948462678719 2.3055933768001893 0.060019685277433378 -0.00099664970870462499 -0.25909126773828095 0.048534768130973793 0.57245850948962218 -0.15297009776842724 0.0085188335393985466 0.17274929910111272 -0.13486205875738505 0.63165245545544668 0.021841418760428031 1.4928538006402445 0.081845045248181522
leaf_weight=24.591307518130641 42.031317768851295 0.28416681868838978 112.29195818456355 72.663236310472712 214.18563477319549 23.563296731736045 2.7616164971259414 0.46804178031743449 27.246645190403797 5.2027761187055175 0.52238205005415028 9.1536323680484148 41.205239073606208 21.478512666712049 97.342146973358467 81.504927030066028 279.31609853944974 2385.8622978400381 29.264433988428209 0.57588180433958769 1.3946158885955835 8.9250898943282646 6.4857257814146605 5.3340461282059541 13.920970265287904 0.36521647498011667 22.03251569281565 42.019184043747373 24.912235837662593 23.06107859039912 9.7043343150871788 0.016801079007564113 29.169155299197882 12.18226931709796 1.3090233618859195 0.33207072364166368 1.6125557450577614 0.54359812941402175 0.80139120202511549 17.3322797404253 20.036676395393446 2.018270491360453 0.13565816357731719 33.366220601834357 5.1340048753190777 3.3769825946947103 0.041556332027538612 13.83710793906357 0.035124046495184302 23.599427330773324 589.9634459548397 0.65947063779458304 31.847595571132842 0.12251804326660831 2.4343051125761122 0.946801705402322 1.1302691477467304 1.1717301753815252 0.11080846539698441 8.575215701479463 0.050848483981097981 0.9203912278462667
leaf_count=9944 14888 782 3612 27285 739646 784 36 15 70841 255 33 345 1462 1222 28014 87439 19525 141732 472 9 6 125 395 44 334 9 3072 1917 334 1121 1107 13 7239 2772 116 16 233 35 30 4510 2548 315 3 21979 247 508 34 3631 9 1573 13170 36 4815 26 44 17 68 43 4 232 24 465
internal_value=-0.000841883 -0.0488955 0.00339278 0.0318715 -0.0689581 0.00109738 0.0125028 -0.006306 -0.010693 -0.00191388 -0.00127751 -0.0302011 -0.000416147 0.0164743 0.0624434 -0.00104006 -0.0132176 0.000964785 0.0478084 0.384635 0.00726758 -0.016616 0.0103113 -0.0495963 -0.0665965 0.0550036 0.0050255 -0.0454336 -0.0113536 -0.00485095 0.0108988 0.451563 0.0492903 0.00323501 0.00199039 -0.127236 -0.0877894 -0.190384 -0.39889 0.00933591 0.000361376 0.0180956 -0.00804702 -0.0105745 -0.00563285 0.0668127 -0.039731 0.0157562 1.01243 0.0387051 0.00291244 0.0012641 0.042294 -0.0542372 -0.050219 0.187451 0.293446 0.0618796 -0.024736 -0.00599868 -0.0584321 0.155717
internal_weight=4432.48 358.973 4073.51 303.838 244.022 3769.67 787.385 114.952 112.407 2982.29 2940.26 85.03 2855.23 231.175 102.538 2814.02 397.796 2416.22 30.3627 1.09826 180.527 68.2351 44.3443 14.2591 23.8908 12.8958 684.847 72.1342 30.115 302.377 85.1599 0.300968 50.6477 661.284 649.102 4.59864 4.26657 2.65401 1.34499 84.8589 75.1546 56.7286 35.5201 35.3845 29.8361 12.5306 95.4187 13.9138 0.0766804 30.0852 644.503 622.471 32.5071 18.426 5.19592 2.54511 1.59831 21.2084 24.7021 9.96983 18.3035 0.97124
internal_count=1221560 852597 368963 42067 749841 326896 53173 102756 102656 273723 258835 3368 255467 14782 28094 254005 111759 142246 514 42 6321 2709 2137 169 572 862 25079 2506 589 20646 31815 795 8461 24295 21523 430 414 181 65 31020 29913 24888 22297 22294 10195 853 91113 3674 43 1968 21093 18021 4851 5025 80 100 83 2591 9948 238 4999 489
is_linear=0
shrinkage=0.08


Tree=76
num_leaves=63
num_cat=0
split_feature=16 10 14 11 7 11 1 3 1 14 6 1 8 14 8 15 1 10 14 4 5 5 10 3 16 3 1 14 7 4 14 10 16 14 14 4 4 8 10 14 4 1 1 11 3 15 11 3 4 3 3 1 14 10 15 10 16 16 5 4 5 4
split_gain=138.961 41.6818 36.7454 34.5899 19.1106 17.5234 42.0224 12.2757 16.3023 11.2375 10.9546 9.44327 8.59087 8.53637 11.6401 12.0892 9.0487 8.46388 9.76053 7.80703 14.6386 12.7079 10.5027 9.95519 9.45551 7.94862 9.39695 9.79878 9.28839 8.79578 7.72921 7.56074 7.5022 7.26533 7.99531 7.08782 20.0625 10.266 11.5363 7.06676 7.95662 8.26588 6.97254 6.98438 73.3145 109.356 6.93572 16.8898 9.10582 13.8304 6.87085 6.86243 6.61593 7.63387 18.1666 6.44262 6.42853 6.42404 15.1703 26.5722 17.9217 24.4275
threshold=0.53273066878318798 0.17519181966781619 18.174837112426761 0.6904762089252473 0.21896404027938846 0.81666666269302379 0.88273492455482494 0.2362911254167557 0.85053193569183361 0.48390753567218786 0.82426470518112194 0.13446328043937686 0.99779736995697033 1.0505385398864748 0.88078150153160106 27.500000000000004 0.12732185423374179 0.90454545617103588 4.9062407016754159 0.53694942593574535 0.10555555671453477 0.26785714924335485 0.30602006614208227 0.57712131738662731 0.78905326128005993 0.32305502891540533 0.49675324559211737 1.7143998742103579 0.66237902641296398 0.093386627733707442 4.5504581928253183 0.15192308276891711 0.56867393851280224 0.96790164709091198 0.94986173510551464 0.34066730737686163 0.3483316451311112 0.94555336236953746 0.71825397014617931 3.0497906208038335 0.44590643048286444 0.54415586590766918 0.15047170221805575 0.43650794029235845 0.75905716419219982 9.5000000000000018 0.58571431040763866 0.78456193208694469 0.84889996051788341 0.96051946282386791 0.0745370388031006 0.69282051920890819 1.9272221922874453 0.22474747896194461 2.5000000000000004 0.43874999880790716 0.63740643858909618 0.9492306411266328 0.6904762089252473 0.83438816666603099 0.84523808956146251 0.89725545048713695
decision_type=2 2 2 2 2 2 2 2 2 2 2 2 2 2 2 2 2 2 2 2 2 2 2 2 2 2 2 2 2 2 2 2 2 2 2 2 2 2 2 2 2 2 2 2 2 2 2 2 2 2 2 2 2 2 2 2 2 2 2 2 2 2
left_child=1 4 5 -4 39 9 13 52 -9 10 -2 50 17 14 16 -16 -7 32 -19 22 -21 24 -15 -23 30 26 27 28 -24 -27 -22 -8 42 34 -18 -29 -37 38 -38 -1 41 -41 -11 -44 -45 -46 -20 -48 -49 -50 -6 56 -3 54 -54 -30 -25 58 59 -34 -60 -62
right_child=2 7 3 -5 11 6 31 8 -10 12 -12 -13 -14 19 15 -17 33 18 46 20 21 23 25 51 -26 29 -28 35 55 -31 -32 -33 57 -35 -36 36 37 -39 -40 40 -42 -43 43 44 45 -47 47 48 49 -51 -52 -53 53 -55 -56 -57 -58 -59 60 -61 61 -63
leaf_value=-0.036560004605034578 -0.032825837541853614 -0.007906036005631327 0.015475149997989797 0.080834174915615661 -0.12692306432441436 0.033590649360004568 -0.015121052679822824 -0.079357666783989908 0.16573398960722929 0.013156432148322413 0.084789868747832411 -0.078206867778516917 0.062267164158048262 0.051664123573896603 0.053424601483320025 -0.18922530145419963 -0.049144220344464314 -0.0006610145244413788 -0.050967360940059568 0.10449141318553556 -0.13847139653863066 -0.40839656683333608 -0.015847768100731279 0.37942303827387691 0.081120764991146899 0.079300404390407267 0.063031561297925073 0.0021307353217451613 0.1450867037439201 -0.019734214261189695 -0.55482539523374597 0.070913907149247141 -0.00056125308680684866 -0.14301097307110641 0.14203527111771666 -0.24120070350857209 0.06063558533580625 0.11876796992614269 -0.15440075557704486 -0.081120694738813573 0.016576026390703848 0.32774550328386987 -0.048788912564203264 0.0041935632993851373 4.9995236760344692 -0.080147750987041452 -0.029086019076210501 -0.2578947060409037 -1.2559708836099797 -0.29784092065731044 0.038829940535447187 0.017190964919940065 0.98837485761645683 0.018574583137766842 0.095351783423055905 0.047786297394683867 0.081359994730119858 0.0087184154307270029 -0.05216001397718717 0.033903303557418434 0.038601970221126096 -0.012727197704170568
leaf_weight=18.844310234300796 102.26401260099374 40.701367924542865 227.66766295075649 67.094792851246893 2.0372373923019023 9.1214696969836933 7.1091544083028557 19.040514028427427 1.9112320985586837 22.230412309669191 5.3323886124999254 212.6115608032851 13.813151585403828 28.731744271033676 16.883446425665174 1.4249781628604967 39.000088459666586 33.821754694101401 26.467599427793179 14.682653240073703 3.3054038078116714 0.33438637814833683 13.06024567861459 0.49797426833538239 1.2459048884920774 6.0232615973800412 19.054362945928006 240.97030862074462 5.2939776587008991 121.8672068445594 0.31232038093730796 81.26114799833158 1457.6866941799817 5.1681726174138012 1.4521437809453335 2.9701061908854163 2.8513859316008148 3.0222021155059338 3.6286573708057404 0.44201616226928209 9.5957345968927239 1.113976589462254 50.895899891038425 5.0591663386148857 0.047245234571164363 0.063686863286420703 1.7590062888339155 0.70084382942877688 0.17939970130100846 0.20845436491072178 7.4667818449379411 41.600011035450734 0.14889949708595196 21.674074434413342 6.9815089292242192 24.561667018570006 6.612763341749087 485.1882743826136 62.635829041188117 158.76715589460218 66.390887731977273 558.54578006255906
leaf_count=8980 33140 14556 14782 27285 2779 95 348 51109 60 1577 293 761668 623 2956 403 33 1932 643 685 1403 217 26 209 28 133 42 308 4570 72 2439 13 26459 106259 291 61 30 39 22 19 122 1039 64 73696 1906 39 90 47 30 18 24 9104 7485 16 1593 1507 400 884 7292 1322 5668 1909 40718
internal_value=-0.00098535 -0.0499098 0.00315408 0.0303524 -0.0666251 0.00101854 0.0124147 -0.00332295 -0.0570002 -0.00160285 -0.0269969 -0.0747193 -0.000674905 0.00498742 -0.0206807 0.0345387 -0.0391489 -0.000971573 -0.0299452 0.00845573 0.0336752 0.0143877 0.00479109 0.0266191 -0.108955 0.00175312 0.00857437 0.00507305 0.0404237 -0.01507 -0.174415 0.0639926 -0.000333629 -0.0536926 -0.0422813 -0.000912944 -0.0597179 -0.00299205 -0.0597792 -0.00668904 0.0437872 0.211597 -0.0247568 -0.0397895 0.0488028 2.08325 -0.0637311 -0.182362 -0.43001 -0.741019 0.0032999 0.0296054 0.0128575 0.0421967 0.114 0.0650395 0.102234 0.000351957 -0.00140988 0.00282384 -0.0113631 -0.00727418
internal_weight=4391.44 342.569 4048.87 294.762 252.112 3754.1 702.047 90.4576 20.9517 3052.06 107.596 222.116 2944.46 613.677 73.0503 18.3084 54.7419 2930.65 63.1371 540.627 68.5914 53.9088 472.035 49.0451 4.86363 443.303 315.413 296.359 42.9159 127.89 3.61772 88.3703 2867.51 45.6204 40.4522 253.443 12.4724 9.50225 6.48004 29.996 11.1517 1.55599 78.2964 56.066 5.1701 0.110932 29.3153 2.8477 1.0887 0.387854 9.50402 48.7107 69.5059 28.8045 7.13041 29.8556 7.11074 2789.21 2304.03 1616.45 687.572 624.937
internal_count=1221560 852597 368963 42067 783756 326896 50917 68841 51169 275979 33433 773551 242546 24110 2815 436 2379 241923 1447 21295 10189 8786 11106 8423 363 8150 5669 5361 681 2481 230 26807 240476 2284 1993 4680 110 80 58 10205 1225 186 77308 75731 2035 129 804 119 72 42 11883 8397 17672 3116 1523 472 912 163168 155876 111927 43949 42627
is_linear=0
shrinkage=0.08


Tree=77
num_leaves=63
num_cat=0
split_feature=16 9 15 11 3 7 7 2 1 3 14 16 0 1 7 0 1 14 6 2 16 14 7 14 10 10 10 0 9 14 1 10 9 7 7 9 1 1 16 14 16 1 0 1 9 7 14 9 7 1 3 2 2 15 10 11 3 7 6 16 14 14
split_gain=124.086 48.0368 33.362 46.7908 23.6453 21.8286 16.826 14.3776 14.9019 13.9664 13.7853 19.4822 11.7414 16.2455 11.4443 9.70514 22.7595 9.58248 17.9822 12.007 10.0421 12.0458 10.1235 8.69523 8.48873 15.156 8.3663 9.22398 8.28633 7.8729 10.2329 9.50343 11.0863 9.32546 9.84234 9.86915 11.448 9.9014 9.82852 8.75828 15.1786 12.9031 13.784 12.2157 12.0802 11.6269 10.9471 25.7661 10.2218 8.40234 8.21345 8.46799 9.59318 8.40234 8.15716 8.13661 8.09542 8.03898 8.01149 12.6487 8.83438 7.79488
threshold=0.53273066878318798 0.55585265159606945 3.5000000000000004 0.81666666269302379 0.80217391252517711 0.21896404027938846 0.59381821751594555 0.053342817351222045 0.11189358308911325 0.26158231496810919 1.132088363170624 0.65066003799438488 0.23606811463832858 0.79743590950965892 0.88322511315345775 0.092665474861860289 0.15504807978868487 14.998265266418459 0.94201681017875682 0.91734972596168529 0.69871267676353466 15.2471981048584 0.91442927718162548 0.23812212049961093 0.59411767125129711 0.57518798112869274 0.24068965017795566 0.61257407069206249 0.91689687967300426 6.2380828857421884 0.26794873178005224 0.37797619402408605 0.88029849529266369 0.45754045248031622 0.81337305903434765 0.9976744055747987 0.22431866079568866 0.85053193569183361 0.63340875506401073 2.5320934057235722 0.69871267676353466 0.31311275064945226 0.30068494379520422 0.41897973418235784 0.80106952786445629 0.85779517889022838 2.7587051391601567 0.81145748496055614 0.73353058099746715 0.94804319739341747 0.90070420503616344 0.65030118823051464 0.42588071525096899 27.500000000000004 0.60555556416511547 0.41428571939468389 0.87585616111755382 0.57864829897880565 0.55217784643173229 0.69871267676353466 2.4243661165237431 2.6670846939086919
decision_type=2 2 2 2 2 2 2 2 2 2 2 2 2 2 2 2 2 2 2 2 2 2 2 2 2 2 2 2 2 2 2 2 2 2 2 2 2 2 2 2 2 2 2 2 2 2 2 2 2 2 2 2 2 2 2 2 2 2 2 2 2 2
left_child=1 5 3 -2 -5 -1 -7 -4 24 -8 11 -10 -3 -14 23 16 -12 18 19 29 21 -19 28 -13 25 -9 27 -23 -22 31 -31 32 39 49 35 37 -37 38 -35 44 41 55 43 46 58 56 47 48 -43 -33 51 52 -40 -53 -36 -41 -42 -57 -17 -60 -61 -51
right_child=2 12 7 4 -6 6 9 8 10 -11 15 14 13 -15 -16 17 -18 20 -20 -21 22 26 -24 -25 -26 -27 -28 -29 -30 30 -32 33 -34 34 54 36 -38 -39 50 40 45 42 -44 -45 -46 -47 -48 -49 -50 61 -52 53 -54 -55 -56 57 -58 -59 59 60 -62 -63
leaf_value=-0.0050356096394887371 0.0064449246448787471 0.01159998139822593 -0.086004093299448817 0.019567404689218588 0.071501801736291712 -0.07647391570618671 -0.40149752317267889 0.016293445905914392 -0.047209187577878974 0.028653874246700232 0.0096018244293423136 -0.063660821999673115 -0.074281499644256996 0.14145926041209916 0.035692453123379181 -0.018546174523958181 -0.099973570101346318 -0.071586939615338768 0.08581117283472782 0.040274732180355502 -0.0051741881589949124 0.11333326709654688 -0.094172739299601946 -0.008149962704836481 0.056436406024165484 -0.21824215547402495 0.20164127314762526 -0.028545348553260519 0.063387644804015708 0.060928642492306111 0.0081660646832700558 0.055955700530279248 0.048653877039519705 0.013261314516140283 0.018795516927389309 0.070016342118198016 -0.0089313299699876562 0.01599745223516735 -0.02231619505578521 0.028633986930102769 0.021798070274400932 -0.081423832971065355 0.047681625624789253 0.32817768505353173 0.032148071264498063 -0.18583781632214844 0.048670139391644059 0.95849135754970938 0.87013842002195663 -0.26552620227783363 -0.11083288268092577 0.0014827149724357001 -0.056921102370004861 0.18602921399745231 -0.0054361771790989626 -0.1533652103120545 -0.017221689992171264 0.0051873346647937401 0.099894006914572286 0.011136425610570337 -0.12134322546091732 0.083801041700550236
leaf_weight=29.278609976783628 1043.2275644104229 78.892152226471808 13.008186461433068 107.47560185319162 117.38761324447114 190.84328878505039 1.8097343387489666 51.036155235895421 98.832590802485356 0.65899070582236152 29.738740197732113 19.407524707377888 21.718306277631203 2.4899228041176675 36.385487526189536 197.34909469768172 20.490292103087995 33.590646855765954 16.784672004345339 52.384001793194329 439.73650846013334 3.3877025992842453 8.0053251252975297 259.99633192848705 41.790329162962735 1.8264880664646614 1.2612643705215294 21.834013685554964 11.578834083862601 29.980335525237024 109.25159401708515 22.902615464234263 39.697111295070499 43.0149814466713 131.72570691572037 18.005680990405381 33.862970593618229 47.436066633672453 224.75644170487067 12.895653342595326 71.372972463490441 0.51693905537831497 56.248568773735315 2.077607869025087 47.854531555960421 2.1147249138448379 4.4837959693104494 0.30086750886403024 0.08398779621347785 1.0368402702733863 7.3757256518583736 38.204035200353246 66.422462898946833 1.6470210760598991 273.53972896805499 4.0548875930253399 65.037577158771455 4.1322722036857158 9.756632978707783 26.897764369379733 3.6598260635510078 0.67492836224846531
leaf_count=10198 40289 20002 1045 3670 44940 763111 230 1087 85858 908 754 1862 58085 63 932 68240 916 27768 2195 5963 7475 154 593 16371 1220 14 20 7889 1133 750 4151 783 831 2906 3131 328 953 1767 7008 430 882 203 8060 240 2034 32 465 11 8 22 96 876 2895 40 7731 63 840 47 662 262 33 35
internal_value=-0.00100211 -0.0484987 0.00283875 0.0135794 0.0466792 -0.0694085 -0.0791583 -0.00209708 -0.00169966 -0.286675 -0.00281299 -0.0162113 -0.00335497 -0.0520916 -0.00650995 -0.000329828 -0.0350981 0.000468721 0.00342416 0.00258646 -0.00901985 -0.0397787 -0.00499696 -0.0120058 0.0294912 0.00818987 0.000566508 -0.00948865 -0.00341518 0.00135128 0.0195273 -0.000383076 0.00793542 -0.00539401 -0.00674341 -0.0144853 0.0184746 -0.0184716 -0.0227585 0.00475875 0.0166264 0.0432841 0.0612358 0.163391 -0.00452357 0.000308537 0.0998211 0.354148 0.0515701 0.0431773 -0.027337 -0.0254766 -0.0302101 0.00910991 0.00243999 -0.0109658 0.0031943 -0.0733396 -0.0119076 0.0205902 -0.00473042 -0.127791
internal_weight=4353.23 325.691 4027.54 1268.09 224.863 222.591 193.312 2759.45 2746.44 2.46873 2651.79 414.622 103.1 24.2082 315.789 2237.16 50.229 2186.93 1667.54 1650.76 519.394 60.0736 459.321 279.404 94.653 52.8626 26.483 25.2217 451.315 1598.37 139.232 1459.14 548.535 910.605 885.991 480.725 51.8687 428.857 381.421 508.838 223.32 84.7946 63.7118 7.4632 285.518 138.525 5.38559 0.901794 0.600927 24.6144 338.406 331.03 291.179 39.8511 405.265 21.0828 136.411 8.18716 237.663 40.3142 30.5576 1.71177
internal_count=1221560 852597 368963 88899 48610 774447 764249 280064 279019 1138 276698 105023 78150 58148 19165 171675 1670 170005 124973 122778 45032 35831 9201 18233 2321 1101 8063 8043 8608 116815 4901 111914 83343 28571 27731 16869 1281 15588 13821 82512 11281 9527 8987 927 71231 1754 687 222 211 840 10915 10819 9903 916 10862 540 1722 110 69197 957 295 57
is_linear=0
shrinkage=0.08


Tree=78
num_leaves=63
num_cat=0
split_feature=16 9 14 11 7 8 2 14 9 3 7 1 10 16 6 1 0 1 9 9 2 4 7 14 6 11 0 7 14 0 8 2 10 2 0 1 7 9 16 11 0 11 8 9 8 14 1 3 1 4 4 4 10 14 1 7 14 3 4 14 10 16
split_gain=110.42 45.2917 30.1923 47.9775 21.3689 13.5646 21.8388 19.9671 15.0321 13.5807 13.9845 20.6503 27.1371 12.4487 11.0541 13.6248 10.5801 14.453 10.4392 10.4119 10.2855 10.1073 9.78143 9.5553 12.3108 9.17072 11.2383 9.45251 28.4426 38.6534 9.12682 17.9253 9.75996 9.10488 12.7945 8.85864 8.81483 25.9822 17.2257 13.5983 11.926 9.99563 8.87279 9.60086 10.646 9.32928 10.8419 9.21403 17.9447 8.7081 13.6513 16.3103 15.6426 11.6993 11.3791 10.0553 10.9015 8.65997 8.5146 8.40166 10.9576 9.52991
threshold=0.53273066878318798 0.55585265159606945 16.569128990173343 0.43650794029235845 0.21896404027938846 0.73854896426200878 0.99438202381134044 1.132088363170624 0.75887238979339611 0.83457711338996898 0.73353058099746715 0.34330357611179357 0.39565217494964605 0.9492306411266328 0.48331478238105779 0.22431866079568866 0.23606811463832858 0.79743590950965892 0.9976744055747987 0.88029849529266369 0.76631206274032604 0.84292763471603405 0.59381821751594555 15.2471981048584 0.91779279708862316 0.2264957278966904 0.92031747102737438 0.73353058099746715 16.099511146545414 0.86526826024055492 0.97789987921714794 0.49742268025875097 0.97826087474823009 0.81120249629020702 0.81872946023941051 0.83457711338996898 0.29797463119030004 0.45434696972370153 0.78905326128005993 0.31666667759418493 0.52689418196678173 1.0000000180025095e-35 0.55106574296951305 0.51869320869445812 0.4226078093051911 5.3272314071655282 0.82807883620262157 0.91366460919380199 0.81120249629020702 0.46049895882606512 0.97014260292053234 0.8589511811733247 0.43303571641445165 2.1407539844512944 0.94494947791099559 0.66817498207092296 2.0512948036193852 0.26158231496810919 0.043015725910663612 15.2471981048584 0.15587044507265094 0.72948575019836437
decision_type=2 2 2 2 2 2 2 2 2 2 2 2 2 2 2 2 2 2 2 2 2 2 2 2 2 2 2 2 2 2 2 2 2 2 2 2 2 2 2 2 2 2 2 2 2 2 2 2 2 2 2 2 2 2 2 2 2 2 2 2 2 2
left_child=1 4 5 18 -1 7 8 14 9 10 -7 12 -12 23 15 58 -3 -18 33 36 -21 -17 -6 24 -10 26 -25 28 29 -27 31 32 -15 -4 -35 -36 38 -38 -9 41 -40 49 43 44 -41 46 47 -44 -49 53 51 52 55 -39 -52 -51 -57 -24 -2 60 61 -56
right_child=2 16 3 -5 22 6 -8 19 13 -11 11 -13 -14 30 -16 21 17 -19 -20 20 -22 -23 57 25 -26 27 -28 -29 -30 -31 -32 -33 -34 34 35 -37 37 39 40 42 -42 -43 45 -45 -46 -47 -48 48 -50 50 54 -53 -54 -55 59 56 -58 -59 -60 -61 -62 -63
leaf_value=-0.0046527488276363552 -0.076458849273376039 0.010604821304321313 -0.023023982611043683 0.070399979013904559 -0.076107985620160731 0.023153542704999558 0.080746843336230723 0.024533252622799033 0.0020437842640019669 -0.0076358085798343333 0.27330202204917031 0.1404928473375428 1.1249595611774026 -0.29863630448329792 -2.1225910299747084e-05 -0.051338056718715976 -0.073658570915586655 0.13155703658982609 0.082689722282088166 0.01087812361026463 0.07243801227969994 0.092573599869931369 -0.30220819208481492 -0.0035836841288752375 0.065670811555506636 -1.7558231694528679 -0.1419654381593119 -0.087833667114239927 0.082443087119566397 -0.22064365732200864 0.065812787424743474 0.023084264572143173 0.012266495858559122 0.060296582797517595 -0.094293145627346822 0.0075691017387602613 -0.064980905205688874 -0.050047936485817013 -0.10686752020534446 0.13433482013323189 -0.0023190230839739592 -0.059191066670796398 -0.011380456817012352 0.053058987377673991 -0.087375125718567134 0.048941932856882399 0.055903081235160135 -0.058981386079850859 -0.6384380593026302 -0.0010251955196039937 -0.074947228417223247 0.071031392651113121 -0.079150937846264036 -0.0056586805543540879 -0.07711339353337783 0.14822351568785108 0.026578715237815857 0.025764861035124355 0.011450730939042753 0.01158942750644343 -0.090104855098389947 0.042662452450120042
leaf_weight=29.158053215913242 8.2589008478389569 79.370872095008963 60.008861621725373 102.49145453597885 176.98403040622361 4.3347233150852862 24.418647871119902 180.37346964681637 1409.8087207333301 7.2205626845825455 0.86557790561346315 5.2287126459996216 0.3310216071549803 1.7643436542712143 85.498000996580231 135.38444020299357 20.211325531447077 2.4642253048077682 11.483944406034423 135.72336254136462 19.91984933312051 3.1971288618224198 2.1918015168484994 28.440247341059148 19.734200799488463 0.17414867179468174 4.3275097496807566 4.4473244475666434 0.43523770687170327 0.26422500121407211 33.016141660977155 57.545363646931946 1.0196967432275414 30.424033531075111 5.6013390238804268 223.05633971875068 50.156464478408452 67.928107877320144 7.0614946701098225 1.7592812641814797 627.82550007081591 28.364665315573802 119.83105900854571 46.690028152806917 6.5345949363545515 22.970658529491629 15.946844860911368 1.5950730319600546 0.43540241685695935 93.367654063360533 21.991833554347977 26.264026863675099 13.628580613527445 86.249105856666574 6.5321016641100895 6.145215464319338 20.258227796875872 0.67360447911778454 48.226352198136738 47.641234924929449 15.505526635533895 12.176179599249734
leaf_count=10198 966 20002 1039 38874 763111 457 4497 12397 44014 186 43 311 27 36 5790 87981 58085 63 1498 2362 1238 146 230 378 2980 17 97 381 51 32 6651 5631 44 847 47 11003 39687 44775 92 124 4634 4207 5219 3321 1295 1295 1214 88 17 8673 2254 496 213 12137 1991 199 308 908 4621 1525 333 224
internal_value=-0.000938922 -0.0468518 0.00263153 0.0225785 -0.0681822 0.000209656 0.00566904 -0.00424856 0.00450796 0.0772375 0.134192 0.209102 0.508901 0.0036702 -0.0240068 -0.0345197 -0.00316363 -0.0513571 0.00775194 -0.000954523 0.0187568 -0.048018 -0.0784819 0.00186846 0.00292213 -0.0376777 -0.0218592 -0.135092 -0.375672 -0.83051 0.0319982 0.0134926 -0.184763 0.00505496 0.0115586 0.00507382 -0.00296334 -0.00946705 0.00271639 -0.00525987 -0.00348186 -0.0132354 0.0112281 0.0389695 -0.0403464 0.001741 -0.00612671 -0.0142439 -0.183236 -0.0101146 -0.00127898 0.0134059 0.00206049 -0.0252159 -0.0238569 0.0113014 0.0548907 -0.225108 -0.00140283 -0.0101305 -0.0403746 0.000842042
internal_weight=4310.94 311.054 3999.88 433.066 209.007 3566.82 1603.38 1963.44 1578.96 17.9806 10.76 6.42531 1.1966 1560.98 280.565 195.067 102.046 22.6756 330.575 1682.88 155.643 138.582 179.849 1467.63 1429.54 38.0887 32.7678 5.32094 0.873611 0.438374 93.3455 60.3294 2.78404 319.091 259.082 228.658 1527.23 711.972 815.26 661.815 634.887 446.052 215.763 54.9839 8.29388 160.779 137.808 121.862 2.03048 417.688 263.511 159.664 133.4 154.177 103.847 119.771 26.4034 2.86541 56.4853 81.855 34.2138 18.7083
internal_count=1221560 852597 368963 53308 774447 315655 65833 249822 61336 1024 838 381 70 60312 99504 93714 78150 58148 14434 150318 3600 88127 764249 47950 46994 956 475 481 100 49 12362 5711 80 12936 11897 11050 146718 129595 17123 89908 4726 77335 12573 4740 1419 7833 6538 5324 105 73128 16216 9889 9393 56912 6327 9180 507 1138 5587 4073 2548 2215
is_linear=0
shrinkage=0.08


Tree=79
num_leaves=63
num_cat=0
split_feature=16 9 15 9 2 9 9 4 1 16 14 16 0 10 2 0 1 14 16 10 0 14 0 3 2 4 6 14 16 16 16 0 1 2 2 3 14 8 2 8 4 14 1 16 10 6 1 0 15 8 10 0 9 16 0 3 0 8 1 1 2 6
split_gain=98.2094 42.6535 26.6994 20.1673 14.1032 28.8619 10.7348 22.8065 23.2255 13.3939 15.6197 19.5522 22.2161 13.2741 11.1374 9.59935 13.7161 9.55383 14.3435 9.17503 19.5742 19.7351 8.44884 10.8303 8.21901 8.14058 18.9841 15.0851 13.7705 11.1437 12.8789 14.5159 10.2559 12.7688 9.75161 9.47843 8.12767 7.99369 7.92183 7.88028 7.87387 7.807 11.0818 8.29968 7.72268 7.6549 9.676 7.62982 11.2654 11.8734 8.18165 7.73619 8.8933 12.8099 13.1482 11.0131 8.17468 7.57212 7.46357 10.3541 9.71967 18.6772
threshold=0.53273066878318798 0.55585265159606945 2.5000000000000004 0.23670062422752383 0.97467949986457836 0.73717105388641369 0.9976744055747987 0.53907206654548656 0.22431866079568866 0.80528196692466747 4.1410288810729989 0.92721253633499157 0.16767068207263949 0.97826087474823009 0.30699931085109716 0.26120401918888098 0.79743590950965892 0.78948670625686657 0.67612341046333324 0.54772728681564342 0.087595909833908095 0.51747670769691478 0.41223156452178961 0.18350168317556384 0.62988328933715831 0.99350649118423473 0.94201681017875682 4.9062407016754159 0.68302720785141002 0.96017619967460643 0.91595917940139782 0.91734972596168529 0.95488464832305919 0.94804319739341747 0.56980520486831676 0.89512962102890026 4.9062407016754159 0.26430687308311468 0.080540537834167494 0.96794739365577709 0.91010102629661571 16.099511146545414 0.95713412761688244 0.66786572337150585 0.35504202544689184 0.2736185491085053 0.69282051920890819 0.95945203304290783 6.5000000000000009 0.84243628382682811 0.20942982286214831 0.59896907210350048 0.88953116536140453 0.92180705070495617 0.80217391252517711 0.92031747102737438 0.89022758603096019 0.97789987921714794 0.96609193086624157 0.94494947791099559 0.83414238691329967 0.57294833660125744
decision_type=2 2 2 2 2 2 2 2 2 2 2 2 2 2 2 2 2 2 2 2 2 2 2 2 2 2 2 2 2 2 2 2 2 2 2 2 2 2 2 2 2 2 2 2 2 2 2 2 2 2 2 2 2 2 2 2 2 2 2 2 2 2
left_child=1 3 4 24 -2 -6 13 8 44 -10 22 12 -12 17 -14 -3 -17 18 19 -4 21 -21 23 -11 -1 26 27 29 -29 30 31 40 33 39 -31 -34 -15 -7 -20 -27 58 42 -37 -44 -8 46 -26 48 49 -43 -49 -51 53 54 -53 -54 -56 -32 59 60 -19 -62
right_child=2 15 6 -5 5 37 7 -9 9 10 11 -13 14 36 -16 16 -18 25 38 20 -22 -23 -24 -25 45 32 -28 28 -30 34 57 -33 35 -35 -36 41 -38 -39 -40 -41 -42 47 43 -45 -46 -47 -48 50 -50 51 -52 52 55 -55 56 -57 -58 -59 -60 -61 61 -63
leaf_value=-0.025332838663393913 0.010108452181558911 0.0087956118218896866 -0.055082841714244844 -0.077375113545846919 0.0097451010018611249 -0.56740692198696463 -0.070057697846595129 0.061226155961624951 -0.063878049854275365 -0.045630549140834864 -0.34532865163694987 0.03712874375507582 -0.011860904806269376 -0.032464366176415953 -0.11115631104837879 -0.081009187846705105 0.12245740097006487 -0.0037633913922400578 -0.12990492586967345 -0.092687401696303975 -0.0076459642158360434 0.71424484425274037 -0.030452523128192195 0.052924423176826829 -0.080683984935007849 -0.037117154219328791 0.084973664519610359 0.071470294745719781 0.012330002478308722 -0.089023614885093888 -0.04649373280068099 0.051921620263466861 0.11397337289187696 0.022111369017702592 0.058076052071243452 0.15364915089065243 -0.13590011594687021 0.077960509550627624 -0.0011625603189282722 -0.29118151167736578 -0.051389172479791564 0.023683487683877992 -0.050405230484714895 -0.0068847846794319462 0.043330998795163167 0.02824809138809186 0.38013295183461177 0.013692983252115152 -0.10727463371811589 -0.45253584769558536 0.078953472902225263 -0.53172964794334132 -0.37808085656129548 -0.49530886913383498 0.083148934478345246 0.00245448881907961 -0.14274544780505546 0.083589431489987903 0.025318455338212323 -0.072143557608195713 0.047279178643970611 -0.035956819044492619
leaf_weight=22.462549608520934 556.34878971322905 82.294156821400975 67.53680701761914 168.48126498039346 103.60057911684271 0.12305477890185912 4.0489644706249228 53.690976100042462 29.872564575402066 8.5597429377958161 1.8413007706403757 14.3641917463392 15.305712174158545 17.797652932698842 13.700932311592622 16.336751614668177 2.4367105317069209 1305.470969448812 3.1188050284981719 0.31295403861440618 6.2227003975422122 0.51021900796331465 15.735062482533975 42.906851507490501 0.41270496787910704 111.13006946498353 17.68882505359943 27.451804357493529 306.87874809047207 3.1866551220882675 54.404185337480158 32.400394216587301 4.4127327513124319 27.307195766858058 30.393378730863333 2.6713964860246042 6.6892155939713112 67.971863140817732 159.19902146741515 0.7868613968603303 20.544038162974175 60.91386879820493 30.036119214753853 423.05025849526282 76.023075537756085 4.0406010847364087 0.99396898086706642 35.661960290279239 6.0494882203638545 0.29579245019704359 18.763732088729739 0.39045196422375994 0.50322382734156867 0.55305247753858555 1.7884541426319627 14.862933961558156 2.4026530438568443 3.0230163440573952 63.462878249934874 13.619541491760172 61.803262324188836 23.93491069713491
leaf_count=9093 33367 25402 58863 764356 3643 12 40 9218 301 176 33 747 152 256 133 52685 63 140582 177 30 708 19 336 432 168 10899 2243 497 11443 33 2729 2281 153 2193 1013 195 74 25859 7931 8 682 2517 25702 7077 2330 716 114 1186 154 7 4937 29 19 25 130 1246 141 123 2202 622 2233 825
internal_value=-0.000871778 -0.045209 0.00244916 -0.066941 0.016294 0.036337 -0.000658695 0.0144309 0.00313162 -0.0162641 -0.00361123 -0.0399675 -0.0758669 -0.00206252 -0.0587619 -0.00298025 -0.0546001 -0.00157442 -0.0169797 -0.0460198 0.0408517 0.407465 0.0208486 0.0365331 -0.00395413 -0.00022566 0.0024705 0.00172078 0.017186 -0.00148624 -0.00245627 -0.00105234 -0.00736712 -0.0269361 0.0441167 -0.0028441 -0.0607205 0.0767943 -0.00363624 -0.0389034 -0.00220517 -0.00370619 -0.00881198 -0.00976985 0.0375973 0.0842037 0.244934 0.0126598 -0.0019342 0.00586475 0.0361921 -0.046327 -0.040466 -0.131618 -0.0877157 -0.0100076 -0.0463505 -0.039646 -0.001517 -0.00272928 -0.00204974 0.0240428
internal_weight=4268.78 297.459 3971.32 196.391 728.044 171.695 3243.28 276.049 222.358 142.286 112.414 45.2121 30.8479 2967.23 29.0066 101.068 18.7735 2942.74 236.901 74.5827 7.04587 0.823173 67.2017 51.4666 27.9098 2705.84 1964.26 1946.57 334.331 1612.24 1578.66 1521.24 741.58 139.224 33.58 602.356 24.4869 68.0949 162.318 111.917 1488.84 597.943 455.758 453.086 80.072 5.44728 1.40667 142.186 87.7599 81.7104 54.4257 20.7966 20.5008 5.13461 4.58156 15.3662 4.19111 57.4272 1468.29 1404.83 1391.21 85.7382
internal_count=1221560 852597 368963 774447 62881 29514 306082 13898 4680 2310 2009 1065 318 292184 285 78150 52748 291854 67728 59620 757 49 944 608 10091 224126 167508 165265 11940 153325 152279 149427 56618 13100 1046 43518 330 25871 8108 10907 147146 43365 32974 32779 2370 998 282 10391 4268 4114 6123 1597 1590 325 300 1265 271 2852 146464 144262 143640 3058
is_linear=0
shrinkage=0.08


Tree=80
num_leaves=63
num_cat=0
split_feature=16 3 14 11 1 5 11 1 16 2 4 15 3 7 7 7 1 8 2 7 8 1 7 14 14 1 10 2 11 10 2 10 7 16 1 16 16 11 3 7 7 1 11 14 7 2 15 1 10 10 3 15 16 8 3 14 16 14 10 2 11 2
split_gain=87.5738 34.5297 24.4807 30.6166 18.8937 15.3885 12.2064 34.1359 10.7114 10.1735 10.1092 13.5852 9.73203 33.3862 79.139 25.5425 9.91651 8.87874 8.74305 9.01819 8.90657 8.3722 8.36555 8.34013 8.18858 7.99813 7.93549 10.833 13.3093 7.60666 8.37217 58.7934 7.53592 10.5069 7.72496 7.23986 7.43118 7.18137 7.14608 7.004 6.92895 6.89864 8.50394 6.71426 8.98576 8.30811 11.7832 6.65678 8.46713 6.42388 6.07885 8.09476 7.79694 8.03297 18.9565 7.71092 7.68868 12.4087 7.12903 8.82484 5.95126 6.06977
threshold=0.53273066878318798 0.18350168317556384 18.174837112426761 0.6904762089252473 0.84028983116149913 0.26785714924335485 0.64583334326744091 0.88273492455482494 0.56867393851280224 0.080540537834167494 0.043015725910663612 26.500000000000004 0.083920188248157515 0.40792746841907507 0.39479331672191625 0.38899697363376623 0.10762548446655275 0.97789987921714794 0.96051946282386791 0.48429276049137121 0.75058686733245861 0.10762548446655275 0.4793954491615296 16.099511146545414 0.22048695385456088 0.11189358308911325 0.62019231915473949 0.81872946023941051 0.2264957278966904 0.17519181966781619 0.17712418735027316 0.39565217494964605 0.52314186096191417 0.93799206614494335 0.83457711338996898 0.74301329255104076 0.63740643858909618 0.53571429848670971 0.99438202381134044 0.96441236138343822 1.0000000180025095e-35 0.15047170221805575 0.58571431040763866 22.49306678771973 0.84898874163627636 0.69614070653915416 2.5000000000000004 0.10762548446655275 0.61324787139892589 0.15192308276891711 0.10596491396427156 30.500000000000004 0.50988206267356884 0.65229016542434703 0.12276295199990274 1.0505385398864748 0.5047174096107484 0.29648040235042578 0.2709790319204331 0.11189358308911325 0.43650794029235845 0.88273492455482494
decision_type=2 2 2 2 2 2 2 2 2 2 2 2 2 2 2 2 2 2 2 2 2 2 2 2 2 2 2 2 2 2 2 2 2 2 2 2 2 2 2 2 2 2 2 2 2 2 2 2 2 2 2 2 2 2 2 2 2 2 2 2 2 2
left_child=1 9 6 18 40 -6 8 21 41 -1 11 47 13 14 15 -11 -14 24 20 22 35 -8 -20 -7 -12 -26 60 28 -28 -18 50 -32 33 -29 38 36 -4 -27 -34 -13 -3 -2 -43 44 -30 -46 -47 48 -10 -9 -31 52 53 56 -55 -56 -52 -58 -59 -60 61 -22
right_child=2 4 3 -5 5 23 7 49 10 12 17 39 16 -15 -16 -17 29 -19 19 -21 26 -23 -24 -25 25 37 27 32 43 30 31 -33 34 -35 -36 -37 -38 -39 -40 -41 -42 42 -44 -45 45 46 -48 -49 -50 -51 51 -53 -54 54 55 -57 57 58 59 -61 -62 -63
leaf_value=-0.089492503065669415 0.0066055679443265004 -0.023311594975500109 0.10110870054909522 0.080781124211532399 0.17112807624003204 -0.04688787572968723 0.052395181323229373 -0.013760996280733833 -0.050896639236556684 -0.080310485774361062 -0.054314342597628802 0.061735048245672559 0.082798489022737065 -0.081103544621586199 8.9656713007906639 3.0146691551733156 -0.049666790385229857 0.038042563537687736 0.011764053561855108 0.077196374746903787 -0.011182590693817232 0.0020903474856130808 -0.38826063217437579 0.10499873707960687 0.038585740838827126 -0.00055080596400473045 -0.00025251189318658749 -0.48403733677789512 0.088228134902742131 -0.045481363379233954 0.056986804647195008 2.7736222849917578 0.088396991069286029 0.08175276109760464 0.05285338778284359 0.045352760126570697 -0.048024293814287321 -0.066467486941553341 -0.1020346903145657 -0.2562998191702322 -0.075819846385449904 -0.046071034029191847 0.67160170163758726 -0.27300771876771912 -0.52682471745809023 0.085568671055921683 -0.55673575712245171 -0.065367913644084411 0.040823987323818534 0.065604405323725218 0.032080238708651364 -0.09151251426523567 -0.011075412775424461 0.096796213084404864 1.397043357777354 0.49586176766963425 1.3555149350904034 -0.034641299871153844 0.45180404243618216 0.099637997363258179 0.080626874494542186 -0.065444407449581091
leaf_weight=7.7773771702195509 23.333122476848075 17.891345178359188 2.6263418991293284 51.846179473330267 3.2805763489741375 12.809212237349128 21.887278983340366 7.1570940890233024 15.698490578535713 0.050269483006558313 18.100613635295304 11.348762875510143 9.1984898833907192 0.20670560440339614 0.0088439783721696585 0.02583730113110505 18.452870187073131 38.42088648211211 20.345763781864665 24.094697839580476 28.415118638426065 649.60615959569986 0.3401747620664527 2.8238003913138536 33.388843831548002 2660.5387664527225 12.707066005095841 0.42366319731809099 1.1596404018346214 11.251735221652778 0.56550050064106372 0.056037739617750049 1.7976302709430445 0.41663419036194682 35.127516293199733 44.772198085673153 11.510137694887815 10.620050254743544 4.2259290344081819 0.46118630096316415 159.21204240630323 58.87533527740743 0.10585893157985893 1.9380401535890994 0.39016831736080326 0.68032197142019868 0.24995318474248052 38.217644686315907 10.923626743257044 74.140699124225648 17.466675967254567 3.7194140647043232 15.420893584276198 0.8691535023972381 0.10827943542972207 0.13848172768484801 0.055716910690534305 0.9082068200950747 0.74867170106153924 1.1625500575319163 2.9361945586279026 24.629482950549573
leaf_count=9778 1899 6755 154 27285 2201 29427 784 365 302 139 5501 640 1634 212 31 16 42972 1465 1197 7239 538 24657 25 1050 670 173108 362 19 75 2248 353 6 59 39 2055 1582 151 236 26 9 748378 88258 12 80 29 64 10 1467 156 27367 4076 1282 1582 59 21 20 25 233 41 58 450 628
internal_value=-0.000805662 -0.0436947 0.00228539 0.025506 -0.0623987 0.0136038 0.00057438 0.0096576 -0.0017673 -0.00212276 -0.000942073 -0.0296002 0.00632731 0.46761 1.80276 0.970396 0.00464819 -0.000146497 0.0124073 0.0439318 0.00429449 0.00373003 0.00518575 -0.0194525 -0.000685406 -0.000326485 -0.00865403 0.0117873 -0.0418383 -0.00548749 0.0100493 0.301918 0.0336573 -0.203509 0.0385001 0.0295936 -0.0203177 -0.000812879 -0.0452035 0.0493156 -0.0705154 -0.0302162 -0.044783 -0.161444 -0.074264 -0.216968 -0.0870104 -0.043974 -0.0132617 0.0586174 0.00655057 0.0209712 0.0323158 0.0634995 0.272485 0.891303 0.052035 0.173261 0.149898 0.23759 -0.0302404 -0.0363772
internal_weight=4227.67 284.209 3943.46 270.633 196.017 18.9136 3672.82 752.791 2920.03 88.1917 2837.72 76.6497 80.4143 0.291656 0.0849508 0.0761068 80.1227 2761.07 218.787 44.7806 174.006 671.493 20.6859 15.633 2722.65 2704.55 115.097 59.1166 17.1252 70.9242 52.4713 0.621538 41.9914 0.840297 41.1511 58.9087 14.1365 2671.16 6.02356 11.8099 177.103 82.3143 58.9812 4.41812 2.48008 1.32044 0.930275 64.8398 26.6221 81.2978 51.8498 40.598 36.8786 21.4577 1.11591 0.246761 20.3418 2.87515 2.81943 1.91122 55.9808 53.0446
internal_count=1221560 852597 368963 42067 787811 32678 326896 53173 273723 64786 183554 2574 55008 398 186 155 54610 180980 14782 8461 6321 25441 1222 30477 179515 174014 4434 2818 620 52976 10004 359 2198 58 2140 1887 305 173344 85 649 755133 90169 88270 258 178 103 74 1925 458 27732 9645 7397 6115 4533 100 41 4433 357 332 99 1616 1166
is_linear=0
shrinkage=0.08


Tree=81
num_leaves=63
num_cat=0
split_feature=16 9 3 14 11 7 2 11 1 1 9 16 8 2 7 8 9 9 9 1 16 9 3 2 14 8 16 14 10 14 7 3 9 1 8 8 9 11 0 1 6 1 7 8 10 16 2 6 9 10 16 11 16 9 11 7 7 9 14 6 5 0
split_gain=99.1243 43.9449 24.2727 21.6242 29.1867 18.287 12.2721 11.2047 30.395 10.7639 9.83553 8.57994 8.225 7.79978 8.66857 7.64301 9.45048 7.94845 7.55732 7.37586 7.31339 7.65024 10.3503 12.7347 8.72713 18.1104 8.77735 9.33791 8.23197 7.83813 7.31116 7.24066 7.11294 12.2122 10.7862 74.6944 6.94968 12.8163 10.9443 17.248 8.17207 9.81461 6.57965 6.46707 7.68413 8.52538 30.2323 14.2722 8.16083 30.5118 10.8072 9.16268 16.3956 16.5493 15.7373 16.0794 14.3743 11.2309 10.0283 11.6789 12.1897 9.58209
threshold=0.53273066878318798 0.59163263440132152 0.083920188248157515 18.174837112426761 0.6904762089252473 0.21896404027938846 0.053342817351222045 0.81666666269302379 0.88273492455482494 0.10762548446655275 0.48056980967521673 0.56867393851280224 0.31892949342727667 0.96051946282386791 0.48429276049137121 0.75058686733245861 0.68500718474388134 0.9976744055747987 0.67658114433288585 0.10762548446655275 0.85893502831459057 0.95093432068824779 0.091608393937349333 0.19639987498521808 1.0505385398864748 0.88078150153160106 0.74301329255104076 1.951428294181824 0.35504202544689184 3.2529178857803349 0.59026268124580394 0.2237871661782265 0.54067841172218334 0.79743590950965892 0.36398872733116155 0.36175557971000677 0.34804239869117742 0.43650794029235845 0.47901995480060583 0.77448415756225597 0.13397436589002612 0.62397539615631115 0.34927566349506384 0.99779736995697033 0.86190477013587963 0.98229035735130321 0.71516755223274242 0.63245612382888805 0.90954548120498668 0.52506268024444591 0.96497362852096569 0.31666667759418493 0.5785643756389619 0.40087336301803594 1.0000000180025095e-35 0.38814750313758856 0.30025906860828405 0.81145748496055614 1.3334101438522341 0.10923295468091966 0.095454547554254546 0.38924963772296911
decision_type=2 2 2 2 2 2 2 2 2 2 2 2 2 2 2 2 2 2 2 2 2 2 2 2 2 2 2 2 2 2 2 2 2 2 2 2 2 2 2 2 2 2 2 2 2 2 2 2 2 2 2 2 2 2 2 2 2 2 2 2 2 2
left_child=1 2 -1 6 13 -4 -2 11 9 -9 12 31 -10 15 -15 16 18 -17 -5 -3 21 24 -23 28 25 -11 42 -28 -24 -25 -31 -8 -7 34 35 -34 37 38 39 40 41 -33 -26 44 48 -46 -47 -48 51 -50 -51 54 53 -53 58 -56 -55 -58 59 -13 61 -61
right_child=3 19 5 4 -6 32 7 8 10 20 -12 43 -14 14 -16 17 -18 -19 -20 -21 -22 22 23 29 26 -27 27 -29 -30 30 -32 36 33 -35 -36 -37 -38 -39 -40 -41 -42 -43 -44 -45 45 46 47 -49 49 50 -52 52 -54 56 55 -57 57 -59 -60 60 -62 -63
leaf_value=-0.19425753011891167 -0.074521000535568524 0.066123314234245681 -0.0027031574180614755 0.0054265527401854332 0.080756788294651202 -0.078824048043039524 -0.0010999456569859621 0.071748187420662857 0.11798642793814278 -0.045162129687466648 0.067436805341010098 -0.04264886856671285 -0.12489627070811379 0.0048729470974891486 0.076681974522764693 -0.01320910895044769 0.063156073977354205 0.072260318974258969 -0.21264793392637621 -0.0080662556588245986 0.018245628583790294 -0.16878294084281265 -0.16223567829386151 -0.0058141218456841783 0.13671983135398899 0.12397555842528581 -0.061470367771163596 0.0026070250690273778 0.023587049429052796 -0.16286321765645345 -0.046890052372633585 -0.081865994444176096 -0.08003420684862915 0.23325133837282411 -0.046706629220357732 6.8286703721009712 -0.066823588375132373 0.59528606486793778 -0.025961185073357949 1.9472355732956836 -0.080222487605490417 0.93530839145612632 0.018872540025300016 0.058000872347501245 -0.017430932300974439 -0.72029594797166097 -0.30609375872909361 0.05138917997074928 0.039189206133013056 -0.0052396482676140043 0.058059196134628628 0.98198171303478765 0.0084957764857755101 1.4512598759733673 0.07287218951304307 -0.063661563871424257 0.03917980157827388 0.31544378092809405 -0.00064183704101167607 0.36175717952312963 -0.011592435986076859 0.055118293709525333
leaf_weight=9.335480851637838 13.890335067640988 9.6551133940229175 28.160826074687066 29.88869108303334 47.873902552295476 138.17563666496426 37.194081150999409 14.770639854483305 1.2447913512587536 40.458186890537036 66.373452468891628 81.608142509678146 3.1513803551788442 20.71497062582057 22.385515017318539 108.20491137518547 26.414369773119688 7.442699448671191 1.0528664896264661 76.766741723142331 143.77871776174288 2.8794841552153221 1.5782179199159134 34.048698473023251 3.0896074644988394 4.5024889719206831 17.880720713175833 78.262375599006191 45.903285051696002 3.7923654639162114 42.099385904730298 0.09892841732653046 0.074165944257407967 1.1020528395602003 16.141133031880599 0.011579236947000027 33.335003893676912 0.23299007806053929 9.3297608047287195 0.039435860671801493 0.28523815248627216 0.15714971566922031 162.89899142208742 12.017818364314733 102.91411720274482 0.49740185355767552 1.0103461467660966 2.4431023732759058 152.32569194061216 406.28527058754116 18.028373993001878 0.15038018705672485 287.48452025456936 0.052094958082307019 6.2673771069967179 46.316363727615681 3.428034473938169 1.2985012498684225 1600.8358750744082 0.69425988863804278 167.04606625513406 10.767614996497285
leaf_count=7697 1072 646 10193 784 27285 736334 6688 678 9 2179 26740 48874 58 1222 7239 3445 1079 989 24 41421 9703 44 19 384 164 49 392 2625 1589 38 495 45 306 66 55907 27 74277 25 8664 9 234 22 5711 623 2074 27 53 245 4082 8707 1683 26 10424 3 445 5356 639 20 84771 45 16379 507
internal_value=-0.00115038 -0.047189 -0.0684188 0.00212569 0.0242395 -0.0620225 0.000531922 0.00081763 0.0101934 0.00430708 0.0597613 -0.00127849 -0.0561232 0.0117192 0.0421691 0.00413316 0.0280098 -0.00770858 -0.001994 0.000222258 0.00259305 -0.00255222 -0.0187947 -0.0154052 0.00433956 -0.0282242 0.00992488 -0.00931011 0.0174106 -0.0348965 -0.0564737 -0.0270129 -0.0727649 -0.0244509 -0.0419528 0.852934 -0.0491803 0.0088014 -0.00498649 0.331971 0.214296 0.542352 0.0210661 -0.000562972 -0.000806551 -0.0218582 -0.137183 -0.0531966 1.93554e-06 0.00847574 -0.00255019 -0.00221313 0.0109762 0.155647 -0.00422864 -0.0473883 0.129643 0.115077 -0.0030091 -0.017578 -0.00611639 0.0736918
internal_weight=4206.15 279.423 193.001 3926.72 263.978 183.665 3662.75 3648.86 666.713 595.943 70.7696 2982.14 4.39617 216.104 43.1005 173.004 57.3559 115.648 30.9416 86.4219 581.173 437.394 130.301 127.422 307.092 44.9607 262.132 96.1431 47.4815 79.9404 45.8918 80.6726 155.505 17.3289 16.2269 0.0857452 43.4785 10.1435 9.91051 0.580752 0.541316 0.256078 165.989 2901.47 2889.45 106.865 3.95085 3.45345 2782.59 576.639 424.314 2205.95 292.414 4.92901 1913.54 52.5837 4.77863 4.72654 1860.95 260.116 178.508 11.4619
internal_count=1221560 852597 810530 368963 42067 802833 326896 325824 50877 24070 26807 274947 67 14782 8461 6321 1887 4434 808 42067 23392 13689 2569 2525 11120 2228 8892 3017 1608 917 533 89964 792640 56306 56240 333 83276 8999 8974 310 301 67 5875 184983 184360 2399 325 298 181961 14472 10390 167489 11112 688 156377 5801 662 659 150576 65805 16931 552
is_linear=0
shrinkage=0.08


Tree=82
num_leaves=63
num_cat=0
split_feature=16 9 16 11 7 3 11 1 11 7 14 16 5 2 1 8 5 4 3 1 3 0 4 5 8 7 14 14 8 11 4 6 9 2 8 4 2 14 1 2 4 9 16 14 16 8 7 1 7 2 1 0 1 0 4 3 7 8 14 14 0 4
split_gain=92.4904 41.88 20.3658 30.4016 19.3359 13.7422 10.9765 29.0606 17.2136 15.0522 13.5376 21.1635 14.7751 14.5841 14.4085 14.8659 12.5633 18.0445 13.2066 11.5471 18.7395 11.5379 26.4021 16.4144 13.7627 11.1939 10.9907 10.6823 10.7806 9.84367 9.68943 11.5409 9.64158 9.27395 9.16308 9.05957 11.8355 11.9921 8.91968 9.78005 14.1462 9.03635 10.5488 23.6414 8.68275 8.58578 14.6037 8.52679 14.1883 8.4648 8.46063 10.3441 8.45205 9.36233 13.1473 8.3873 8.29757 15.5725 12.5558 10.9696 8.1139 19.4605
threshold=0.51789271831512462 0.59163263440132152 0.9492306411266328 0.84523808956146251 0.21896404027938846 0.083920188248157515 0.31666667759418493 0.88273492455482494 1.0000000180025095e-35 0.38814750313758856 1.4448034763336184 0.61648982763290416 0.6904762089252473 0.85867896676063549 0.15047170221805575 0.48056980967521673 0.84523808956146251 0.90399384498596203 0.90070420503616344 0.97467949986457836 0.93127068877220165 0.75134408473968517 0.75162336230278026 0.38750000298023229 0.75058686733245861 0.97525763511657726 1.7927962541580202 3.1822726726531987 0.58629718422889721 0.6904762089252473 0.37884436547756201 0.32466214895248419 0.9976744055747987 0.4654348641633988 0.83377894759178173 0.88067796826362621 0.81120249629020702 15.349028110504152 0.74849396944046032 0.3034138828516007 0.059262510389089591 0.70028248429298412 0.51911646127700817 2.9878323078155522 0.92180705070495617 0.7942219376564027 0.88322511315345775 0.96922349929809581 0.71463078260421764 0.053342817351222045 0.14415584504604342 0.092665474861860289 0.10762548446655275 0.092665474861860289 0.067231640219688429 0.92031747102737438 0.57583689689636242 0.60038024187088024 1.3560217618942263 0.73337611556053173 0.61620295047760021 0.64346247911453258
decision_type=2 2 2 2 2 2 2 2 2 2 2 2 2 2 2 2 2 2 2 2 2 2 2 2 2 2 2 2 2 2 2 2 2 2 2 2 2 2 2 2 2 2 2 2 2 2 2 2 2 2 2 2 2 2 2 2 2 2 2 2 2 2
left_child=1 4 6 32 -1 -6 8 49 10 -10 11 -2 13 21 15 -13 18 -18 -14 47 -21 27 25 -24 -25 -23 -20 38 -29 34 31 45 33 -4 -9 -35 -37 -38 39 40 -12 42 43 -42 -40 46 -16 -19 -49 -8 -30 -52 -51 54 -54 -28 58 59 -17 -58 -55 -62
right_child=2 -3 3 -5 5 -7 7 29 9 -11 12 14 16 -15 30 56 17 19 26 20 -22 22 23 24 -26 -27 55 28 50 -31 -32 -33 -34 35 -36 36 37 -39 44 -41 41 -43 -44 -45 -46 -47 -48 48 -50 52 51 -53 53 60 -56 -57 57 -59 -60 -61 61 -63
leaf_value=-0.0051815641790623314 -0.057238546071412232 0.0056364943072656085 -0.11273161039487617 0.066628075600777048 -0.17670248503790975 -0.074858721450997548 -0.0834271295032325 0.036002128013259943 0.063896983279070951 -0.053138120483499904 -0.019205640368976328 0.53964410920139672 0.056850801921511603 0.040213188568691882 -0.067713450173998824 -0.083177019205737099 0.043947646496578868 -0.02228475695038256 0.17221256104653052 0.098530847770226471 -0.0041970744762687877 -0.057581778437893444 0.050056978315549026 0.01965223226270776 -0.0490697833202417 -0.46636990158386887 -0.17526352879832952 0.060048870764972631 0.046893847130778842 0.061160524846214752 -0.004494708065333715 0.92888405762970949 0.051946510316084583 0.036826625670834334 -0.014045401109360051 -0.034926462895301345 -0.0036043630364022182 0.023949778345649118 0.025657247424833385 -0.023167449557182307 -0.080165077746056357 0.027852638933554941 -0.089151171864636225 2.6535452594745514 -0.11615629483398043 -0.0088646278382591582 1.1169144457545532 -0.015344914485325449 -0.38056166158176019 0.041658966736187263 -0.10977400064142011 0.010165365079354062 -0.072790926253674365 0.0044276127373811605 0.029921796531823263 -0.060167484630904405 0.16202508675683647 0.04894905004663009 0.44906503720370355 0.8627665206121321 -0.053734666218381889 0.0048494257985744202
leaf_weight=25.137242125114426 67.353290084254695 64.042703940547653 4.1492309933528295 65.406582764699124 9.0290926884845231 139.29887439961749 7.6840706626535384 80.741348905299674 7.8262605136987977 69.398318998180912 88.956880890124012 0.38486408838071184 6.4569389241514719 76.787455097903148 38.168125556083396 4.8992059007287052 43.875577080223593 212.96065313438885 1.1948144898051385 11.694773079594595 402.74533760693157 53.9699691493297 37.746462440263713 37.329108932361123 37.273219308815897 0.43214564677327771 4.6160469272581386 38.259826066336245 41.88684569299221 61.777813184438855 200.85614882476511 0.078717370983212187 31.525521770003252 59.145065415883437 32.974817182053812 46.015638206619769 243.61981706414372 172.78390378074255 96.315845394667122 127.53439255863486 0.065828044069347835 113.90256640111329 5.6399041786498856 0.02923942357301712 2.8447445491328827 30.748924141516909 0.066717128269373371 1.6954177867301035 1.1375696975737808 31.483935409341939 4.7162661086185826 189.95518685648858 25.03738186195551 788.24374582522432 11.703965066422823 33.168244026775938 0.32715907052625226 23.088761597988196 0.30109946010634292 0.2539562308229506 55.295319633791223 105.57641701797547
leaf_count=9674 111967 30103 49 31108 7613 753884 122 5578 1532 9107 2610 18 89 2527 20113 348 1079 17974 13 306 41850 2619 930 666 470 8 72 1751 664 25163 12226 2 4256 1190 2414 550 1729 7392 7021 42666 152 5184 6996 1 33 1948 5 152 27 912 55 3293 356 29393 223 502 31 772 21 21 3396 8634
internal_value=-0.0011679 -0.0496509 0.00175463 0.0150307 -0.0700627 -0.0810582 -0.00073712 0.00537356 -0.00420249 -0.0412773 -0.00279882 -0.0167239 0.000251576 0.00678166 -0.00760274 0.045725 -0.00840304 -0.00565863 -0.0491203 -0.00911212 -0.00129827 0.00385402 -0.0150832 0.00706804 -0.014683 -0.060829 -0.0666745 0.00830096 0.0206498 0.0354547 -0.0133826 -0.0392317 0.00897439 0.00639748 0.0214896 0.00734519 0.00357441 0.00782904 0.000504579 -0.00571545 0.00495469 0.0229192 -0.0750645 0.760628 0.0215889 -0.0403364 -0.0656464 -0.0241189 -0.161996 0.000223395 0.0142776 0.00725962 0.000855215 -0.000447877 -0.0400718 -0.0742286 0.0391407 0.0592435 -0.05236 0.46826 0.00108601 -0.0152873
internal_weight=4177.62 237.508 3940.11 622.646 173.465 148.328 3317.46 1200.52 2116.94 77.2246 2039.72 366.527 1673.19 953.646 299.174 29.255 719.545 674.109 45.436 630.234 414.44 876.858 166.751 112.349 74.6023 54.4021 38.9791 710.108 274.818 175.494 269.919 69.0625 557.239 525.714 113.716 521.564 462.419 416.404 435.289 336.129 208.594 119.638 5.73497 0.0950675 99.1606 68.9838 38.2348 215.794 2.83299 1025.02 236.558 194.671 1017.34 985.857 36.7413 37.7843 28.8702 23.6699 5.20031 0.581115 949.115 160.872
internal_count=1221560 801274 420286 46274 771171 761497 374012 76191 297821 10639 287182 147472 139710 77646 35505 1211 62064 61388 676 60309 42156 75119 4693 2066 1136 2627 587 70426 5763 33155 34294 22068 15166 10910 7992 10861 9671 9121 64663 57609 14943 12333 7149 153 7054 22066 20118 18153 179 43036 4012 3348 42914 42002 579 574 1193 824 369 52 41423 12030
is_linear=0
shrinkage=0.08


Tree=83
num_leaves=63
num_cat=0
split_feature=16 9 7 16 11 3 2 11 1 11 1 7 7 16 11 9 2 10 7 8 9 8 1 8 16 1 16 5 3 10 7 16 8 9 8 2 2 9 7 2 4 1 0 4 3 1 4 1 9 1 0 4 4 3 1 3 1 4 2 1 0 5
split_gain=82.0023 39.3844 21.1937 17.0491 28.2403 12.0853 9.36284 8.93646 24.8111 13.971 13.1694 12.8872 11.6557 11.4359 9.4057 8.73051 8.65075 8.32537 8.02559 7.97763 7.95404 7.73692 7.34078 7.21663 7.08358 7.07668 7.19084 6.86039 15.8393 7.18257 8.43479 13.9028 18.0168 6.77683 11.2509 8.33714 6.88176 11.2583 15.1518 8.1938 22.7177 8.84846 6.71992 10.8393 8.1194 10.15 7.23378 30.9399 11.4132 12.0502 27.5296 10.7892 10.7246 9.51792 12.2374 8.1839 9.18114 8.18494 8.10032 16.0394 10.9399 16.0835
threshold=0.53273066878318798 0.59163263440132152 0.21896404027938846 0.9492306411266328 0.84523808956146251 0.083920188248157515 0.053342817351222045 0.31666667759418493 0.88273492455482494 1.0000000180025095e-35 0.15504807978868487 0.38814750313758856 0.87533783912658703 0.58075162768363964 0.6904762089252473 0.9976744055747987 0.092665474861860289 0.92582416534423839 0.93677547574043285 0.83377894759178173 0.53049948811531078 0.31608681380748754 0.10063291341066362 0.931591957807541 0.47636239230632788 0.90070420503616344 0.98229035735130321 0.17424242943525317 0.76506900787353527 0.42481203377246862 0.51630628108978283 0.90950042009353649 0.86683088541030895 0.68500718474388134 0.90019920468330394 0.71516755223274242 0.96051946282386791 0.9388999640941621 0.91442927718162548 0.94494947791099559 0.99350649118423473 0.92031747102737438 0.092665474861860289 0.067231640219688429 0.083920188248157515 0.15504807978868487 0.072077922523021712 0.11852502077817918 0.95093432068824779 0.36237373948097235 0.30068494379520422 0.30267794430255895 0.12632978707551959 0.13079115748405459 0.20256410539150241 0.11852502077817918 0.19139194488525393 0.1085995100438595 0.36451049149036413 0.49675324559211737 0.38507877290248876 0.23611111193895343
decision_type=2 2 2 2 2 2 2 2 2 2 2 2 2 2 2 2 2 2 2 2 2 2 2 2 2 2 2 2 2 2 2 2 2 2 2 2 2 2 2 2 2 2 2 2 2 2 2 2 2 2 2 2 2 2 2 2 2 2 2 2 2 2
left_child=1 2 -1 6 15 -4 -2 9 22 10 12 -11 -8 21 19 17 -15 33 -13 -10 -16 -12 -9 25 -3 -19 -27 -21 -29 -30 31 -31 -33 35 -35 -5 37 38 -36 41 -41 -39 43 44 -24 -46 53 -48 49 55 52 -52 -51 54 -44 57 -57 -49 59 -53 61 -60
right_child=3 24 5 4 -6 -7 7 8 14 11 13 18 -14 16 20 -17 -18 23 -20 27 -22 -23 42 -25 -26 26 -28 28 29 30 -32 32 -34 34 36 -37 -38 39 -40 40 -42 -43 46 -45 45 -47 47 48 -50 50 51 58 -54 -55 -56 56 -58 -59 60 -61 -62 -63
leaf_value=-0.0023793714051675036 -0.067183965046693578 0.033816191102910301 -0.16719018417287121 -0.034430762265576655 0.065588737593006818 -0.072354944824076381 0.011053893457135396 0.060080919969203367 0.033901625763339709 0.060366222711520666 0.014827223186777103 -0.053449384213687605 0.073637540291510456 -0.077911564883160506 -0.024532280291591213 0.050310894950696745 -0.0024510062429452788 -0.028497495509841004 0.10606208062327026 0.092399813165596187 0.069954842889614163 -0.050873922367458108 -0.12210549035106961 -0.032849803571841314 -0.015617774679647945 -0.50507678055355154 -0.085982099093880965 -0.42543177809722954 -0.12350697022272862 0.084333436344238316 0.007366130110771819 -1.1012338692809582 -0.1496354828179243 0.061309364285567942 -0.0095018108747684394 0.0065753847682799458 0.06970235661921359 -0.045191441096035512 -0.34500090632360347 0.080583016088724882 -0.88109365795608752 0.044131655923113383 0.0092061653320350718 0.032900866105348599 0.0067279004810240134 -0.10720731483745605 -0.43227369062152549 -0.0050401353466452197 -0.015623612542733083 -0.12607748298085017 -0.037949653565267985 0.0027673602333018895 0.060812486292464898 0.045075074829914498 -0.11066028737436129 -0.070668809362802162 -0.011920147945780269 0.1288342312384268 -0.045349662865243119 0.11659776817404006 0.0056542636462501121 -0.37679835449450877
leaf_weight=28.042990999558242 13.406254155837813 27.023391310503939 9.1691331331312522 34.453389033675194 61.296385032357648 138.54714208708174 157.21336711847107 13.104250802891327 78.86001490795752 7.7610004750604267 14.680301644169957 65.169016798725352 21.671083521097898 9.777327674411934 6.4034441502590189 30.009493516990915 1744.9573142637382 0.79007340746465882 2.0832363395020357 3.5478765314910552 52.047889242952806 52.472262881870847 8.6004564376198704 6.2211540484568104 59.176187870427384 0.67411256360355742 0.42862105253152549 0.61991960508749144 3.5456379215465885 0.48759068269282824 24.618626451003365 0.20277344225905836 0.3422730335732922 36.500710624968633 2.0537202493287618 401.75320118572563 7.4571954847779116 12.138116649352019 1.4840531074441967 0.42523334757424791 0.24942811159417033 17.092637573601678 145.56761214969447 12.232476207776925 15.190932488301771 7.4623778580280478 1.0700091812759627 7.665748921746852 252.55148434825242 2.0193125949590458 38.464488060591975 22.093635933604673 73.229664698941633 49.688452591508394 5.6630512840929432 20.718104895437136 95.501382705959259 4.7239780873060226 8.4336801989556971 12.351124019420238 209.56817642968963 1.0540798664151214
leaf_count=10207 1072 7812 7683 257 31108 792640 5208 398 5557 1090 6131 7980 375 882 129 4256 133421 15 21 270 25028 96541 140 154 34255 39 17 15 155 21 1902 20 31 3633 42 3585 1972 219 38 70 22 847 3068 225 340 74 20 86 5949 61 4039 1804 1769 771 63 265 2226 47 1003 545 13912 35
internal_value=-0.00109301 -0.0444141 -0.0661375 0.00183193 0.014074 -0.0782416 -0.000465331 -0.000190405 0.00537619 -0.00334844 -0.00207762 -0.0372439 0.0186356 -0.00411138 0.0335813 0.00835082 -0.00287147 0.00593727 -0.0485083 0.0200277 0.0596036 -0.0365109 0.000595505 -0.0744656 -0.000120328 -0.211246 -0.342179 -0.0127642 -0.0252776 -0.0167814 -0.00202926 -0.22602 -0.503658 0.00720748 0.0290227 0.00333655 0.000209163 -0.0152865 -0.15024 0.000678288 -0.274957 0.0070401 -0.00018883 -0.0309413 -0.0559287 -0.0308043 0.00121833 -0.00239551 -0.00178088 0.00527002 0.0126508 0.0015305 0.0557973 0.0146982 0.00471759 -0.015804 -0.0223931 0.0460037 0.00752096 0.0435844 0.00185027 -0.0821733
internal_weight=4141.81 261.959 175.759 3879.85 613.028 147.716 3266.82 3253.42 1177.63 2075.78 2000.77 75.0133 178.884 1821.89 170.676 551.731 1754.73 521.722 67.2523 112.225 58.4513 67.1526 1006.95 8.11396 86.1996 1.89281 1.10273 33.3647 29.8168 29.1969 25.6513 1.03264 0.545046 513.608 77.4011 436.207 40.9004 33.4432 3.53777 29.9054 0.674661 29.2308 993.85 43.4862 31.2538 22.6533 950.364 749.445 748.375 495.823 367.214 291.965 75.249 200.919 151.231 128.609 116.219 12.3897 253.501 34.4448 219.056 9.48776
internal_count=1221560 852597 810530 368963 46274 800323 322689 321617 69968 251649 242558 9091 5583 236975 33128 15166 134303 10910 8001 7971 25157 102672 36840 225 42067 71 56 2414 2144 2129 1974 72 51 10685 6843 3842 3210 1238 80 1158 92 1066 36442 779 554 414 35663 31761 31741 25792 23168 21338 1830 3902 3131 2624 2491 133 17299 2349 14950 1038
is_linear=0
shrinkage=0.08


Tree=84
num_leaves=63
num_cat=0
split_feature=16 9 15 11 3 7 2 1 2 2 1 14 16 8 3 7 16 10 2 2 11 14 10 4 9 8 4 3 4 11 14 14 7 8 10 7 4 3 2 1 3 5 3 2 4 1 2 5 4 16 3 5 2 5 2 4 14 1 2 4 9 8
split_gain=73.3909 36.5106 19.3148 28.5126 18.0494 13.6818 9.42308 9.42353 44.9858 17.2833 11.0438 10.7759 19.0675 11.9966 10.3132 10.2808 9.84106 9.78119 9.88578 9.76475 9.34034 8.77867 8.77247 8.75689 8.3463 8.31143 7.86136 23.8789 11.2365 11.0717 22.1611 36.2621 9.02655 8.62072 11.551 10.5517 8.35025 9.35786 7.98783 12.7645 49.0335 9.74481 15.6335 16.7232 11.9921 9.9923 8.73561 9.01654 13.1145 14.2937 11.2019 26.3371 11.7455 10.8512 14.414 11.6863 10.1086 9.80664 12.9149 8.90505 8.37586 9.41158
threshold=0.4991909414529801 0.59163263440132152 3.5000000000000004 0.81666666269302379 0.80217391252517711 0.21896404027938846 0.053342817351222045 0.13446328043937686 0.11566332355141641 0.095811817795038237 0.16064515709877017 1.2245371341705324 0.65066003799438488 0.88078150153160106 0.11374663189053537 0.82232606410980236 0.74301329255104076 0.56696429848670971 0.23294574022293094 0.080540537834167494 0.31666667759418493 1.2410258054733279 0.61324787139892589 0.1085995100438595 0.9034201204776765 0.90701997280120861 0.10084745660424234 0.15831244736909869 0.053342817351222045 0.41428571939468389 1.3044586777687075 1.2908954024314883 0.86683088541030895 0.61123239994049083 0.5419580638408662 0.84067201614379894 0.23132664710283282 0.13079115748405459 0.27334994077682501 0.63453349471092235 0.48050633072853094 0.30952382087707525 0.3536857813596726 0.61257407069206249 0.43951219320297247 0.49675324559211737 0.47901995480060583 0.6904762089252473 0.81120249629020702 0.70842674374580394 0.81661397218704235 0.30952382087707525 0.81120249629020702 0.81666666269302379 0.7933771312236787 0.90399384498596203 4.1410288810729989 0.91366460919380199 0.95538970828056347 0.89039039611816417 0.96677702665328991 0.97789987921714794
decision_type=2 2 2 2 2 2 2 2 2 2 2 2 2 2 2 2 2 2 2 2 2 2 2 2 2 2 2 2 2 2 2 2 2 2 2 2 2 2 2 2 2 2 2 2 2 2 2 2 2 2 2 2 2 2 2 2 2 2 2 2 2 2
left_child=1 5 3 -2 -5 -1 -4 8 14 10 19 12 20 22 15 -8 -10 18 -15 25 -11 -13 -14 -12 -21 -9 27 33 -29 30 31 32 -30 -23 35 -35 37 -28 60 41 -41 42 45 -44 -43 -40 -42 48 -48 -50 51 -51 56 54 -49 -55 59 58 -57 -53 -38 -62
right_child=2 -3 6 4 -6 -7 7 9 16 11 23 21 13 17 -16 -17 -18 -19 -20 24 -22 26 -24 -25 -26 -27 36 28 29 -31 -32 -33 -34 34 -36 -37 38 -39 39 40 46 44 43 -45 -46 -47 47 53 49 50 -52 52 -54 55 -56 57 -58 -59 -60 -61 61 -63
leaf_value=-0.011561469277465217 0.0044609864738099159 0.015386755926099938 -0.072797686597060582 0.016844467777432676 0.067217983605787957 -0.081589684357228201 0.0017989555662818334 -0.047480612886076509 -0.081314854015275245 -0.061657948093994372 -0.097923255026853021 0.086464350803478959 -0.0059949974096635151 0.27963023192309172 0.049132399326822673 0.047821982843069516 -0.22531292750925883 0.014617720254667991 0.065849280853459036 -0.040814431948578658 -0.0080841909472719169 0.039355953131824863 -0.049261345230898972 0.038891387708620322 0.06565350054368406 -0.26144689792199771 0.045450445171641575 -0.026615049140631362 -0.080500250471898294 0.050849678252022648 0.13275136499844789 2.6284144851497961 1.0766070602859004 -0.029614856607161406 0.011012055253738636 -0.22867812612302685 0.03370613587436537 -0.024446217339030653 -0.013362091765332467 0.11675087433146113 -0.044964425420324618 0.092825541554186555 -0.057377970762455537 0.055671570520513906 -0.006964149125805728 0.061142761391650681 0.00033082554194864973 0.041100820363546883 0.084435541687987822 0.079860147097992218 0.027035777430406163 -0.26818679290900305 0.09487603911826302 0.032160024976318202 -0.072598073249709516 -0.061415283196542991 -0.0059387886675271217 -0.0034929681869103895 0.021175532626492154 -0.087266906496713925 -0.059081160128909314 0.033219867284993584
leaf_weight=21.084438421501545 1016.646702593891 40.691594898467883 12.129365986402261 105.61516189221584 80.011190882039955 116.60089172215521 151.1537130168872 9.1545969632643409 11.80577536493365 67.867641553166322 25.473071539599918 7.4559699525270835 230.61829914830741 1.7136762500740568 60.688668100701761 39.099261441733688 4.0896518034860483 41.678537553991191 7.2041873064590618 8.0898315819795261 30.049210029996175 31.48556729091797 34.475189105316531 3.392888751528516 11.287058605812488 1.3307927791029204 13.289091181941329 6.2056441527674897 0.11576054545003245 18.293317295858287 12.974216510585391 0.059052446697023697 0.068785913288593292 51.907510649209144 87.294117876794189 1.762048378586768 80.287297385017155 158.09820764463075 76.219454510704963 23.10237565090938 28.12482081456983 9.79954588919645 96.166907280450687 9.1733946490130602 36.099275471831788 13.572059045574859 439.72963692632038 9.2437384712538897 24.006465223967098 7.0398381319828358 103.72134483756963 4.3957176241092366 1.4425717806443561 52.408081379937357 31.295357378417975 42.731454535765806 2.3581625614315271 454.40948128722084 16.913593530960497 2.8832656306913123 15.43086267169565 13.049003801424988
leaf_count=8730 44046 16775 1349 3956 44943 690056 4242 838 533 145861 2098 1110 17677 17 1740 1253 46 1152 208 600 11849 1574 1553 265 158 15 509 623 60 301 1153 24 1 1269 1383 11 8456 18426 19964 1388 5349 730 44462 1531 3557 2048 39110 370 1170 1335 7462 38 49 3029 796 7576 68 44930 1331 47 122 238
internal_value=-0.00099978 -0.0511898 0.00127469 0.0097253 0.0385571 -0.0708659 -0.00244157 -0.00212803 0.01215 -0.00367996 -0.0465568 -0.00262911 -0.0143748 -0.00480858 0.0204171 0.0112572 -0.118363 0.0308882 0.10693 -0.0124486 -0.045217 -0.000178754 -0.0116218 -0.0818421 0.0212032 -0.074637 -0.000505821 0.0141203 0.0717808 0.0911584 0.146945 0.902923 0.350788 0.00150918 -0.00694426 -0.0361504 -0.00224742 -0.0190265 -0.000442874 -0.00197581 0.00128942 -0.0188256 -0.026627 -0.0475332 0.0143413 -0.00210062 -0.000895746 0.000143534 0.00722576 0.028014 0.0168971 -0.0411392 -0.11802 -0.00668871 -0.0466724 -0.00382727 -0.149888 -0.00749619 -0.0379949 -0.196523 0.020484 -0.0167904
internal_weight=4114.56 178.377 3936.19 1202.27 185.626 137.685 2733.91 2721.79 266.837 2454.95 58.7282 2396.22 413.607 315.69 250.942 190.253 15.8954 50.5964 8.91786 29.8623 97.9169 1982.61 265.093 28.866 19.3769 10.4854 1975.16 210.166 37.7168 31.5111 13.2178 0.243599 0.184546 172.449 140.964 53.6696 1764.99 171.387 1593.6 1484.84 1243.81 241.031 195.132 105.34 45.8988 89.7915 1220.7 1192.58 585.577 145.847 121.841 18.1196 11.0797 607.002 40.5391 566.463 9.63715 514.055 59.645 7.27898 108.767 28.4799
internal_count=1221560 715561 505999 92945 48899 698786 413054 411705 7814 403891 3974 399917 178317 20607 7235 5495 579 1377 225 1611 157710 221600 19230 2363 758 853 220490 6399 2162 1539 1238 85 61 4237 2663 1280 214091 18935 195156 186340 114048 72292 68005 45993 4287 22012 112660 107311 49279 10169 8999 1537 202 58032 1166 56866 153 53837 8907 85 8816 360
is_linear=0
shrinkage=0.08


Tree=85
num_leaves=63
num_cat=0
split_feature=16 9 15 11 3 7 2 1 16 11 14 16 4 3 16 14 3 6 6 9 2 7 14 4 4 1 1 9 4 1 14 16 3 16 9 8 7 6 4 2 1 16 3 3 15 9 9 14 1 16 4 14 1 8 15 4 7 1 2 1 6 3
split_gain=65.4181 34.0498 16.5481 25.3172 17.4918 13.4886 8.25381 8.7418 9.135 13.8956 11.2154 7.84281 6.78915 6.85964 6.84247 6.77622 6.59444 6.5078 14.1403 6.62849 6.44943 6.36443 6.33026 5.93733 10.3499 9.19712 9.95092 5.89986 12.4364 17.1984 10.161 13.9689 14.5736 13.3239 8.535 9.78576 8.51598 8.37735 7.64693 7.4497 7.54118 7.25661 6.83319 8.2782 6.78725 7.83289 7.80737 6.83612 8.1431 6.38387 5.81913 6.69525 5.76446 5.63517 5.70252 5.45733 5.35431 5.59869 11.158 18.7229 17.1623 11.147
threshold=0.4991909414529801 0.59163263440132152 3.5000000000000004 0.81666666269302379 0.80217391252517711 0.21896404027938846 0.053342817351222045 0.10063291341066362 0.56499707698822033 0.31666667759418493 1.5385157465934756 0.80528196692466747 0.053342817351222045 0.12276295199990274 0.61951711773872387 16.099511146545414 0.083920188248157515 0.55684757232666027 0.6026315987110139 0.42438536882400518 0.62988328933715831 0.77260699868202221 1.8750809431076052 0.050641026347875602 0.048199767246842391 0.31311275064945226 0.32071428000926977 0.9976744055747987 0.53907206654548656 0.22431866079568866 4.1410288810729989 0.92721253633499157 0.16784037649631503 0.80528196692466747 0.97091406583786022 0.97789987921714794 0.62755528092384349 0.37668919563293463 0.25866188108921057 0.080540537834167494 0.13446328043937686 0.77286669611930858 0.40202020108699804 0.18350168317556384 30.500000000000004 0.90954548120498668 0.96209374070167553 0.84390392899513256 0.15504807978868487 0.77286669611930858 0.047065338119864471 7.5303425788879403 0.3260560035705567 0.55850008130073558 20.500000000000004 1.0000000180025095e-35 0.97525763511657726 0.982753485441208 0.88273492455482494 0.92893216013908397 0.65301004052162182 0.99438202381134044
decision_type=2 2 2 2 2 2 2 2 2 2 2 2 2 2 2 2 2 2 2 2 2 2 2 2 2 2 2 2 2 2 2 2 2 2 2 2 2 2 2 2 2 2 2 2 2 2 2 2 2 2 2 2 2 2 2 2 2 2 2 2 2 2
left_child=1 5 3 12 23 20 55 -8 9 10 -9 15 22 14 -14 17 -7 -6 -19 -20 -1 -16 -2 24 -5 -25 -27 34 29 39 33 32 -32 36 44 37 41 38 -36 40 -29 -31 43 52 -10 -46 47 -47 -49 -37 -51 -52 -35 54 -41 -4 57 58 59 61 -61 -15
right_child=2 -3 6 4 11 16 7 8 27 -11 -12 -13 13 56 21 -17 -18 18 19 -21 -22 -23 -24 25 -26 26 -28 28 -30 30 31 -33 -34 42 35 49 -38 -39 -40 53 -42 -43 -44 -45 45 46 -48 48 -50 50 51 -53 -54 -55 -56 -57 -58 -59 -60 60 -62 -63
leaf_value=-0.030444195789309254 0.068916904017741545 0.014040195182328293 0.021979572312561084 -0.018326777745241985 0.063401157293593496 -0.14762621626984088 0.044558937671634553 -0.071456827088326291 -0.00057471988306682605 0.013404896173245202 -0.015428719093182988 0.073458251146564443 0.17791419396376179 0.0023943222770076429 -0.014285808926543395 0.090879504743871464 -0.075116720541307538 -0.88162758209541114 -0.31376408241152864 -0.016898852185495816 0.089575986021185314 0.10423030867656076 -0.06790192304610812 0.062006326645639015 -0.35068026817928671 -0.21362106754200416 0.0094820867440151176 0.083159590883392615 0.057285063482449439 -0.070606381364573645 -0.307146081533058 0.037223687471008265 -0.060061250979001633 -0.10941069398860462 -0.030447679794679786 0.11243817838936543 -0.084448179135072687 0.018251965279159437 -0.090603408127828494 0.030876083648828191 -0.17186628976667406 0.15933201414684908 -0.024538883770381787 0.053140261506684335 -0.031616930827881029 -0.040199782799391758 -0.094446864856602863 0.21896301508106636 0.048040431853656973 -0.13960618681151668 0.036703495142353659 -0.093524346516838372 0.029329140313116793 0.051803035518107263 -0.12291087102595687 -0.10172973460835545 0.055934258954484214 0.009184639763502523 0.01915716269869638 0.04812656693803808 -0.08231837104344758 -0.047170967915825257
leaf_weight=17.456251601397529 2.5606731788720962 41.012642804722418 3.0981874756907919 3.1777495315764095 1.1363112796680064 8.7300394681442395 25.574951988979592 41.109611795007368 2133.4962716216542 46.235370582857286 51.524035555114096 69.47862050018739 2.5696419006126225 268.81280975657864 7.1066496048588288 2.0125465368619189 99.718383432322298 0.1660124727059159 0.72101125202607397 1.4482738744700325 3.4281865135417311 4.8989555733278394 13.980354112252824 24.496710277278908 0.73916384764015663 1.3016018175985653 75.266452491516247 1.1507712202146643 32.087373484158888 1.622887092642489 1.6101703029125953 9.6721937360707653 29.847510606748983 3.7454609852284184 33.540493251755834 3.8671506671234992 14.651546055218203 12.272877717856316 22.66208168619778 4.1318261157721272 2.0895073637366295 1.9147864505648611 15.69445158576127 35.907073256094009 84.438978174031945 3.6149499665480134 2.7263949201442292 2.3342205849476141 7.5665435935370624 1.7432337594218577 14.311878623208033 3.0682889082236207 3.925241781398654 53.658902354072779 2.4630436133593321 8.6653229339935915 12.613397634821011 515.50973283180792 110.34892973052047 7.866548075224272 35.975855778058758 32.556043509364827
leaf_count=8173 53 16775 325 164 204 7444 735 122666 162591 26520 66244 43943 51 8558 85 516 682612 41 7 232 557 92 186 688 38 14 3052 53 5854 35 25 540 277 53 563 58 163 978 398 47 16 11 348 296 20183 185 41 35 264 36 463 144 96 1769 18 1024 1058 25993 5994 149 959 868
internal_value=-0.000944365 -0.0494749 0.00116953 0.00901578 0.0366713 -0.0696162 -0.00228193 -0.00199106 -0.0024355 -0.0224149 -0.0402933 0.0661883 0.0041119 0.0049542 0.0594344 -0.0259147 -0.0809537 -0.0936221 -0.170027 -0.115569 -0.0107428 0.0340754 -0.0467214 0.0155945 -0.0810455 0.0193399 0.00568949 -0.0013431 0.0113626 0.00327009 -0.0147201 -0.0468565 -0.0727084 0.00234338 -0.00251319 -0.0264656 -0.0575503 -0.0416279 -0.0547038 0.0368714 -0.0812949 0.0538491 0.0207233 0.0370244 -0.00153259 -0.0218304 0.0290472 0.0539585 0.0883374 0.018694 -0.000263027 0.0137131 -0.0384149 0.0432261 -0.0265601 -0.0691481 0.00414697 0.0034743 -0.0029875 -0.0100662 -0.0589129 -0.00296008
internal_weight=4081.11 170.346 3910.77 1194.74 179.944 129.333 2716.02 2704.26 2678.69 138.869 92.6336 74.9628 1014.8 998.259 14.5752 5.48416 108.448 3.47161 2.3353 2.16929 20.8844 12.0056 16.541 104.982 3.91691 101.065 76.5681 2539.82 214.173 182.085 118.591 41.1299 31.4577 77.4614 2325.64 91.466 18.1892 68.4755 56.2026 63.4941 3.24028 3.53767 59.2722 43.5778 2234.18 100.681 16.2421 13.5157 9.90076 22.9906 19.1234 17.3802 7.6707 60.2538 6.59487 11.7635 983.683 971.07 455.56 345.211 43.8424 301.369
internal_count=1221560 715561 505999 92945 48899 698786 413054 411705 410970 215430 188910 44943 44046 43807 228 1000 690056 484 280 239 8730 177 239 3956 202 3754 3066 195540 9601 3747 1844 842 302 1002 185939 2640 209 1939 961 1903 69 46 793 445 183299 20708 525 484 299 701 643 607 149 1834 65 1349 43579 42521 16528 10534 1108 9426
is_linear=0
shrinkage=0.08


Tree=86
num_leaves=63
num_cat=0
split_feature=15 4 7 1 10 3 2 11 6 2 10 14 4 7 8 14 14 5 5 4 14 4 3 4 4 3 7 10 4 10 6 3 2 7 8 14 2 3 1 4 6 2 3 10 6 2 3 8 14 2 8 10 14 4 15 11 4 8 7 14 2 10
split_gain=24.948 21.5473 17.7633 16.2868 28.5347 16.0493 13.047 12.8867 43.9312 10.8997 9.56795 9.48399 9.05081 8.82522 8.64176 8.46974 7.23996 7.02709 8.8679 22.4066 52.2345 10.914 10.0588 11.5897 7.81997 8.64728 7.42992 9.75789 9.10301 8.65074 7.03193 16.955 29.8801 7.38117 7.98409 9.05167 6.85667 6.67498 6.93257 6.88875 6.54724 17.0675 40.6589 96.5838 6.63392 6.54423 18.392 6.54335 14.9551 11.0889 6.46738 11.489 8.43055 14.5228 19.272 27.674 7.73886 11.2318 8.04013 14.6364 6.13158 6.07469
threshold=14.500000000000002 1.0000000180025095e-35 0.72423112392425548 0.68801230192184459 0.18019481003284457 0.49089705944061285 0.28708791732788091 0.81666666269302379 0.64852941036224376 0.61257407069206249 0.52506268024444591 1.7647139430046084 0.81120249629020702 0.329607903957367 0.86683088541030895 2.8719266653060918 0.22048695385456088 0.30952382087707525 0.095454547554254546 0.82683658599853527 6.2380828857421884 0.52976614236831676 0.74601566791534435 0.31643131375312811 0.077677227556705489 0.15831244736909869 0.54065653681755077 0.41042780876159674 0.25677657127380377 0.8441295623779298 0.27842378616333013 0.62115561962127697 0.5174442231655122 0.2904126793146134 0.58629718422889721 2.3369866609573369 0.95180022716522228 0.091608393937349333 0.10762548446655275 0.056349206715822227 0.63762626051902782 0.89512962102890026 0.94494947791099559 0.78759399056434642 0.2806250005960465 0.93127068877220165 0.94185259938240062 0.83377894759178173 2.0832171440124516 0.83414238691329967 0.59275647997856151 0.38278388977050787 2.6670846939086919 0.1085995100438595 19.500000000000004 0.19090909510850909 0.053342817351222045 0.53070896863937389 0.58701059222221386 0.78948670625686657 0.340024083852768 0.78759399056434642
decision_type=2 2 2 2 2 2 2 2 2 2 2 2 2 2 2 2 2 2 2 2 2 2 2 2 2 2 2 2 2 2 2 2 2 2 2 2 2 2 2 2 2 2 2 2 2 2 2 2 2 2 2 2 2 2 2 2 2 2 2 2 2 2
left_child=1 15 3 4 -2 60 13 16 17 -8 12 -12 -4 -6 50 -1 -3 18 21 22 -21 24 23 -20 25 37 29 28 -28 61 -19 32 -32 -33 35 -35 -7 38 -9 -40 44 -42 43 -43 -36 -23 -47 -14 -49 -50 51 -15 -52 -54 -55 -56 57 -53 -59 -60 -5 -26
right_child=2 7 10 5 6 36 9 8 -10 -11 11 -13 47 14 -16 -17 -18 30 19 20 -22 45 -24 -25 26 -27 27 -29 -30 -31 31 33 -34 34 40 -37 -38 -39 39 -41 41 42 -44 -45 -46 46 -48 48 49 -51 52 56 53 54 55 -57 -58 58 59 -61 -62 -63
leaf_value=-0.048518751550060919 -0.067930101879404153 -0.093124318843595261 0.043191981482543947 -0.078653413490676713 0.10035694762081047 -0.013303747174402886 -0.066151903788905009 0.027985726966191282 0.070056558345491182 0.035670719405259642 -0.027892673005947399 0.022004409618767901 0.025794677432657901 -0.005946003009841069 0.082482265032985044 -0.17770700139964818 0.00038256089120542402 0.068214763139809703 0.10974614567745543 0.080219631937503186 -3.1657663617776555 0.094208050657737685 0.081542900993626086 -0.12663267032027684 -0.035862292684649452 0.099834410748194352 -0.00072537397802341819 -0.0054019184122923967 0.086422758098445462 -0.18719441831244696 0.080603187870123244 0.65422368263121433 -0.98085075153154866 -0.15296620431807623 -0.53434815032177085 0.05359261314769273 0.026694224529378259 0.022462031347910982 -0.14291413319353038 0.018675308422139821 0.080278516458849855 0.080149998214359627 0.08015558581985309 -4.2951132846945654 0.038006267231412441 -1.8947178528474624 0.080181295758822685 0.0075784434349967303 -0.38156117831523462 -0.011545877406760129 -0.032988310733327329 0.53689591711140239 0.0030180207246882913 -0.083443332077635463 1.1095625096365336 0.10880641209037061 0.03374911883856227 0.054026360761068759 0.83783476457730754 0.032599867241539508 0.19358609584352407 0.15549776589687844
leaf_weight=8.5309070625080476 101.44148938452054 5.3099218670831752 60.722915801074123 0.62599894325103278 4.9338031454390139 235.74096462826856 44.814628335603629 5.6986311340588127 75.897392724764359 7.9168902274177517 59.460852531250566 41.321216203272343 6.056531783717217 53.473908621803275 6.428271646029315 5.2446816869341992 2681.6046071824312 20.694863078206254 1.5720750509499293 0.089054523850791933 0.049288536538369954 9.8467286873419617 2.7980800796503909 8.5328165504106419 29.756461520089946 8.1412995782229682 15.566136791450846 267.94917359499959 15.124012664389737 2.3843249906785777 0.38944404835638025 0.11629751374130037 0.30084855115273967 3.4598661952768444 0.13009762961882998 2.2347288835517247 31.041218498750823 81.912755607292638 5.0418701254166081 2.5386394420856959 0.58584623038768668 0.078501679701730609 0.20208554819691926 0.054854012676514685 34.189834841992706 0.040508449659683587 0.11836683063302189 3.6801062133163214 1.4913989923661577 0.79449063504580397 81.022457326158474 0.51139271759893601 4.5985666709602802 0.46236088703153633 0.33438471530098468 0.37536694580921903 4.989048909759731 2.0834337031701584 0.2595206650730687 0.32586653984617442 3.4341202901778161 1.1009817384183396
leaf_count=1475 501681 4234 5542 262 512 105022 67850 266 46583 1059 2298 1365 184 24035 127 202 355523 2433 79 38 17 1121 341 1581 52095 211 1135 2988 2764 26 38 11 32 156 24 217 5892 2962 114 108 261 44 115 34 12089 20 60 121 28 36 14653 35 69 46 19 23 471 92 25 15 690 11
internal_value=-0.000868599 0.00214048 -0.0139521 -0.0206217 -0.0330214 -0.00624738 -0.0163593 0.00255936 0.0131954 -0.0508647 0.00852518 -0.00743459 0.0306359 -0.00497295 -0.00832864 -0.0977037 0.000197771 0.00490723 0.00147678 -0.0635467 -1.07625 0.00338144 -0.0526887 -0.0898579 0.00148227 0.0207005 -0.00450143 -0.000507877 0.042221 -0.0403789 0.0300851 0.0111814 -0.382008 0.0177929 0.0159848 -0.0719064 -0.00864982 0.0139325 -0.038682 -0.0887994 0.030187 -0.180273 -0.635324 -1.71955 0.0358366 0.0859898 -0.423359 -0.0327816 -0.0922467 -0.252958 -0.0122614 0.00755321 -0.0263343 0.067091 0.31847 0.580292 0.0959156 0.193441 0.127629 0.389586 0.151612 -0.0290346
internal_weight=4055.63 3297.29 758.341 584.814 313.971 270.842 212.53 3283.51 596.596 52.7315 173.528 100.782 72.7454 159.798 154.865 13.7756 2686.91 520.698 458.261 13.0413 0.138343 445.22 12.903 10.1049 435.214 103.333 331.881 298.639 30.6901 33.2418 62.4373 41.7424 0.690293 41.0521 40.9358 5.6946 266.782 95.1919 13.2791 7.58051 35.2412 0.921287 0.335441 0.133356 34.3199 10.0056 0.158875 12.0225 5.966 2.28589 148.436 61.6432 86.7931 5.77068 1.17211 0.709752 8.16926 3.18021 2.66882 0.585387 4.06012 30.8574
internal_count=1221560 489408 732152 722578 610712 111866 109031 487731 127974 68909 9574 3663 5911 40122 39610 1677 359757 81391 65937 2056 55 63881 2001 1660 62680 3661 59019 6887 3899 52132 15454 13021 70 12951 12940 373 110914 3450 488 222 12567 454 193 78 12113 1201 80 369 185 64 39483 24673 14810 157 88 42 638 167 132 40 952 52106
is_linear=0
shrinkage=0.08


Tree=87
num_leaves=63
num_cat=0
split_feature=16 9 14 11 7 7 2 9 1 14 4 1 6 0 16 0 4 0 3 9 14 16 10 7 10 2 7 14 10 3 11 1 0 1 3 4 0 2 7 11 4 16 0 4 6 0 0 1 11 14 10 1 4 9 7 9 16 7 0 16 11 11
split_gain=54.2488 31.0132 13.5153 21.6817 13.0636 7.94941 22.7566 14.8367 15.6482 11.8139 10.8997 12.0446 8.42767 8.27332 7.89141 7.38126 7.52741 11.7064 21.3504 25.2609 8.81212 7.0049 10.4129 10.1163 9.6825 7.45279 25.1038 6.72144 6.70359 6.48453 6.40716 17.6734 7.06196 8.76488 12.6389 7.07741 6.75848 6.29087 8.42411 6.21406 6.05285 7.3325 7.23129 5.95895 11.5821 7.32744 6.53853 14.4109 8.52521 6.25204 5.84731 6.21023 5.84104 5.80914 10.3432 32.9024 16.9445 13.7269 10.6822 8.70779 7.48234 9.87444
threshold=0.4991909414529801 0.59163263440132152 18.174837112426761 0.6904762089252473 0.21896404027938846 0.69885995984077465 0.99438202381134044 0.76609560847282421 0.88273492455482494 0.84390392899513256 0.64565756916999828 0.17519181966781619 0.11483516544103624 0.053342817351222045 0.82036876678466808 0.053342817351222045 0.093386627733707442 0.14389234036207202 0.13079115748405459 0.73717105388641369 4.9062407016754159 0.75797963142395031 0.2828571498394013 0.77260699868202221 0.43874999880790716 0.90999102592468273 0.73353058099746715 4.9062407016754159 0.39565217494964605 0.95488464832305919 0.84523808956146251 0.88273492455482494 0.20761494338512423 0.49675324559211737 0.32305502891540533 0.093386627733707442 0.21352583914995196 0.96051946282386791 0.48429276049137121 0.2264957278966904 0.19836065918207171 0.85893502831459057 0.35043859481811529 0.99350649118423473 0.91485509276390087 0.94185259938240062 0.73942822217941295 0.99350649118423473 0.2264957278966904 17.030370712280277 0.39565217494964605 0.94201681017875682 0.33195592463016516 0.86645436286926281 1.0000000180025095e-35 0.45434696972370153 0.78905326128005993 0.39747571945190435 0.67006802558898937 0.96017619967460643 0.31666667759418493 1.0000000180025095e-35
decision_type=2 2 2 2 2 2 2 2 2 2 2 2 2 2 2 2 2 2 2 2 2 2 2 2 2 2 2 2 2 2 2 2 2 2 2 2 2 2 2 2 2 2 2 2 2 2 2 2 2 2 2 2 2 2 2 2 2 2 2 2 2 2
left_child=1 4 5 37 -1 9 7 8 15 10 11 -2 -12 -11 -13 -7 20 18 -18 -20 -17 -10 23 25 29 -23 -27 -26 -6 50 43 32 -32 36 -35 -36 -34 -4 -39 -16 41 -38 -42 44 -9 46 48 -48 -45 -49 51 -24 -37 54 56 -56 -15 -57 -58 -55 61 -59
right_child=2 -3 3 -5 28 6 -8 30 21 13 12 14 -14 53 39 16 17 -19 19 -21 -22 22 24 -25 27 26 -28 -29 -30 -31 31 -33 33 34 35 52 40 38 -40 -41 42 -43 -44 45 -46 -47 47 49 -50 -51 -52 -53 -54 59 55 57 58 60 -60 -61 -62 -63
leaf_value=-0.0087370436710079297 -0.0026687572596819087 0.013409325971012211 0.0033998746012667298 0.080674587822245153 -0.080289951551202776 0.77822682971337087 0.075130571080050196 -0.0015432688258962208 0.083953368698697434 -0.095444823737486972 0.32920238350374786 -0.069223292053186058 -0.0024471859228165737 0.025610900858754466 -0.040476345424071372 -0.068355362179851414 0.12225658894944465 0.068079705171630159 -0.081115309068038682 1.3600492288872683 0.3494708202024161 -0.11872710922454564 -0.049019608451549256 0.094541503170398222 -0.043058523331827699 0.082699843929032402 -0.77652421314292863 -0.44901290076520112 0.46877225285870866 0.091591095316860507 0.020862096046316947 0.066280778022211745 -0.14841636045631482 0.08925698147421926 0.10430051104921668 -0.041377002415218973 -0.10197263621201387 0.0023516444203078505 0.075892288148518589 0.10288924802402098 0.00039603816491020504 0.041614141301361145 -0.048698722043038975 0.082130693263961344 0.083055306907847973 -0.21866173141681736 -0.092015168884053256 -0.026907428218663085 -0.091115457187853424 0.040043864487039726 0.10069507945151752 -0.36974649196665643 0.009549888343285148 0.0058764014994547344 -0.058548003684631506 0.024584379421322373 -0.042078627366340014 -0.011294523251355526 1.4856273532599015e-05 0.075626045716304435 0.0045014369043356118 -0.063475878120199891
leaf_weight=20.145885760022793 37.239773731605965 40.968233746287297 170.35701067159243 32.110893123492133 97.555770428356482 0.093139499775133028 28.649689187062904 861.27210310363444 3.6066685587284182 5.9564754077655371 0.49332914039405196 60.23240152047947 81.89822837626707 171.56425018783193 5.0459357644431275 4.0028752558573606 1.0053200764232304 39.112365504959598 0.11993334608268913 0.22178067022468895 0.35140965878963459 5.0161808977136415 1.4866218413226295 1.2470376447308806 0.62478562595788278 0.41128807584755112 0.46217267191968858 0.44833950907923281 0.1425208278815252 5.7870494067901745 119.5501635610126 32.482304703618865 2.408396214246749 12.734693521982988 4.3542408570647231 17.747453132644296 9.317030303180216 20.171107566216961 19.710010217851959 3.1383900842629373 108.646815628279 3.0119965337216845 23.322929237619974 7.344868934247641 10.483249821350908 1.2264368347823609 17.603220140561461 27.897496649296954 2.4157453365623951 13.126850182889028 1.0484673596220089 0.52207181893754739 76.732821420766413 349.26010309304547 78.969745399539534 92.662593159948301 41.14525260659866 411.57292231025349 619.92702083196491 11.843685100553556 198.41819923641742 24.596319845790276
leaf_count=8730 3951 16775 6346 27285 689991 34 8187 24344 125 769 32 88798 16529 4661 170 416 43 6190 36 22 2 81 54 28 37 30 28 33 65 246 3691 17189 23 173 29 140 62 1232 7239 55 849 31 272 90 902 55 165 790 58 598 34 28 7517 10509 86867 18414 434 122834 4957 2674 23441 6170
internal_value=-0.000720624 -0.0465492 0.00115412 0.0194472 -0.0673937 -6.38644e-05 0.00454147 0.00311451 0.0402791 -0.00309894 -0.0222721 -0.0392802 -0.000461395 -0.00130152 -0.059208 0.0667881 0.0653095 0.0760656 0.307944 0.854235 -0.034635 -0.0173395 -0.0387614 -0.112452 0.0142677 -0.15628 -0.37194 -0.212662 -0.079489 0.0418025 0.00131173 0.0096545 0.00478626 -0.00265487 0.0142446 0.0045794 -0.0155068 0.0100955 0.0386968 0.0144991 -0.0132885 -0.0668942 -0.00828045 -0.00232459 -0.000525933 -0.0248484 -0.0213726 -0.0314658 0.0392524 -0.00548455 -0.0524448 -0.132378 -1.63689e-05 -0.00102113 -0.00304499 -0.00950373 0.00320883 -0.00417817 -0.00260505 0.00816409 -0.00837808 -0.0142371
internal_weight=4041.02 158.812 3882.21 242.349 117.844 3639.86 1445.9 1417.25 65.5675 2193.96 188.048 105.657 82.3916 2005.92 68.4167 44.9068 44.8137 40.4594 1.34703 0.341714 4.35428 20.6607 17.054 7.13668 9.91734 5.88964 0.873461 1.07313 97.6983 8.84421 1351.68 410.309 377.827 258.276 111.569 98.8345 146.707 210.238 39.8811 8.18433 144.299 12.329 131.97 941.37 871.755 69.6146 68.3882 58.6276 9.76061 41.0243 3.05716 2.00869 94.4803 1999.96 1638.86 806.22 832.637 727.25 661.072 361.104 634.587 436.169
internal_count=1221560 715561 505999 42102 698786 463897 72632 64445 7467 391265 109535 92974 16561 281730 89023 6743 6709 6291 101 58 418 724 599 167 432 139 58 70 690056 362 56978 29976 12787 9096 7859 7686 1237 14817 8471 225 1214 93 1121 27002 25246 1756 1701 1553 148 1388 116 82 7657 280961 267778 257726 10052 170859 5391 13183 152445 129004
is_linear=0
shrinkage=0.08


Tree=88
num_leaves=63
num_cat=0
split_feature=16 9 15 11 14 9 9 14 8 9 4 1 14 16 16 0 1 4 0 3 3 15 3 0 6 4 1 14 9 1 0 8 1 0 4 6 14 5 4 3 9 3 6 9 14 4 4 9 1 0 8 1 15 8 1 8 8 16 3 1 14 0
split_gain=48.1761 28.7682 12.7372 14.755 14.518 11.8921 6.93126 6.88437 7.07096 6.02217 16.6617 16.6674 10.4856 12.0867 10.4807 6.63485 11.9162 6.45128 6.40463 6.92878 5.87392 5.94172 6.14484 5.85247 6.18751 17.8001 8.5499 9.16928 5.59413 12.1337 13.5811 7.29236 7.61334 6.96501 5.84865 16.3019 14.8772 10.9537 17.8285 15.2332 13.6799 25.9635 12.4522 14.9727 17.0801 13.0663 11.2819 15.9414 9.53979 11.6439 9.44409 9.37134 10.3117 8.49451 10.7085 8.3373 10.3271 10.0911 15.0973 10.2021 8.11992 11.6498
threshold=0.4991909414529801 0.59163263440132152 2.5000000000000004 0.41428571939468389 16.099511146545414 0.23670062422752383 0.50920382142066967 0.27643372118473059 0.89294019341468822 0.9976744055747987 0.53907206654548656 0.18350168317556384 4.1410288810729989 0.92721253633499157 0.80528196692466747 0.080540537834167494 0.13446328043937686 0.050641026347875602 0.41223156452178961 0.18350168317556384 0.63686314225196849 9.5000000000000018 0.31072796881198889 0.60495716333389293 0.062996033579111113 0.53694942593574535 0.38408851623535162 3.5750080347061162 0.97091406583786022 0.75181159377098095 0.75134408473968517 0.88642504811286937 0.12732185423374179 0.12579113990068438 0.99350649118423473 0.94201681017875682 4.5504581928253183 0.46428571641445165 0.69028213620185863 0.84028983116149913 0.95780044794082653 0.99438202381134044 0.61651584506034862 0.71744003891944896 2.5806746482849126 0.77849927544593822 0.93405798077583324 0.87287157773971569 0.94804319739341747 0.58204832673072826 0.96794739365577709 0.90521115064620983 6.5000000000000009 0.60038024187088024 0.9529346525669099 0.8740118443965913 0.53250595927238475 0.80528196692466747 0.3483316451311112 0.49675324559211737 15.167386531829836 0.68801230192184459
decision_type=2 2 2 2 2 2 2 2 2 2 2 2 2 2 2 2 2 2 2 2 2 2 2 2 2 2 2 2 2 2 2 2 2 2 2 2 2 2 2 2 2 2 2 2 2 2 2 2 2 2 2 2 2 2 2 2 2 2 2 2 2 2
left_child=1 5 3 -2 6 23 -5 8 -4 28 11 15 14 17 -13 16 -11 -14 19 -16 21 22 -19 24 25 26 -1 -28 34 30 31 32 -30 -34 35 36 37 42 39 -39 48 -42 43 44 45 -9 -44 -48 -41 -50 -40 -49 -53 54 -38 56 -45 58 59 -57 61 -36
right_child=2 -3 7 4 -6 -7 -8 9 -10 10 -12 12 13 -15 18 -17 -18 20 -20 -21 -22 -23 -24 -25 -26 -27 27 -29 29 -31 -32 -33 33 -35 60 -37 53 38 50 40 41 -43 46 55 -46 -47 47 51 49 -51 -52 52 -54 -55 -56 57 -58 -59 -60 -61 -62 -63
leaf_value=0.8434614644709798 0.0048884518287717988 0.012248231993431058 -0.045049915375590367 -0.089517330409645698 0.068506445462449564 -0.077880880148534296 0.019710324063713907 -0.043750974105094813 0.067260902431221486 0.067674693871294295 0.056433489271411952 -0.041203837136665394 -0.21965921738022778 0.029509181805218779 -0.018708273794737038 0.046729801301845557 -0.17711256462357383 -0.010065226046700165 -0.02567213573810033 0.048733240164213182 -0.1780241143286137 -0.13966859621226255 -0.078203306771761238 0.068832713541917806 -0.048408298062591046 1.7248277105572354 -0.080278352044972842 0.75023927480366326 0.031615493417493694 0.021272545555523031 -0.24642923991588842 -0.018974228034085831 -0.18548290716247667 -0.060242953243219467 -0.077566111381499075 0.082511837913855163 0.081311332526654706 0.067069231692158338 0.000257069486186835 -0.011341489824931821 -0.0019186198761173736 -0.85202313604085878 0.08817221690063072 0.023192727698293499 0.0096499491424253889 0.026550513283029924 0.058361486030902736 -0.63860280101888267 -0.046864920364725747 0.10315201424753444 -0.17944278084362428 0.087404815801035193 -0.32043276697653061 0.011697588112863847 -0.022004187929858313 0.039076925503373307 -0.0086888474269332799 -0.0082417927415923183 -0.035576162031597844 0.15718845449389782 -0.0011365255639031609 -0.013845504969858946
leaf_weight=0.0865921464064765 531.83353175330558 41.2513663033169 36.244494155333086 3.8780283544620024 50.14188663783716 92.067407618036668 90.188109393027844 170.44168826783425 3.9818389447173095 2.6748875239863983 43.250893101445399 24.17726839473471 1.5514603620395053 12.595149688306263 12.74910087068565 52.805191027000546 2.4280144143849611 22.1433084923774 15.350670474348588 41.437803830951452 2.2939724647440007 3.9366249535232773 13.718187207821755 4.7225252580756196 13.273215808178064 0.044319943379377946 0.78106380041572265 0.095478050410747528 3.0283199623227111 32.941049860732164 1.9274260005913664 60.195608288515359 4.7497768485918623 7.075372067745775 20.024461991975841 15.662778883721328 24.535158593265805 53.617251896081143 315.18160967688164 35.108780350485176 0.70260615018196293 0.34178057149983943 15.969773670454744 71.039714003782137 69.302982222558057 18.784982932898856 3.3987660889688405 0.30182252952363331 4.5566965491452747 12.115455157836548 1.8829178834566835 0.67151224205736049 0.96975787065457553 307.39324971911265 8.6964108298998308 69.501592297514435 767.9401895886258 74.720046914881095 17.480944070150144 5.0183730954304329 478.86197014965728 221.27495672309306
leaf_count=26 20942 16775 22207 142 32967 690166 10834 226123 90 141 9196 260 35 755 263 1962 19 250 334 438 36 30 134 1089 6905 22 576 2 57 2510 27 1079 42 109 2699 2143 634 3499 14707 1942 24 37 869 3534 14880 1468 171 11 224 540 53 104 74 11235 267 1159 49034 1634 662 79 32396 30938
internal_value=-0.000671233 -0.0448005 0.00106892 0.0110428 0.0337397 -0.0659882 0.0152072 -0.00104695 -0.0339327 -0.000626522 0.0112577 0.00185777 -0.0122198 -0.0395281 0.00416801 0.0383119 -0.0487977 -0.0594517 0.0199432 0.0328656 -0.0535466 -0.0463717 -0.0361303 -0.00837013 -0.0339006 0.157238 0.0851034 0.0101865 -0.00165722 -0.0193591 -0.0367468 -0.0313617 -0.0815636 -0.110548 -0.000958689 0.00120595 0.000584645 -0.00245813 0.00870035 0.0370295 0.00653939 -0.280119 -0.00613416 -0.00715643 -0.0243278 -0.036772 0.054508 -0.0461331 0.0123211 0.0621506 -0.000810095 -0.22891 -0.153569 0.0158514 0.0542746 -0.00274227 -0.00598931 0.0135976 0.0313348 0.0470309 -0.00716662 -0.0191334
internal_weight=4015.12 152.322 3862.8 676.042 144.208 111.071 94.0661 3186.75 40.2263 3146.53 251.113 207.862 149.954 56.2387 93.7148 57.9081 5.1029 43.6436 69.5376 54.1869 42.0921 39.7981 35.8615 19.0032 14.2807 1.00745 0.963134 0.876542 2895.42 109.918 76.9765 75.0491 14.8535 11.8251 2785.5 2065.34 2049.67 1709.05 423.507 106.443 52.8253 1.04439 1285.54 1264.23 258.53 189.227 21.3116 5.34186 51.7809 16.6722 317.065 1.94309 1.64127 340.625 33.2316 1005.7 838.98 166.721 92.0009 74.52 720.161 241.299
internal_count=1221560 715561 505999 64885 43943 698786 10976 441114 22297 418817 13853 4657 2535 1240 1295 2122 160 485 1035 701 450 414 384 8620 7531 626 604 578 404964 3824 1314 1287 208 151 401140 335107 332964 320828 21026 6266 2767 61 299802 298573 242471 227591 1229 360 2706 764 14760 189 178 12136 901 56102 52568 3534 1900 1238 66033 33637
is_linear=0
shrinkage=0.08


Tree=89
num_leaves=63
num_cat=0
split_feature=16 9 7 16 11 14 4 5 14 8 2 2 10 2 4 6 6 11 16 8 2 2 10 11 2 11 7 4 6 5 6 8 10 2 2 10 7 6 14 5 6 4 3 3 3 2 8 2 5 14 14 4 16 15 16 3 14 9 9 10 4 6
split_gain=42.9238 26.7301 12.2411 12.1451 19.2045 7.22307 8.67457 8.24329 6.28279 6.21327 6.14832 6.11994 13.0769 12.9743 11.2349 53.0682 96.3914 5.8832 24.4144 49.4843 5.64449 5.50744 6.87692 5.95382 15.7196 11.6049 9.9689 9.41695 14.5889 20.914 20.616 20.5517 20.8153 13.8387 13.5822 13.4159 12.0191 10.7916 11.5349 9.99708 12.9465 12.3209 18.4912 11.703 10.6549 11.8822 9.88242 10.1455 9.86322 14.0839 9.61328 11.9697 19.1332 17.1561 14.5733 10.0337 34.8254 10.1294 9.47183 9.07845 9.04734 13.0703
threshold=0.4991909414529801 0.59163263440132152 0.21896404027938846 0.9492306411266328 0.84523808956146251 15.406392097473146 0.88067796826362621 0.84523808956146251 0.27643372118473059 0.89294019341468822 0.78629976511001598 0.67068272829055797 0.97826087474823009 0.49742268025875097 0.64565756916999828 0.43050193786621099 0.38548950850963598 0.43650794029235845 0.98229035735130321 0.93820795416831981 0.6900656819343568 0.053342817351222045 0.56696429848670971 0.31666667759418493 0.90070420503616344 1.0000000180025095e-35 0.38814750313758856 0.12632978707551959 0.057417582720518119 1.0000000180025095e-35 0.14854215830564502 0.70986828207969677 0.40454545617103582 0.30825792253017431 0.77459675073623668 0.97826087474823009 0.62345302104949962 0.15470086038112643 3.1822726726531987 0.30952382087707525 0.36939570307731634 0.72834226489067089 0.76506900787353527 0.7320508360862733 0.84028983116149913 0.90070420503616344 0.91962411999702465 0.56980520486831676 0.84523808956146251 7.5303425788879403 0.93767893314361583 0.19836065918207171 0.60112446546554577 34.500000000000007 0.70842674374580394 0.29818989336490637 2.285822987556458 0.9034201204776765 0.87287157773971569 0.30602006614208227 0.52976614236831676 0.41763564944267279
decision_type=2 2 2 2 2 2 2 2 2 2 2 2 2 2 2 2 2 2 2 2 2 2 2 2 2 2 2 2 2 2 2 2 2 2 2 2 2 2 2 2 2 2 2 2 2 2 2 2 2 2 2 2 2 2 2 2 2 2 2 2 2 2
left_child=1 2 -1 8 5 6 7 17 9 -2 -7 12 13 -6 -14 16 -16 -5 -19 -20 -8 22 -10 25 -25 27 -27 -23 31 30 -30 34 33 36 58 37 -33 38 -31 -39 41 44 -43 48 -41 -46 47 -35 49 -42 51 52 -38 54 -53 57 -57 -52 -29 -49 -32 -62
right_child=3 -3 -4 4 11 10 20 -9 21 -11 -12 -13 14 -15 15 -17 -18 18 19 -21 -22 23 -24 24 -26 26 -28 28 29 35 60 32 -34 46 -36 -37 50 39 -40 40 43 42 -44 -45 45 -47 -48 59 -50 -51 55 53 -54 -55 -56 56 -58 -59 -60 -61 61 -63
leaf_value=-0.0080259587152376362 -0.044382186952382503 0.011194388760339839 -0.077844071520184591 0.01825248084249181 -0.38532729829053858 -0.02960385541105286 -0.058013483048865687 0.067434303801425358 -0.10154653759364488 0.062306276269211244 0.024636314840520705 0.07614447783145796 0.073884312311994355 0.080384949333105471 0.080478113992548089 0.08013124061696561 -4.2452342324297581 0.011857890156505136 0.08129653083564628 -0.96238456301576858 -0.0030737191279008938 0.011271596995779598 0.022269615785527518 0.0019157435952424865 0.04126511199909657 0.050544559851031644 -0.04464350226538244 -0.06584686874870177 -0.02137092273575061 0.0040792688913925661 0.15800414352304365 0.2315807943105623 -0.017214161425550711 -0.081217720726182996 0.22623294571889271 -0.10500822084079574 1.2385851896730955 -0.041401705760589672 0.090702588103451359 0.019726069733172674 -0.084874939114826964 -0.076338977927915871 0.077996387944938059 -0.0046231236107769531 -0.035761980300538475 0.16917829648479407 0.80757681271275961 0.5400720270362126 0.020815138958529895 -0.5992783043544625 -0.0027284630604021295 -0.080315974754368261 0.19196220309057566 1.5544961334100524 1.1808961354252505 -0.080399488272314204 1.3223542918723841 0.2129373157022669 0.0047712888614656682 0.046746369368222795 -0.020593979569510413 0.09125566577173963
leaf_weight=19.816649262211286 33.835574693690432 41.51258414502081 85.04585206838965 44.125010731862858 0.98051789985038051 14.533549524261614 12.515078313648699 21.256415063864551 7.5176834537705854 3.8957803681259966 167.78648076840909 36.470323030545842 7.6331774244317785 0.62809646379901096 0.081241228617727645 0.56959393218858168 0.055485619348473847 5.0064983868505797 0.63882601843215503 0.53359718387946486 273.91491502313875 301.06831972063083 4.6446379693225026 1081.3392598196297 69.128549427972757 7.8998513745173105 64.802592834050301 78.43015786541946 20.082396415076801 25.32780536829523 7.3582934139849376 3.7168144941242707 117.21199952317693 5.9860325410554642 1.1130036789909343 8.2182892882265133 0.18178448374965117 43.629346409652499 16.087453554879175 108.21656198906567 15.90929977436463 5.7991904054288161 34.680048396367056 1073.4402481667275 42.131808129415731 1.8918964897020476 0.089762060903012642 0.31315072247525666 6.4829405366108395 0.34809235855937082 9.4868526583741133 0.78675190279318485 0.29030421958304942 0.048909266683040187 0.063357427367009223 0.33562814441393207 0.17096883698832244 1.6338421842083342 14.385280776448779 1.0047054590540936 9.2852059298602381 23.890181493181444
leaf_count=8730 22230 16775 690056 905 36 421 100 852 1181 75 10180 28884 1402 322 23 414 27 279 76 21 2332 19359 89 68149 20617 2333 10120 143620 4463 14987 329 492 8037 3046 82 107 38 27237 453 15173 2828 824 1048 83500 3592 45 3 24 1294 4 868 442 51 16 10 148 23 14 1232 105 395 1042
internal_value=-0.000621541 -0.0431402 -0.06465 0.000999677 0.0115936 0.00735131 0.000750291 0.0256647 -0.000911586 -0.0333666 0.0203126 0.0609733 0.00535501 -0.203486 0.0456386 -0.259612 -1.67495 0.0080146 -0.0650963 -0.393707 -0.00547422 -0.000530626 -0.0542627 -0.000326549 0.00428014 -0.00290958 -0.0343004 -0.00175643 -0.00409389 -0.00108182 0.0449115 -0.0225669 -0.00328964 0.0644083 -0.0515706 -0.0030989 0.104719 -0.00248932 0.0377275 -0.00373927 -0.00246439 0.0166576 0.0558858 -0.00582624 0.00622725 -0.0269548 -0.0267245 -0.0369778 -0.0626183 -0.095889 0.0684439 0.268792 0.594979 0.0975053 0.0136804 0.0448186 0.393009 0.028957 -0.0549019 0.163971 0.077751 0.0599509
internal_weight=3985.26 146.375 104.863 3838.89 586.729 540.31 357.99 71.5603 3252.16 37.7314 182.32 46.4184 9.94811 1.60861 8.3395 0.706321 0.136727 50.3039 6.17892 1.17242 286.43 3214.43 12.1623 3202.27 1150.47 2051.8 72.7024 1979.1 1678.03 1442.78 60.6161 235.249 141.321 24.1089 93.9284 1382.16 16.7152 1373.94 41.4153 1332.53 1288.9 192.72 40.4792 1096.18 152.24 44.0237 7.39365 7.30389 22.7403 16.2574 12.9984 1.37111 0.472089 0.899019 0.850109 11.6273 0.506597 11.1207 92.8154 1.31786 40.5337 33.1754
internal_count=1221560 715561 698786 505999 46274 15166 4565 2133 459725 22305 10601 31108 2224 358 1866 464 50 1281 376 97 2432 437420 1270 436150 88766 347384 12453 334931 315572 157321 6229 158251 13317 5280 144934 151092 2102 150985 15440 135545 108308 20682 1872 87626 18810 3637 3178 3175 4126 2832 1610 557 89 468 452 1053 171 882 144852 129 1766 1437
is_linear=0
shrinkage=0.08


Tree=90
num_leaves=63
num_cat=0
split_feature=16 10 16 11 14 8 8 1 0 14 4 5 3 4 14 0 2 1 0 4 14 2 11 1 16 0 4 6 8 8 2 11 1 2 0 1 3 3 0 1 4 0 2 4 3 4 2 2 14 4 0 0 4 5 0 16 16 8 16 4 4 2
split_gain=38.0728 17.4745 11.262 20.1293 9.15207 8.84539 8.00756 7.30054 14.1643 6.19895 7.58864 7.42536 6.12338 8.29163 5.84499 5.5215 5.50233 5.39158 11.6704 11.1521 5.79272 5.31236 5.11806 17.7123 11.8204 11.1229 15.7627 23.8681 13.7056 13.475 10.3545 10.3451 9.98649 9.55063 11.1193 15.2992 17.2846 13.4462 27.8911 12.895 12.4192 11.9597 10.9926 10.565 9.51537 11.5618 9.26257 10.0546 9.18997 8.59034 14.6218 11.7778 15.6092 31.0222 14.0135 12.5008 12.1274 11.2046 18.008 19.4975 19.9639 9.73496
threshold=0.4991909414529801 0.17519181966781619 0.9492306411266328 0.84523808956146251 5.3272314071655282 0.23354978114366534 0.55580469965934765 0.15047170221805575 0.087595909833908095 15.406392097473146 0.88067796826362621 0.84523808956146251 0.18350168317556384 0.94641149044036876 0.18192912638187411 0.68801230192184459 0.62988328933715831 0.10063291341066362 0.072077922523021712 0.059262510389089591 5.7507581710815439 0.73546314239501964 0.31666667759418493 0.85053193569183361 0.56867393851280224 0.71516755223274242 0.6624472737312318 0.45080643892288214 0.85783973336219799 0.44835317134857183 0.77459675073623668 1.0000000180025095e-35 0.26794873178005224 0.68457102775573742 0.61620295047760021 0.65485891699790966 0.50190839171409618 0.61257407069206249 0.35751880705356603 0.41444373130798345 0.093386627733707442 0.40709352493286138 0.41223156452178961 0.19139194488525393 0.70678734779357921 0.62115561962127697 0.80217391252517711 0.89512962102890026 1.5385157465934756 0.36758151650428778 0.31643131375312811 0.78629976511001598 0.74133810400962841 0.38750000298023229 0.88273492455482494 0.69871267676353466 0.66786572337150585 0.72767147421836864 0.68302720785141002 0.34178434312343603 0.35585997998714453 0.75134408473968517
decision_type=2 2 2 2 2 2 2 2 2 2 2 2 2 2 2 2 2 2 2 2 2 2 2 2 2 2 2 2 2 2 2 2 2 2 2 2 2 2 2 2 2 2 2 2 2 2 2 2 2 2 2 2 2 2 2 2 2 2 2 2 2 2
left_child=1 5 14 9 12 16 -6 8 -7 10 11 -4 -3 -14 -2 -12 -1 -16 19 -19 -21 -11 24 25 48 33 28 -28 -27 -29 -30 32 -26 34 35 37 -37 38 39 -24 -40 -38 43 -41 45 -43 -31 -48 -20 50 57 -51 54 55 -53 -54 -55 -34 59 -59 -61 -52
right_child=2 4 3 -5 6 7 -8 -9 -10 21 15 -13 13 -15 17 -17 -18 18 22 20 -22 -23 23 -25 31 26 27 29 30 46 -32 -33 49 -35 -36 36 41 -39 40 42 -42 44 -44 -45 -46 -47 47 -49 -50 51 61 52 53 56 -56 -57 -58 58 -60 60 -62 -63
leaf_value=-0.029872458544216524 -0.062562394746124281 0.015458148000600918 0.0077702279771177819 0.06190514635287947 0.0838483524046892 -0.12250267538560655 0.76429387190015818 -0.079033192129111626 0.069893178179896362 -0.037596944833850079 -0.05062695736725896 0.065061821747753185 -0.087440140414221879 0.26908273943019323 0.031818594172341237 -0.0023352229126684895 0.081765233505279117 -0.10542989066842154 -0.062987351513362017 0.02510692427023694 -0.20313710499337287 0.022319421383212013 -0.0017496918248681096 0.026747748490870093 0.014442120804502714 -0.047788133982521831 0.054069276073346551 0.11806863862986636 -0.26707522304613301 -0.019873902721668755 0.02069846736827817 -0.032308071016684925 -0.038698817185212037 0.036857894053506417 -0.039806446164129275 0.10305344201597211 -0.26965783344003569 0.054771292630214574 0.090483386777839098 -0.037123903211205816 -0.0480632524566664 0.012099428292242656 -0.14016330505802566 0.046798088660410804 0.067687309985990887 -0.13233474716264199 -0.16464822475917268 -0.0025275606825339416 -0.011403802214508691 0.0070717441232590337 -0.050766876231392408 -0.069647362167560387 0.11110422451991142 -0.056409891616426532 0.057400100532655832 0.028457898668500625 -0.0074316809734868384 0.07716260859822352 -0.004255716022013749 0.30491409817133647 1.7459906769434494 0.10186179909859944
leaf_weight=15.698510627640646 9.7958846668407187 31.151400707836729 50.431433564284816 46.174058926757425 0.27358046839071803 4.0722942909305839 0.18589706219790969 72.56317433723234 6.1435438928529038 10.030411730520425 16.053536680527031 20.308594713918865 6.88381361490974 0.44444347545504559 32.3584043384908 270.0497362781316 3.445764286138 13.285606142788312 35.201168183572008 9.0182855627499485 0.77261395566165525 169.68202514707809 527.7038753870147 179.87448480458988 247.51114867380238 8.7763041440630314 19.852347153973824 2.3551268553856088 4.1802336806431404 8.878404500428589 0.98966378183104087 67.941840640822193 33.518281605225638 46.569942251881002 43.378172544435074 19.232582885095326 0.9471118274886966 26.325729062424216 4.3241027701733392 11.018350610815103 97.671760180917772 21.16246370460431 2.3286419254000057 74.611953793209977 15.33131884675822 4.2612843188471734 10.098691339488139 3.2318543340079477 59.408982355162152 668.8618158105819 75.346626064871089 40.407339766738005 14.776369002385762 34.127187451173086 6.4423195481358553 56.500493738567457 623.05204313178547 17.125826349307321 59.327963778981939 0.20667121768928964 0.087604502099566162 2.772923380311112
leaf_count=8009 10197 7887 1281 31108 46 5277 7 650998 11332 264 128 852 31314 4 1209 2304 687 1513 120990 536 15 10337 16216 36420 7915 467 1527 98 73 675 43 6021 15249 3346 3454 601 111 1396 83 459 15133 1974 483 3999 888 263 436 543 75185 42050 39670 1480 540 26014 128 1507 16806 1925 1887 60 32 108
internal_value=-0.000523627 -0.0413691 0.000981099 0.0112201 0.00421768 -0.0587852 0.359145 -0.0701189 -0.00680073 0.00685838 0.000756102 0.0242179 -2.04419e-05 -0.0658178 -0.000859903 -0.00504492 -0.00977887 -0.00067284 -0.00100152 -0.0576875 0.00709586 0.0189753 -0.000589606 0.00372241 -0.00298162 -0.000622474 -0.034461 -0.0111643 -0.108657 -0.0638853 -0.211987 -0.00164044 -0.00053217 0.00158445 -0.000351993 0.00177426 0.040313 -0.00138219 -0.00344205 0.00297719 -0.0421896 0.0113778 0.0313358 0.0359996 0.0179088 -0.0121092 -0.0831804 -0.125344 -0.0305963 -0.00280242 -0.0188698 -0.000706489 -0.00741683 -0.00453814 -0.052177 0.0455913 -0.00997511 -0.000110222 0.0167426 0.0882571 0.733916 -0.0453492
internal_weight=3964.54 140.862 3823.68 582.73 38.9391 101.923 0.459478 82.779 10.2158 536.556 356.843 70.74 38.4797 7.32826 3240.95 286.103 19.1443 3231.16 3198.8 23.0765 9.7909 179.712 3175.72 1133.1 2042.62 953.23 58.3626 44.4164 13.9462 24.5641 5.1699 1948.01 1880.06 894.867 848.297 804.919 60.9348 743.984 717.659 615.663 101.996 41.7022 87.9589 85.6303 40.7551 25.4237 22.209 13.3305 94.6102 1632.55 188.386 1444.17 775.306 728.456 46.8497 71.2769 657.179 110.266 76.7481 17.4201 0.294276 78.1195
internal_count=1221560 715561 505999 46274 39258 676303 53 667607 16609 15166 4565 2133 39205 31318 459725 2432 8696 449528 448319 2064 551 10601 446255 88688 357567 52268 3862 3279 583 1752 116 161392 155371 48406 45060 41606 3837 37769 36373 21157 15216 3236 4941 4458 3125 2237 1654 979 196175 147456 58931 88525 46475 44867 1608 2047 42820 19153 3904 2017 92 39778
is_linear=0
shrinkage=0.08


Tree=91
num_leaves=63
num_cat=0
split_feature=16 9 15 15 11 1 9 8 14 16 14 16 14 1 2 8 7 10 11 8 7 1 10 2 1 11 2 10 2 9 2 11 9 2 1 16 2 8 8 1 2 14 14 14 16 14 10 16 15 9 14 7 10 7 15 2 1 15 2 9 8 14
split_gain=33.7948 22.8085 12.3712 9.92874 16.4611 14.3886 8.15619 5.85665 7.21419 8.97892 7.15087 6.51736 6.47092 6.21005 9.16053 6.04767 5.80455 8.73877 13.5819 11.9937 11.1798 5.91411 5.73525 5.55046 5.89983 5.30859 10.5141 7.83739 11.8333 16.1746 14.2143 7.72571 7.49494 5.26689 16.3699 5.67286 6.38588 9.03519 6.64536 5.60526 5.53724 6.13564 12.3443 5.19108 6.49405 5.1322 5.13069 5.0051 4.96873 6.69269 5.16158 6.74407 6.37543 5.87075 7.97227 6.86002 6.15447 5.14367 4.95909 10.8329 8.21118 4.87339
threshold=0.4991909414529801 0.59163263440132152 6.5000000000000009 3.5000000000000004 0.81666666269302379 0.88047617673873912 0.48056980967521673 0.97789987921714794 22.49306678771973 0.93799206614494335 2.2675398588180546 0.85893502831459057 0.18192912638187411 0.28320802748203283 0.15535445511341098 0.99779736995697033 0.97525763511657726 0.93095237016677868 0.64583334326744091 0.86683088541030895 0.85779517889022838 0.90070420503616344 0.74342104792594921 0.053342817351222045 0.10063291341066362 0.43650794029235845 0.86616915464401256 0.8441295623779298 0.75974681973457348 0.97091406583786022 0.81872946023941051 0.35416667163372045 0.40792746841907507 0.092665474861860289 0.15504807978868487 0.77286669611930858 0.072077922523021712 0.81501609086990368 0.82480052113533031 0.2152509689331055 0.087595909833908095 1.6215988397598269 1.5146290063858034 4.1410288810729989 0.90234732627868663 0.61227789521217357 0.098387096077203764 0.74301329255104076 30.500000000000004 0.85048422217369091 2.3531351089477544 0.96441236138343822 0.43303571641445165 0.42586620151996618 31.500000000000004 0.17712418735027316 0.17519181966781619 32.500000000000007 0.080540537834167494 0.81145748496055614 0.6565271019935609 1.8534032106399538
decision_type=2 2 2 2 2 2 2 2 2 2 2 2 2 2 2 2 2 2 2 2 2 2 2 2 2 2 2 2 2 2 2 2 2 2 2 2 2 2 2 2 2 2 2 2 2 2 2 2 2 2 2 2 2 2 2 2 2 2 2 2 2 2
left_child=1 2 -1 4 16 -6 -7 12 9 10 22 -12 -5 -13 -15 -16 17 25 19 -19 -20 -22 -9 -14 -25 31 27 46 -29 30 -30 45 -28 34 35 36 37 -26 40 -36 41 42 58 -17 -45 -2 -27 -42 -35 -50 51 53 -52 57 55 -55 -56 -51 -38 -60 -61 -47
right_child=3 -3 -4 7 5 6 -8 8 -10 -11 11 13 23 14 15 43 -18 18 20 -21 21 -23 -24 24 33 26 32 28 29 -31 -32 -33 -34 48 39 -37 38 -39 -40 -41 47 -43 -44 44 -46 61 -48 -49 49 50 52 -53 -54 54 56 -57 -58 -59 59 60 -62 -63
leaf_value=0.0082080848778695575 -0.08435136421028222 0.0095714970671820707 -0.073705498154319912 -0.069077470426017945 0.015644243112847536 -0.0670666287943497 0.077011511166294483 0.14623907206976208 -0.33774115950702149 0.068102169858420575 -0.039844430228589828 0.074799674620826845 -0.061014989966544156 -0.24825270785494238 -0.062336141477664739 0.079515913382212824 0.056564299653060049 -0.4396819753808569 -0.52952423838804985 -0.020740914870974278 0.087067016527504579 -0.3302288226632033 0.028523317231540148 0.03747277885007734 -0.035257228073453377 -0.10799144579895849 -0.10104543784178188 -0.01344817606448051 -0.97753055019215451 -0.085873660198873283 -0.19085593801830936 -0.12749857998213554 0.078776766509139701 -0.00099805423364781633 -0.10066905970270745 0.046096260547107956 -0.013594503509191724 -0.24254438153457017 0.089387334219169085 0.0030703488757211133 -0.040269448977361226 -0.018082642849660061 0.70061170313784649 -0.089276733796580632 0.043057417565801982 0.03666305396896833 0.020412292540805611 -0.26316765265245073 -0.032787304444065697 0.19418000509956476 0.30562495119743821 -0.26263012226516469 0.046487123836544485 -0.17548658725335525 0.08363025682730911 -0.01228052538444749 -0.011642002768106223 -0.01252502258331409 -0.096078266191015976 0.039063285108417327 0.41306203150019294 0.001634998271418338
leaf_weight=13.841804015009982 4.3569572167325523 41.554777699842816 79.991111866511346 9.3215717901693989 113.47127898774488 2.6693076451483639 43.39028780197259 3.0177027239697081 0.36543608567444508 18.876000650285278 24.472308107302524 8.2401036443188769 10.262737944191029 0.95565246418118732 6.3646451444365111 7.4108313734177527 12.909755046362987 0.44774044200312957 0.65028114116284885 18.841187583166175 0.50437166192568839 0.38197353784926236 21.673533037537709 23.928770502199768 7.0131644563953142 2.0710442118142955 1.5865374657732925 5.4130008032079777 0.30168930441141117 1.2550529203144831 0.28668894362635911 2.9466271792771286 22.821175260585733 2316.2559448872416 17.896198501613984 13.242908487562088 2.4550696284641207 1.6653423677198587 4.776628205087035 4.0964211973405318 11.480344359973968 9.2011586026928835 0.20450991275720287 3.9086831648601201 6.0417682043043897 26.211377879124484 51.914855729890405 0.6830948134884246 72.201512120282132 1.7800363712885876 0.68222387332934786 0.63490329682826896 5.5559311757097021 3.0657858448103097 5.7367041385732618 3.5649328694853466 17.816943839250598 1.358441055024741 0.77620850141102016 0.61191741493530549 0.97326771495863795 842.19483618717641
leaf_count=55042 287 16775 643744 10167 8482 36 40381 62 22 3625 694 404 1287 17 143 194 1098 20 40 911 17 40 505 638 630 42 14 147 16 80 24 52 6330 337651 1599 287 351 24 87 542 364 252 29 82 185 1361 2290 13 51508 40 19 4 172 51 94 203 830 36 188 21 34 31277
internal_value=-0.000494215 -0.0397704 -0.061622 0.000903956 0.00709477 0.0309514 0.0686617 -0.00179489 0.0170669 0.0183511 0.00691057 -0.0085767 -0.00254519 0.0146661 -0.00540983 0.00437159 0.00327014 0.00256965 -0.0487003 -0.0304655 -0.277598 -0.0927681 0.0429103 -0.00230082 -0.00206243 0.00368029 0.022689 0.00499407 -0.0730659 -0.248126 -0.594221 0.00182112 0.0670881 -0.00244028 -0.0233094 0.000735271 -0.0143426 -0.0750341 0.00255972 -0.0813462 -0.0131588 0.0207333 0.0918653 0.0288266 -0.00892538 0.00225773 0.0154864 -0.0527873 -0.00179516 -0.0182217 0.00794175 -0.00434535 0.0748272 0.000575778 -0.0102519 -0.0877406 0.0115624 0.104711 0.0660176 0.148788 0.26869 0.00269226
internal_weight=3938.58 135.388 93.8329 3803.2 1154.63 159.531 46.0596 2648.57 101.327 100.961 82.0852 57.394 2547.24 32.9217 24.6816 23.7259 995.095 982.185 20.8256 19.2889 1.53663 0.886345 24.6912 2537.92 2527.66 961.36 85.65 61.2423 7.25643 1.84343 0.588378 875.71 24.4077 2503.73 75.0762 53.0836 39.8407 8.67851 31.1622 21.9926 26.3856 14.2221 5.02097 17.3613 9.95045 872.763 53.9859 12.1634 2428.65 112.397 40.1959 33.9577 6.23816 33.3228 30.1844 6.63072 23.5536 3.13848 4.81646 2.36139 1.58519 868.406
internal_count=1221560 715561 698786 505999 92945 48899 40417 413054 5933 5911 2286 1719 407121 1025 621 604 44046 42948 1028 931 97 57 567 396954 395667 41920 8943 2599 267 120 40 32977 6344 395029 4421 2280 1993 654 1339 2141 1252 875 623 461 267 32925 2332 377 390608 52957 1449 1258 191 1254 1178 254 924 76 594 243 55 32638
is_linear=0
shrinkage=0.08


Tree=92
num_leaves=63
num_cat=0
split_feature=16 9 7 16 9 2 10 9 2 1 2 8 9 16 3 7 4 2 14 14 15 7 16 4 5 3 14 15 14 7 5 10 2 8 16 7 9 14 2 7 2 9 5 14 9 4 4 4 8 3 2 16 15 3 0 3 3 8 7 7 2 9
split_gain=29.8306 21.0035 11.9131 9.11777 16.1395 11.0434 6.68482 10.1097 8.38613 9.07774 7.57379 19.8983 26.3665 8.22294 7.40201 6.70517 6.50257 7.01196 6.0525 6.02779 5.67925 18.3992 311.991 7.4326 8.66891 13.2916 34.5515 58.4931 6.01757 5.60691 5.52493 5.1609 5.11525 5.43681 5.11069 7.53621 14.1677 20.2973 5.07584 5.00183 21.6512 14.2914 10.1625 8.94075 8.95554 11.5601 10.9788 7.44874 7.4149 12.0643 8.75503 6.98543 6.33742 8.41925 7.72829 7.20777 10.2029 11.5783 5.97004 11.3976 5.34473 8.05766
threshold=0.4991909414529801 0.59163263440132152 0.26911830902099615 0.9492306411266328 0.9976744055747987 0.52679425477981578 0.92582416534423839 0.66220691800117504 0.96051946282386791 0.9529346525669099 0.94804319739341747 0.96017619967460643 0.97572758793830883 0.96017619967460643 0.99438202381134044 0.80297499895095836 0.8589511811733247 0.81120249629020702 15.349028110504152 20.873035430908207 7.5000000000000009 0.26425938308238989 0.35843603312969213 0.44590643048286444 0.23611111193895343 0.44562648236751562 3.1822726726531987 5.5000000000000009 17.030370712280277 0.69885995984077465 0.73214286565780651 0.39565217494964605 0.90070420503616344 0.931591957807541 0.95500558614730846 0.87533783912658703 0.9388999640941621 19.642633438110355 0.63373982906341564 0.67750748991966259 0.99438202381134044 0.76609560847282421 0.73214286565780651 1.0505385398864748 0.81145748496055614 0.6624472737312318 0.072077922523021712 0.043015725910663612 0.73854896426200878 0.056349206715822227 0.73546314239501964 0.55955466628074657 6.5000000000000009 0.99438202381134044 0.71010184288024913 0.73746865987777721 0.59299960732460033 0.71933290362358104 0.59026268124580394 0.59381821751594555 0.26365442574024206 0.74431523680686962
decision_type=2 2 2 2 2 2 2 2 2 2 2 2 2 2 2 2 2 2 2 2 2 2 2 2 2 2 2 2 2 2 2 2 2 2 2 2 2 2 2 2 2 2 2 2 2 2 2 2 2 2 2 2 2 2 2 2 2 2 2 2 2 2
left_child=1 2 20 39 5 -5 7 16 9 14 34 -12 13 -13 -9 -16 -7 -18 -19 30 21 23 -23 24 -1 26 27 -26 -22 31 -17 -4 33 -8 35 -11 37 -37 -25 43 41 42 48 44 45 46 47 -2 50 -50 52 -51 54 55 -41 56 -54 -58 -47 -60 61 -53
right_child=3 -3 29 4 -6 6 32 8 -10 10 11 12 -14 -15 15 19 17 18 -20 -21 28 22 -24 38 25 -27 -28 -29 -30 -31 -32 -33 -34 -35 -36 36 -38 -39 -40 40 -42 -43 -44 -45 -46 58 -48 -49 49 51 -52 60 53 -55 -56 -57 57 -59 59 -61 -62 -63
leaf_value=-0.081111377189537759 -0.099015391983893836 0.0087607932877283908 -0.078200053827536184 -0.11017012463811775 0.05252480190643518 0.041651977410599214 -0.20560238738398981 0.037223825640624611 0.076662684048157417 0.064177052329682113 0.081052699450513133 -2.0229603934135651 0.081236817442241302 -0.87363971787606631 0.03546125182612854 -0.14206996846775227 -0.032440283366172558 -0.0034384793541925502 0.018348616986435619 -0.20503181946866689 -0.044092093241119637 26.590979218284151 -0.080009707557517226 -0.067626563750078972 -0.080258905099753253 0.19121811186417284 -0.082745343499162113 4.7058751213718368 0.48772071375700815 0.39403169961866069 -0.010330907131922877 0.35434634424541978 0.083757903995105673 -0.048093257570706233 0.065169244189445363 -0.069050917412083329 0.043552725736281363 -0.68112753509802459 0.098432740202720026 0.073753519849897128 0.073738239485851217 -0.00080840929053016726 -0.0135562522294862 -0.0015585487186948405 0.0039080281644824381 -0.01719708941525537 -0.071297763786885307 0.03299765064011731 1.2071825849861531 -0.115073326345243 0.088001389336075167 0.44602593523558931 -0.034081085419816054 0.24176610824830164 -0.061387377594340813 -0.15309567723901363 0.04978324116247216 0.42699044623198279 0.35533877328756491 0.025394080029360701 0.074788390526999426 0.13349374264367408
leaf_weight=0.63912090264784938 3.4995812761262668 41.75922623097722 68.223185611001099 5.1947980169788925 52.258041628811043 26.458843814209104 1.8877261615125442 9.1989485723315738 21.590421577217057 4.3190737714176057 0.59777107340050761 0.075994681392330676 0.14078636741032824 0.083743170194793493 3.9671981354476893 3.1408132627839205 37.06505829282105 235.84810314700007 124.77935531083494 2.1779183936887412 12.725709391259439 0.0029995117365614323 0.043737543892348185 3.4917538658410194 0.031973108132660744 1.3427568719926055 0.084542399679776281 0.03342876228998648 0.13764342196373114 0.16206229371164127 5.7993985666544177 0.17699677315249474 1.2969522700877858 5.4567548641352914 28.307069257716648 1.0295261525898243 2.0993693208438344 0.52282855275552709 1.7778517436163381 15.07554130141216 26.834024370473344 1402.3749430366588 24.381880454777274 1473.9961912660729 73.558079624577658 67.198099815337628 53.562292407117639 12.527887709577042 0.062056816415863802 1.000948493383478 13.653673019260166 0.62715347833000068 16.516236554009094 0.80084052588790555 3.3013260588631956 2.4059960084268814 3.2494052163674492 0.62019276781938959 0.72651380249590047 8.621998751186764 11.15300316523644 3.337952179950662
leaf_count=741 1487 16775 671530 91 20462 242 39 900 13990 449 191 8 30 32 126 39 287 1255 2009 33 23556 21 421 1544 16 273 9 25 19 6 242 65 265 137 4919 66 419 43 560 956 10398 54408 777 241783 4799 17470 112791 3666 4 124 429 32 8823 14 76 103 394 37 24 297 719 114
internal_value=-0.000449189 -0.0380365 -0.0600251 0.000845548 0.0101407 0.00588971 0.00705849 0.00824721 0.0337717 0.0187045 0.0435537 -0.185916 -0.716942 -1.42042 -0.0193363 -0.0538264 0.00324939 0.000694428 0.00409999 -0.0856862 -0.00621215 0.0493804 1.63169 0.0393887 0.165431 0.270992 0.985366 2.36607 -0.0384015 -0.0759672 -0.0566126 -0.0770808 -0.0627123 -0.0885773 0.0492357 -0.00734983 -0.0919482 -0.275197 -0.0116017 -0.000809847 0.00251303 0.00123763 0.0310685 -0.00380254 -0.0188582 -0.0303176 -0.0539159 0.00417274 0.0462212 0.0938853 0.0323555 0.0895992 0.0142526 -0.0131838 0.049476 -0.022142 -0.00668645 0.110239 -0.00886395 0.0510355 0.10315 0.182926
internal_weight=3923.02 130.633 88.8738 3792.38 573.296 521.038 515.844 507.202 83.0509 61.4604 37.1762 0.898295 0.300524 0.159738 24.2843 15.0853 424.151 397.693 360.627 11.1181 20.3115 7.44816 0.0467371 7.40143 2.13182 1.4927 0.149944 0.0654019 12.8634 68.5622 8.94021 68.4002 8.64143 7.34448 36.2779 7.9708 3.65172 1.55235 5.26961 3219.09 1525.4 1498.56 96.1862 1693.69 219.694 146.136 69.5898 16.0275 71.8043 16.1811 55.6232 16.1191 41.9695 23.5927 18.3769 22.7918 20.3858 3.8696 76.5466 9.34851 15.1181 3.96511
internal_count=1221560 715561 698786 505999 46274 25812 25721 25280 21487 7497 6157 261 70 40 1340 440 3793 3551 3264 314 27185 3610 442 3168 1064 323 50 41 23575 671601 281 671595 441 176 5896 977 528 109 2104 459725 77408 67010 12602 382317 140534 135735 117944 5153 11825 993 10832 989 10403 9371 1032 9357 9254 431 17791 321 865 146
is_linear=0
shrinkage=0.08


Tree=93
num_leaves=63
num_cat=0
split_feature=9 7 7 2 15 7 15 1 14 1 0 9 7 14 2 15 7 11 9 1 1 2 9 0 10 14 9 15 1 3 0 6 11 15 0 2 5 6 5 6 2 6 2 1 3 1 3 6 7 14 0 6 3 6 1 0 0 2 0 0 1 1
split_gain=14.1836 92.6688 33.7802 667.796 6445.57 23151.7 970.845 7174.3 197.735 384.087 28.8517 121.755 1018.35 4526.28 28.2428 16.9812 21.1562 12.2327 8.35088 8.03823 13.7413 16.3415 8.76551 7.75187 7.64638 7.54552 8.62517 7.78241 7.45001 21.7445 17.2537 21.2842 13.2883 15.2178 31.3527 11.3104 10.5607 13.8096 8.98773 26.1495 13.7745 15.454 14.9012 20.6324 26.1514 18.5019 16.3915 15.5451 14.0321 86.1221 12.6658 15.9752 15.4173 20.4968 17.5012 14.5415 14.277 29.9538 13.5705 11.5059 10.8789 16.3227
threshold=0.54067841172218334 0.23745594918727878 0.26911830902099615 0.34066730737686163 5.5000000000000009 0.26425938308238989 7.5000000000000009 0.31662489473819738 3.2512969970703129 0.41060766577720648 0.4403389841318131 0.26713615655899053 0.26425938308238989 2.3369866609573369 0.92031747102737438 6.5000000000000009 0.50917509198188793 0.38750000298023229 0.36980545520782476 0.93813776969909679 0.95488464832305919 0.93643954396247875 0.79187294840812694 0.55941176414489757 0.075498577207326903 1.7339977622032168 0.48292520642280584 4.5000000000000009 0.99350649118423473 0.99438202381134044 0.73942822217941295 0.65301004052162182 0.41428571939468389 31.500000000000004 0.8521554470062257 0.84028983116149913 0.84523808956146251 0.98076921701431286 0.6904762089252473 0.70135134458541881 0.74239632487297069 0.37668919563293463 0.3034138828516007 0.53229168057441723 0.41421362757682806 0.61435899138450634 0.61257407069206249 0.045983087271451957 0.38605175912380224 3.4061220884323125 0.61620295047760021 0.34654632210731512 0.6820855736732484 0.2419017776846886 0.77448415756225597 0.54653680324554454 0.73375529050827037 0.64174234867095958 0.50274726748466503 0.33508773148059851 0.36237373948097235 0.37590579688549047
decision_type=2 2 2 2 2 2 2 2 2 2 2 2 2 2 2 2 2 2 2 2 2 2 2 2 2 2 2 2 2 2 2 2 2 2 2 2 2 2 2 2 2 2 2 2 2 2 2 2 2 2 2 2 2 2 2 2 2 2 2 2 2 2
left_child=1 18 3 4 5 -3 7 -6 -9 -10 11 12 -5 -14 28 16 24 19 23 -16 21 -21 -23 -1 -4 -18 -27 -28 29 38 -31 -32 -30 -34 -35 -33 -37 -38 39 40 42 -42 47 46 45 48 -44 59 49 -45 52 56 54 -54 58 -55 57 -52 -46 60 -2 -62
right_child=14 2 15 10 6 -7 -8 8 9 -11 -12 -13 13 -15 17 -17 25 -19 -20 20 -22 22 -24 -25 -26 26 27 -29 32 30 31 35 33 34 -36 36 37 -39 -40 -41 41 -43 43 44 50 -47 -48 -49 -50 -51 51 -53 53 55 -56 -57 -58 -59 -60 -61 61 -63
leaf_value=-0.033615918249261183 -0.00030419102015835078 -0.080013285942649323 -0.06362203506818262 -0.080242578237931461 -131.49798694224563 -241.57054915698967 -0.083586852264697781 -0.080600589351001534 -0.08001062767192943 -49.246506826170254 -0.035131569176309926 -0.080088968046272996 -0.08000594950369877 -151.89167066184015 0.053824302472442173 -0.070133815514588346 0.24807056377738856 0.066032672904230511 0.14198705039511958 -0.31931634558101873 0.015213910040407747 -0.24342606398607408 0.081282166207347614 0.0037481177931119741 -0.014826208833117005 0.19298587077496396 0.060872412382141194 -0.10693599779112262 0.0048695715517439297 0.010025798362911398 -0.14881999642338656 0.024781928916933222 0.056315153556470481 0.080498833218944257 -1.837790078004562 -0.13843245153012981 0.086533177653688842 -0.076616152412929378 -0.019586595726350148 0.061429818432241989 0.04370873888140122 0.0014118554078493967 -0.039532575652785264 -0.080158247062022903 0.0073792134968786128 0.13992644301207854 0.079470713963697898 0.077443835416216425 -0.009454577228343454 8.0769717524705928 -0.065265074260994788 0.0029818672838867496 0.065105685578676922 -0.071124624878559917 0.076335134891759734 0.027030605185373556 -0.094238422278831668 0.017942982348798785 -0.043015696732160595 -0.048404803335647069 0.058368278795298781 0.0059737252969584457
leaf_weight=37.034338718676736 866.38813915425271 0.010902724232395467 40.576036769965839 0.052975957332818457 0.0030437239621594605 0.0033127592059560848 0.32376150888740085 0.026199476851616055 0.0027113842661492518 0.0016271240162346601 8.3238005038370684 0.27834154670108524 0.0061334468337008721 0.0015809061184608453 34.176260908367112 111.72994648643729 1.3915399442048499 49.298082028166391 2.744794794565677 1.7429371972102661 106.40485338150756 0.72608077060431275 1.9912884801160542 878.86961531598354 41.64905441303199 2.1905391092404889 6.6203104372907529 2.4135902333800914 248.54020002437755 26.487765655416297 15.246016894700004 12.67125908192247 43.292868694989011 0.15822493960149486 0.083202946581877768 8.8186093225376698 4.6635262863710532 11.528881457459647 141.44421806251921 45.211969177427818 92.12010504740465 138.25766977347666 176.91691014674143 0.05333162515308032 65.844517263358284 13.542763362398544 7.7313628283663993 17.821563748548215 10.284313900512641 0.0098068347142543644 59.30797954807349 105.5948475643745 51.138226590403065 15.761375356472852 13.606187426732502 24.952185771078803 24.18428219397174 51.935259128782491 71.153609337488888 28.102623798302375 53.393498548688513 132.45751354583626
leaf_count=11705 62428 106 48819 446 28 38 2887 81 29 20 12636 3169 83 22 2677 731616 681 37138 885 30 9768 40 282 15371 29453 452 591 778 6289 569 138 313 20452 51 6 66 256 180 4669 4823 3816 5931 105067 181 14080 671 515 1189 3517 3 7063 3734 3275 734 615 932 930 3104 16149 9703 7470 22810
internal_value=-0.000886547 -0.00842301 -0.0556235 -0.207041 -3.52812 -56.3567 -1.42654 -14.374 -2.7002 -18.5195 -0.0645965 -0.788009 -4.03472 -31.1908 0.00219608 -0.0490012 -0.0241055 0.0316055 0.00265487 0.019904 0.00944747 -0.128117 -0.00547984 0.00223731 -0.0389057 0.0723557 0.0505716 0.016039 -2.03041e-05 -0.0015571 -0.0426849 -0.0690637 0.0120112 0.052783 -0.580598 -0.0367948 -0.0679913 -0.029628 -7.73151e-05 0.00125849 -8.78981e-05 0.0183249 -0.00245744 -0.0116519 -0.00331862 0.0783874 -0.0345498 0.00333655 -0.00215505 1.18683 -0.00735598 -0.0203429 0.00555411 0.0313858 -0.0102003 -0.0109681 -0.0385295 -0.0264184 -0.0187947 0.00211406 0.00346328 0.0210263
internal_weight=3907.3 1134.25 215.605 9.03439 0.371559 0.0142155 0.357343 0.0335817 0.030538 0.00433851 8.66283 0.339032 0.0606903 0.00771435 2773.04 206.571 94.8411 194.34 918.649 145.041 110.865 4.46031 2.71737 915.904 82.2251 12.616 11.2244 9.0339 2578.7 2286.63 79.4161 52.9283 292.074 43.5343 0.241428 37.6823 25.011 16.1924 2207.21 2065.77 2020.56 230.378 1790.18 692.017 507.369 23.8902 184.648 1098.16 10.3475 0.0631385 483.478 241.022 242.456 91.8518 150.604 40.7136 135.428 111.243 136.998 1080.34 1052.24 185.851
internal_count=1221560 859896 831935 19545 3189 144 3045 158 130 49 16356 3720 551 105 361664 812390 80774 49935 27961 12797 10120 352 322 27076 78272 2502 1821 1369 311729 284931 1522 953 26798 20509 57 815 502 436 283409 278740 273917 9747 264170 160570 54988 4372 105582 103600 3701 184 50616 14831 35785 4941 30844 1666 11097 10167 30229 102411 92708 30280
is_linear=0
shrinkage=0.08


Tree=94
num_leaves=63
num_cat=0
split_feature=16 9 7 15 11 14 15 9 16 11 10 16 14 9 4 14 14 7 8 4 9 15 16 9 16 15 9 9 4 1 10 4 7 14 16 14 16 16 4 15 14 16 8 15 4 6 6 14 14 7 10 9 8 10 7 9 8 7 8 1 5 4
split_gain=26.9431 17.0727 16.2031 7.65366 8.53907 11.6609 7.49934 14.529 185.41 7.27604 19.329 118.454 10.5647 7.99347 40.9167 22.8899 6.55178 5.68508 28.8436 25.9179 11.3704 5.33629 380.854 5.16044 5.16741 5.01069 4.96087 4.89305 14.3764 14.7663 9.49117 12.0626 20.2751 10.5989 9.63687 8.974 8.32439 7.80937 6.44482 13.1699 8.74181 12.1524 7.95513 7.72808 8.30903 10.5165 9.92502 14.4762 9.63421 7.72192 7.53618 12.5709 9.43791 8.1444 11.8605 11.6158 10.7806 10.406 19.5163 16.7426 14.6632 14.0152
threshold=0.5047174096107484 0.54067841172218334 0.21896404027938846 2.5000000000000004 0.41428571939468389 16.099511146545414 13.500000000000002 0.54295176267623912 0.41515962779521948 0.64583334326744091 0.084523811936378493 0.49356175959110266 0.41103027760982519 0.56723594665527355 0.11882352828979494 5.3272314071655282 15.636798381805422 0.69885995984077465 0.66799470782279979 0.047065338119864471 0.80106952786445629 1.5000000000000002 0.36590555310249334 0.50920382142066967 0.71812930703163158 2.5000000000000004 0.52280154824256908 0.9976744055747987 0.53907206654548656 0.18350168317556384 0.80625000596046459 0.11882352828979494 0.50568255782127391 5.7507581710815439 0.85893502831459057 4.1410288810729989 0.80528196692466747 0.92721253633499157 0.047065338119864471 4.5000000000000009 4.3330924510955819 0.68302720785141002 0.88642504811286937 30.500000000000004 0.96609193086624157 0.94201681017875682 0.67083334922790538 1.9355491995811465 4.9062407016754159 0.89195534586906444 0.78174602985382091 0.97091406583786022 0.97789987921714794 0.40454545617103582 0.81337305903434765 0.90954548120498668 0.91342368721961986 0.85779517889022838 0.70986828207969677 0.94804319739341747 0.46428571641445165 0.8155706822872163
decision_type=2 2 2 2 2 2 2 2 2 2 2 2 2 2 2 2 2 2 2 2 2 2 2 2 2 2 2 2 2 2 2 2 2 2 2 2 2 2 2 2 2 2 2 2 2 2 2 2 2 2 2 2 2 2 2 2 2 2 2 2 2 2
left_child=1 2 16 4 -2 23 7 8 -3 10 11 -9 -11 14 -14 -16 25 -8 19 -19 -21 22 -4 24 -6 -1 -27 30 29 -29 38 -32 33 -33 -34 36 -31 -37 39 42 -41 -42 -5 44 45 48 47 -46 50 -48 52 -52 53 55 -55 56 57 58 60 -59 61 -40
right_child=3 6 21 27 5 -7 17 9 -10 12 -12 -13 13 -15 15 -17 -18 18 -20 20 -22 -23 -24 -25 -26 26 -28 28 -30 35 31 32 34 -35 -36 37 -38 -39 43 40 41 -43 -44 -45 46 -47 49 -49 -50 -51 51 -53 -54 54 -56 -57 -58 59 -60 -61 -62 -63
leaf_value=0.12505177804673936 0.0041388508149473816 15.914067324057214 -30.976526682246682 -0.066870476030526482 -0.1294610598710782 0.064545829526969134 -0.036221943009835965 -0.08054856968054111 0.3176444889795777 1.0730524658576333 -0.0065796544739182752 11.089985276726448 3.9321550887075798 0.057149898612813645 0.099892488031272 2.2284453011159506 0.11732578499650018 4.0408200211538778 -0.063825736693556664 -0.080111741831690272 1.7265512310693569 -0.079985662460611118 -0.080012503542607458 0.015557305982845937 0.095950197804516982 -0.032613667191100738 0.42385068432477746 0.036502373391672414 0.054390606821795202 -0.037459381139613973 0.0080736249759627756 -0.18451344591777344 -0.075964111511307872 -0.71660878117486415 -0.019171205160898003 -0.052658663765285302 0.017793517679139326 0.022311213150530133 -0.014800819907730463 -0.016534849746976374 0.12702876008039918 -0.0086077280309317574 -0.2478979843905347 -0.021980219336902935 -1.061259921942586 0.086601224107625926 -0.0047160570772317055 0.080512768758413553 0.018453608562426643 -0.059865729190368089 0.062003934469767562 -0.081761271476982242 0.081243369356948772 -0.01474800867380893 0.0074422849953521995 0.051304238951558966 -0.93623474399253215 -0.02689682455251978 0.034514674702421574 -0.26045399447461121 0.014496161620958056 0.047213741068498523
leaf_weight=1.4714548115732657 521.7342352982887 0.0050018448600920298 0.0025892884955344133 12.842320184783601 2.9561421834441712 37.746855351608247 27.101716314613444 0.040048177936120477 0.19742243675864302 0.069145127490627512 19.90961009909006 0.0071620133676333344 0.019936987693654262 7.1299682477256283 0.49145895274705254 0.034610696136951447 2.6571942146401843 0.019409783650188639 0.44127169680723455 0.044997753677307628 0.044188197702169418 57.823346575113419 0.18422677030321211 85.471613825269742 0.83465384226292361 17.438477444404274 0.15372172556817432 55.657694062683731 39.200441954715643 23.544672804186121 57.94849022384733 0.60201571538345788 26.013244416739326 0.39796604838920757 72.178829783631954 43.821424568304792 67.428211998369079 11.156383801135233 353.40553822650327 124.31267391099391 6.8452655318978968 11.054982698522506 1.7674078224226821 96.108541730329307 0.13929547264706243 9.8326239315210824 682.30571747212525 0.14509610664390493 241.59464721709082 16.645120743371081 26.041887205676179 4.5766892699175505 9.186769131687468 421.16448191161908 243.15250061801635 33.762806607956009 0.078147180378436043 13.659726309182586 118.87790217343718 2.2942649892065665 242.3448570941182 24.971414952306077
leaf_count=74 20613 29 27 228 116 32967 44038 108 687 33 11835 35 21 1312 1260 1 84 3 72 87 1 676387 1617 10814 8 9178 4 2137 9218 264 1224 40 674 23 3949 485 1039 755 206902 6747 78 204 34 50071 6 1560 60150 40 9140 1869 1038 106 300 20862 6943 924 1 322 7247 70 14643 856
internal_value=-0.000500803 -0.0355741 -0.0592969 0.000766615 0.00866732 0.0272696 -0.00152854 0.0277305 0.703028 0.022796 -0.00274581 1.61408 0.0886093 0.0797415 0.374751 0.239932 -0.000359664 -0.0310551 0.223609 1.39158 0.81502 -0.0813648 -0.508241 0.0115064 -0.0798302 -0.0167633 -0.0286251 -0.000889422 0.0100616 0.00144235 -0.00181334 -0.0209255 -0.0378669 -0.396273 -0.0342169 -0.0119277 0.00349353 -0.0374454 -0.000699823 -0.016439 -0.00900835 0.0432613 -0.0887702 0.000271825 0.00114681 0.00409951 -0.00622167 -0.478729 0.00363198 -0.00602942 0.0012344 0.0405147 0.000412263 -9.85515e-05 -0.00662594 0.00539459 0.00334328 0.00344046 0.00481937 -0.0604835 -0.000867744 -0.0107081
internal_weight=3879.09 135.287 79.731 3743.8 648.744 127.009 55.5559 27.9044 0.202424 27.7019 19.9568 0.0472102 7.74512 7.67597 0.546007 0.52607 21.7208 27.6516 0.549867 0.108596 0.089186 58.0102 0.186816 89.2624 3.7908 19.0637 17.5922 3095.06 240.809 201.608 2854.25 157.141 99.1921 0.999982 98.1921 145.951 90.9729 54.9778 2697.11 156.823 142.213 17.9002 14.6097 2540.29 2444.18 1744.94 699.235 0.284392 1735.11 698.951 1493.52 30.6186 1462.9 1453.71 664.317 789.395 755.632 755.554 739.6 15.954 620.722 378.377
internal_count=1221560 746893 687371 474667 64518 43905 59522 15321 716 14605 11978 143 2627 2594 1282 1261 9340 44201 163 91 88 678031 1644 10938 124 9256 9182 410149 13898 4680 396251 5910 4686 63 4623 2543 1303 1240 390341 7291 7029 282 262 383050 332979 270914 62065 46 269354 62019 260214 1144 259070 258770 27805 230965 230041 230040 229648 392 222401 207758
is_linear=0
shrinkage=0.08


Tree=95
num_leaves=63
num_cat=0
split_feature=16 10 8 16 15 8 8 2 4 10 16 16 10 0 16 14 4 8 8 3 1 2 10 14 14 10 16 8 10 16 16 0 14 11 3 14 16 15 11 1 11 16 15 10 3 8 10 1 3 2 2 16 0 14 10 14 0 10 10 16 16 0
split_gain=98.393 35.1114 117.319 887.54 1457.42 1283.35 5599.92 1142.06 178.631 120.869 117.485 232.675 359.171 451.586 153.159 343.205 68.0806 48.2158 16.7514 14.2731 11.9485 13.3179 67.5251 183.45 466.194 230.34 11.0079 16.2679 14.4874 9.1187 9.01767 8.0975 7.25307 17.0968 6.66245 6.57792 8.59141 111.925 253.909 6.55863 6.54569 18.4209 145.682 105.399 76.8164 6.44725 9.47532 7.66456 9.93163 7.24444 6.42303 6.16215 5.94924 6.17973 10.8908 5.65638 7.21674 6.48837 6.40126 5.19872 5.05879 17.429
threshold=0.5047174096107484 0.17519181966781619 0.4940467774868012 0.41515962779521948 13.500000000000002 0.54067841172218334 0.54292181134223949 0.092665474861860289 0.038838613778352744 0.084523811936378493 0.39225068688392645 0.38388347625732427 0.14039409160614016 0.25176055729389196 0.41392780840396887 3.1143147945404057 0.038838613778352744 0.58917945623397838 0.26430687308311468 0.0745370388031006 0.13446328043937686 0.080540537834167494 0.13188406080007556 1.5000084638595583 1.5754950046539309 0.13484849035739901 0.49356175959110266 0.45176798105239874 0.084523811936378493 0.49356175959110266 0.46125251054763799 0.21680375933647159 17.829000473022464 0.6904762089252473 0.60660174489021312 1.951428294181824 0.3932104110717774 5.5000000000000009 0.38750000298023229 0.4654348641633988 0.2264957278966904 0.41189093887805944 7.5000000000000009 0.24068965017795566 0.11852502077817918 0.85783973336219799 0.62019231915473949 0.92893216013908397 0.99438202381134044 0.89022758603096019 0.81120249629020702 0.85893502831459057 0.73375529050827037 21.894698143005375 0.86811593174934398 20.463988304138187 0.70396453142166149 0.075498577207326903 0.32666666805744177 0.9492306411266328 0.48392835259437567 0.45512083172798162
decision_type=2 2 2 2 2 2 2 2 2 2 2 2 2 2 2 2 2 2 2 2 2 2 2 2 2 2 2 2 2 2 2 2 2 2 2 2 2 2 2 2 2 2 2 2 2 2 2 2 2 2 2 2 2 2 2 2 2 2 2 2 2 2
left_child=1 2 18 4 5 7 -7 8 -4 16 11 -9 -13 -14 -12 -16 17 -5 34 -18 30 22 -22 -24 -25 -26 -23 -28 39 -21 -20 -31 -2 45 -1 40 37 38 -37 -29 41 42 43 44 -3 51 -47 48 -48 -50 52 55 -49 -54 59 56 58 -57 -34 -55 -36 -62
right_child=32 35 3 9 -6 6 -8 10 -10 -11 14 12 13 -15 15 -17 19 -19 20 29 21 26 23 24 25 -27 27 28 -30 31 -32 -33 33 -35 60 36 -38 -39 -40 -41 -42 -43 -44 -45 -46 46 47 50 49 -51 -52 -53 53 54 -56 57 -58 -59 -60 -61 61 -63
leaf_value=-0.047001046153278603 -0.00024358391744223548 -11.89319322804158 -18.687219257865081 -0.080010090167485864 -0.080015761821544323 -64.248771231861781 -0.080363099185534304 -0.080020579682643589 -40.10260372821795 -0.061552547149133927 -0.078577924461802159 -0.080007492627390722 -50.235810429994871 -0.080006071778435481 -0.080007259503998271 -41.111628402028593 -2.293683277307907 -10.659783936493508 -0.034987650684279864 -0.080009361880022806 -0.081422789850435995 -0.084875229835819146 -0.080097577566062339 -52.83348409681102 -24.506408870070082 -0.080021491324170718 -0.09784660539060544 -0.65474394367799005 -0.080169057597455504 -1.0897546291947391 0.19061826902386517 -0.62663367216459354 0.10160391041059016 0.080758059826139678 0.010622886953529085 -29.823329277935709 0.034462019235215809 -0.083109502200943486 -0.080012746538265955 -0.080345985042240539 0.0066088107687298746 -0.054336452097648362 -0.080606733594699664 -0.080738606072139979 -4.0838983673310896 -0.04530915190410232 0.021304475331567967 0.054057805666462518 -0.15681576603761255 0.039590130565382103 0.05561218766983967 0.030012756838214454 0.0058185125837207684 -0.47313369718705206 0.081523038454436619 -0.0733484770792628 -0.028438325918636702 0.058387620376347316 -0.05239537631699407 -0.15987009051315229 1.7043042194368909 0.11217979183059447
leaf_weight=11.704182267822242 3469.3013653923808 0.01353386988921812 0.0042743691883505575 0.0043768376963265743 0.19805764926786651 0.01368168826593319 0.023923863984236959 0.010106736739544431 0.0059807133075082675 8.018934453271866 0.059587194205960259 0.0040590073476778343 0.0031841235031606629 0.0017974380025407299 0.0039649662357987827 0.0019444808713160455 0.033788200580602612 0.0074485200457274914 5.0749680956796572 0.17431589907209888 0.23226785519000159 46.2976451705497 0.033622861326875864 0.0015127291335375057 0.0032600631311652259 0.010204969941696618 2.7788324176435699 0.97168327093822859 0.55706859734709713 0.2726174720010025 1.4601317429478511 2.1254035712991026 5.5869883067352912 22.202514136210084 8.4302445330067695 0.002685844126974919 16.961860603867535 0.17778825071218307 0.0058112501938012472 0.14639053919017897 12.854272812433917 13.723287850276391 0.46975349987405934 0.0216727019942482 0.019936486380174756 31.618601832538843 8.8021784953307343 2.8608281579799977 4.9323904477059832 1.5891672519501296 23.005266257852782 91.815361567365471 1.8747223101090642 0.71001087268814422 0.61798503412865091 2.851418537116845 42.634806446745642 14.876856370479798 2.5006442235317081 0.64891452505253255 0.044828372643677894 2.3946307426122075
leaf_count=10682 429624 10 19 54 2631 16 86 112 29 54714 646 52 18 25 49 9 38 1 9899 2474 3451 576129 290 6 19 129 26084 421 5976 35 356 553 81 28705 4832 9 10520 436 53 1517 11515 21141 1000 14 33 1725 134 182 30 340 3932 7497 124 24 55 82 1502 561 41 28 48 762
internal_value=-0.00171172 -0.0687131 -0.0971086 -0.342506 -4.42487 -10.9192 -23.4262 -5.9631 -31.1766 -0.215638 -2.90835 -8.42073 -17.7451 -32.1387 -1.29686 -13.5813 -0.687611 -6.74397 -0.0635257 -0.66013 -0.0864292 -0.0994716 -0.648833 -3.36055 -10.7247 -5.99397 -0.0964314 -0.216554 -0.413472 -0.638673 0.0154193 -0.679283 0.000720744 0.0136315 -0.00511764 -0.0102489 0.0285278 -0.511805 -9.48157 -0.579537 -0.0347835 -0.0721263 -0.537238 -4.4272 -7.24162 0.00734101 -0.0117402 0.0118247 -0.0341324 -0.108956 0.0355222 0.0164681 -0.0333311 -0.0982399 -0.196919 -0.00169973 -0.0152955 0.0371992 0.0539883 -0.323544 0.0399812 0.141437
internal_weight=3863.79 135.36 91.1089 10.9674 0.330562 0.132505 0.0376056 0.094899 0.0102551 10.6369 0.0846439 0.0191473 0.00904057 0.00498156 0.0654966 0.00590945 2.61795 0.0118254 80.1415 2.60613 57.5676 51.0325 0.280868 0.0486006 0.0149778 0.013465 50.7516 4.45397 1.67514 2.57234 6.5351 2.39802 3728.43 259.129 22.5739 44.2506 17.1481 0.186285 0.00849709 1.11807 27.1025 14.2482 0.524897 0.0551431 0.0334704 236.926 76.6601 45.0415 15.3237 6.52156 29.7177 160.266 6.71246 3.85163 1.97691 68.4507 50.7224 17.7283 8.08763 1.35893 10.8697 2.43946
internal_count=1221560 746893 702162 61561 3692 1061 102 959 48 57869 911 207 95 43 704 58 3155 55 640601 3100 624277 614022 3895 444 154 148 610127 33998 7914 3062 10255 588 474667 45043 16324 44731 11018 498 62 1938 33713 22198 1057 57 43 16338 6574 4849 504 370 4345 9764 413 231 107 2267 1624 643 122 52 5642 810
is_linear=0
shrinkage=0.08


Tree=96
num_leaves=63
num_cat=0
split_feature=16 9 9 16 9 7 8 10 7 16 9 2 14 1 4 3 14 10 8 14 16 9 4 1 2 1 3 2 14 7 8 1 2 0 14 9 14 14 8 10 4 9 9 5 9 8 0 0 16 3 4 3 2 7 1 7 7 4 8 14 7 16
split_gain=53.299 30.1567 46.3612 40.6417 148.387 127.597 491.072 52.9118 14.371 6.59358 12.4874 9.43241 6.00142 6.06277 5.57473 7.18599 6.9834 6.27803 7.48108 5.24532 5.21932 4.51856 5.04965 4.51029 28.119 14.6108 13.0508 13.0337 9.95852 8.85412 6.47474 5.83406 13.1058 7.16979 6.61688 6.03813 5.66284 5.46781 11.6305 13.0085 9.92035 11.2343 9.4377 8.49293 8.25352 13.4888 7.20221 10.8013 9.34063 6.77525 6.30139 10.72 33.7202 31.4133 8.52236 7.76485 12.4411 11.144 6.07165 6.06373 6.33149 8.26026
threshold=0.5047174096107484 0.58079877495765697 0.54067841172218334 0.41287362575531011 0.54295176267623912 0.48429276049137121 0.38477630913257604 0.084523811936378493 0.21896404027938846 0.9492306411266328 0.9976744055747987 0.49742268025875097 4.1410288810729989 0.88273492455482494 0.88067796826362621 0.87585616111755382 15.349028110504152 0.97826087474823009 0.91342368721961986 3.0497906208038335 0.49468025565147405 0.9388999640941621 0.88493064045906078 0.13446328043937686 0.11566332355141641 0.12732185423374179 0.11374663189053537 0.095811817795038237 2.8719266653060918 0.82232606410980236 0.88078150153160106 0.16064515709877017 0.080540537834167494 0.10367219150066377 5.7507581710815439 0.9034201204776765 0.69568324089050304 1.2245371341705324 0.66799470782279979 0.51190477609634411 0.64565756916999828 0.85810163617134105 0.96209374070167553 0.10555555671453477 0.75887238979339611 0.81501609086990368 0.24283374845981601 0.2290398105978966 0.72948575019836437 0.74115687608718883 0.44300144910812383 0.20734438300132754 0.19639987498521808 0.69147339463233959 0.77015754580497753 0.64624765515327465 0.6157280206680299 0.52223318815231334 0.89294019341468822 1.2410258054733279 0.49282230436801916 0.65066003799438488
decision_type=2 2 2 2 2 2 2 2 2 2 2 2 2 2 2 2 2 2 2 2 2 2 2 2 2 2 2 2 2 2 2 2 2 2 2 2 2 2 2 2 2 2 2 2 2 2 2 2 2 2 2 2 2 2 2 2 2 2 2 2 2 2
left_child=1 2 8 4 5 6 -4 -5 19 23 11 -11 13 -9 -13 -16 21 -18 -19 -1 -3 -17 -23 24 26 30 29 31 -27 -2 -26 32 34 -33 -25 -34 -37 38 40 42 41 -29 44 -42 50 -46 47 48 -47 -45 51 52 -40 -54 55 56 57 -52 -41 60 -39 -62
right_child=9 20 3 7 -6 -7 -8 12 -10 10 -12 14 -14 -15 15 16 17 18 -20 -21 -22 22 -24 27 25 28 -28 37 -30 -31 -32 33 35 -35 -36 36 -38 59 39 58 43 -43 -44 49 45 46 -48 -49 -50 -51 54 -53 53 -55 -56 -57 -58 -59 -60 -61 61 -63
leaf_value=-0.034110973399012215 -0.003178458629913799 0.010613376738271044 -0.082484971373310997 -0.38325280682929619 -0.082967107167907839 -1.1299296458525088 -16.329958551895174 -0.079801227398020244 -0.078711023160212834 -0.11561387504499271 0.048541632665553752 0.029760059124798587 0.2077089709750517 0.43526152322882583 -0.1806130715741919 -0.006136108528365063 0.017661528802021924 -0.402551632971486 -0.045608512120485251 0.045972035954404127 -0.061199559461009842 -0.17632101901803204 0.082813266502006863 -0.06149290306143932 -0.1438654028769954 -0.071434456810122948 0.04653972238625851 -0.058117935635965977 0.10165653367708451 0.037485525415664717 -0.41009695468289215 -0.075152670812497144 -0.026578288221232153 0.069827758991691816 -0.27886190680862766 0.22402416413904727 0.04368263000524289 -0.06479119880770956 0.031606990372510038 -0.029677033795826004 0.10919379343802874 0.014939339724956341 0.19852942301577975 -0.098713842260678211 -0.013990195251891971 -0.011441847971963133 0.036961486058585888 0.41928837911096462 0.24124941334658601 -0.00609159170408033 0.65689393953440611 -0.055926996791423975 -0.083386945937328108 1.5474498501096647 0.054396000734210345 0.14027407736652772 1.1219953886557765 0.055476649007190355 0.010744184642591395 0.00027848451961064142 0.31608418582068126 0.067237162666954675
leaf_weight=12.504972237089776 161.29736340289674 40.924656482584538 0.030196155083104886 5.3172420637829463 0.31337800089018258 0.066212845267676679 0.019655326792816202 5.8444622326629334 50.348223835632467 4.1098207304021335 46.1585748118232 56.505183402216062 0.55658094432146743 0.15001600980758656 1.3584883321891528 262.50035656592809 177.95903242536588 0.45113243564264793 2.2501696865074337 9.0030259436898614 7.695139511863089 0.52392826025606964 5.9114085473702289 11.680080859099686 7.8145316927402746 7.5035269471118227 65.271995733928634 69.955861921018368 2.9690175401046872 43.514398742001504 0.63190858811140049 27.311012078105708 8.2108022403990635 2.3727316115691783 0.9707587845623501 1.247738598845898 10.424042990896849 1.7071464459295373 1.9594068394944799 70.254647113877581 3.8870673381388761 16.68367222508823 1.9539991189958517 5.3713491666931068 51.519122047917335 2.2905494982842387 22.54484170358046 0.77344467403599981 1.5833959309384225 85.674626669133431 0.32197629475558498 4.6626144848632975 0.12304663078975853 0.19600117157096975 6.0516460867365822 2.7974323365924647 0.13298473131726496 0.50875106774037704 35.954720097011887 2422.3756890466721 1.0295013386858043 4.9995574178756215
leaf_count=8249 5170 18893 5 630 843 39 54 31724 678031 68 20462 3112 138 1 25 1641 19422 30 108 1091 7195 62 1344 1025 304 233 1905 125489 74 1542 7 2285 575 145 6 18 162 467 489 3812 120 1173 29 6283 6634 72 885 27 21 13124 67 4982 48 33 122 210 35 45 960 249237 353 225
internal_value=-0.00110586 -0.0509124 -0.0798922 -0.223425 -0.987973 -3.43152 -6.4885 -0.19576 -0.0553276 0.0006698 0.00869048 0.00509474 -0.0435795 -0.0669114 0.00607234 0.00310424 0.00365935 0.0158242 -0.10522 -0.000589053 -0.000752581 -0.00451248 0.061716 -0.0007429 0.00878417 -0.0855001 0.0153886 -0.00169974 -0.0223623 0.00546103 -0.163783 -0.0379175 -0.0145175 -0.0635638 -0.0781727 0.0259848 0.0629615 -0.000899349 -0.00975464 0.00337195 -0.0244757 -0.0440497 0.0244846 -0.00661179 0.0209222 0.0100698 0.0556546 0.146336 0.0918405 -0.0115559 0.0719079 0.0135723 0.155795 0.918488 0.113172 0.207741 0.403581 0.288576 -0.0159934 0.000504319 0.071218 0.109729
internal_weight=3857.03 132.774 84.154 12.2977 0.429442 0.116064 0.0498515 11.8683 71.8562 3724.26 557.728 511.57 6.55106 5.99448 507.46 450.955 449.596 180.66 2.7013 21.508 48.6198 268.936 6.43534 3166.53 289.003 18.919 270.084 2877.53 10.4725 204.812 8.44644 62.2172 32.5334 29.6837 12.6508 19.8826 11.6718 2815.31 385.201 203.629 181.573 86.6395 97.4192 94.933 95.4652 78.7114 27.1922 4.64739 3.87395 91.046 16.7539 6.94107 2.27845 0.319048 9.81279 3.76114 0.963712 0.830727 106.209 2430.11 7.73621 6.02906
internal_count=1221560 746893 720805 33434 941 98 59 32493 687371 474667 46274 25812 31863 31725 25744 22632 22607 19560 138 9340 26088 3047 1406 428393 9235 618 8617 419158 307 6712 311 4216 1786 2430 1031 755 180 414942 164660 18471 146189 126662 13699 19527 13670 7639 1005 120 93 19407 6031 5552 570 81 479 357 147 112 4772 250282 1045 578
is_linear=0
shrinkage=0.08


Tree=97
num_leaves=63
num_cat=0
split_feature=16 9 9 10 7 2 7 9 0 1 6 16 9 12 9 15 16 0 7 10 10 16 10 7 15 9 9 8 9 3 1 10 16 4 15 0 4 0 16 0 1 10 6 7 8 8 3 7 10 9 16 1 4 7 4 1 8 2 4 6 7 1
split_gain=40.6438 23.6407 24.7278 27.189 13.0306 6.06095 30.5085 8.60936 7.45451 7.85683 7.14688 5.85933 8.98863 8.4273 9.71702 8.42944 9.62515 7.18438 11.6377 6.23377 7.78513 7.32293 6.18425 6.14044 6.03102 14.9845 57.9627 6.61245 5.6185 17.6209 15.4496 13.6507 6.96565 8.64486 7.67738 5.98694 7.4588 6.57597 9.02563 5.89425 6.60011 5.53199 5.24693 5.17959 5.70712 7.65463 5.06253 5.17554 19.8688 26.8095 16.3312 5.30632 5.04446 5.04224 5.02695 7.93086 7.35883 6.97855 5.92812 4.96915 4.87849 4.85696
threshold=0.5047174096107484 0.58079877495765697 0.54295176267623912 0.084523811936378493 0.21896404027938846 0.96051946282386791 0.62007752060890209 0.83594325184822094 0.95945203304290783 0.982753485441208 0.38165266811847692 0.9492306411266328 0.43212978541851049 1.0000000180025095e-35 0.60981079936027538 28.500000000000004 0.75797963142395031 0.75134408473968517 0.29537826776504522 0.36038962006568914 0.43874999880790716 0.86972683668136608 0.070197045803070082 0.51442441344261181 10.500000000000002 0.44007721543312078 0.43765547871589666 0.55850008130073558 0.9976744055747987 0.78830561041831981 0.20256410539150241 0.93095237016677868 0.78905326128005993 0.050641026347875602 6.5000000000000009 0.35751880705356603 0.53907206654548656 0.58561220765113842 0.91595917940139782 0.080540537834167494 0.13446328043937686 0.35504202544689184 0.91106721758842479 0.6157280206680299 0.53866082429885875 0.43085423111915594 0.99438202381134044 0.79377198219299328 0.61324787139892589 0.91689687967300426 0.97311750054359447 0.97999200224876415 0.053342817351222045 0.46882475912570959 0.23606811463832858 0.45199692249298101 0.88078150153160106 0.34330357611179357 0.087922707200050368 0.099180329591035857 0.78287062048912059 0.68801230192184459
decision_type=2 2 2 2 2 2 2 2 2 2 2 2 2 2 2 2 2 2 2 2 2 2 2 2 2 2 2 2 2 2 2 2 2 2 2 2 2 2 2 2 2 2 2 2 2 2 2 2 2 2 2 2 2 2 2 2 2 2 2 2 2 2
left_child=1 2 4 -4 61 8 7 10 28 -10 -7 12 -12 14 15 22 -17 -16 -19 43 21 -21 24 -23 -14 26 -26 -27 31 30 39 -2 52 34 -34 54 37 38 59 40 -30 -41 -11 44 45 -20 47 48 51 -50 -51 60 -32 -38 58 56 -56 -57 -35 -37 -8 -1
right_child=5 -3 3 -5 -6 6 46 -9 9 42 11 -13 13 -15 17 16 -18 18 19 20 -22 23 -24 -25 25 27 -28 -29 29 -31 32 -33 33 35 -36 36 53 -39 -40 41 -42 -43 -44 -45 -46 -47 -48 -49 49 50 -52 -53 -54 -55 55 57 -58 -59 -60 -61 -62 -63
leaf_value=-0.036571875048108451 -0.0011712903872481682 -0.00070908341965741136 -0.28965804180375487 -0.053646570904325952 -0.075767477328350735 0.41050988613633754 0.092262882032786445 0.073463639452227433 0.089609197076989666 0.079567694399830038 -0.057689695326485914 0.0048521600678209306 -0.097340283408225509 0.067693815693163142 0.076368391715656223 -0.080312713036696515 0.80940069646327761 -0.35560890499397318 0.085903363904747801 -0.05528654664871599 0.080935060930554595 -0.57227800944396179 0.021468683982771079 -0.1469233321049134 -0.080076942687680189 -0.081845245129832503 6.1028817909834894 0.57927701010119637 0.04299487210523556 0.056657640323628161 0.11629832971270807 -0.052882052682291604 -0.25547437703191933 0.07904323429000723 -0.0091518788527321787 -0.057746065963002621 -0.41137125045476886 -0.11404614954568439 0.075870681575304549 -0.062973788869196565 -0.13383633886046761 0.046614529115991642 -0.37134072834411802 -0.22804268450773124 0.010888792651343482 -0.13617265390233205 0.072052449259332213 0.058761703301643514 -1.3736641452865712 0.080413686852603319 -1.4483885378070465 -0.43612578148625453 -0.059556156193923425 0.039410232085667934 -0.069212683463289293 0.055503383664057493 0.025990216022084508 0.21535176894068314 -0.023418896493754903 0.057316257975999318 -0.32866771102714581 0.039805422932294769
leaf_weight=11.310923981407891 2983.3744683379082 48.561761681430156 6.4154165976726727 6.0889934464112656 47.597811518773021 0.26976279816881188 1.8574954599607738 10.199673492519649 8.9722722364822367 0.2753507849993192 26.802930934842152 255.04596381942974 5.1953086206194703 9.3278597823809815 2.262200505007061 0.13794890696590201 0.17853218247182667 0.89787641307339328 1.2497609681449837 0.56311883637681537 0.49897099588997651 0.60582447284832597 30.287157542465138 0.33861246285960078 0.038809294448583276 0.49214961413235869 0.012938824147568084 0.12053698115050793 2.6779573308303943 43.95316358411219 1.0932011455297495 33.033514728478622 1.6447891741991036 4.0738680576905599 1.5952225625514982 22.167083511129029 0.16116102738305826 6.6698589301668099 4.6759692609775803 3.1074596773833028 2.7259445320814848 57.46363067952916 0.4127192526939325 0.9121424597688027 8.4833654938265664 4.8415770821738988 51.312640737683978 3.6549384998506866 0.16498424683231849 0.3073772283969447 0.052332980092614889 0.15294683794490982 23.181032400112599 10.874501601967493 6.209545135498046 8.4695453241001797 31.842175175435841 2.2025025142356744 32.003792517352849 2.6940686916932455 0.19468472042353813 10.075045854697235
leaf_count=7564 395235 26088 594 30144 680727 7 264 4344 1144 36 14485 2401 772 1587 58 116 6 16 39 34 63 37 1140 20 61 279 24 3 152 14443 8 542 18 90 24 133 8 80 106 33 22 2321 26 11 284 82 29599 1439 33 113 31 9 420 1372 37 177 283 22 458 89 31 1776
internal_value=-0.00093348 -0.0448931 -0.071224 -0.174733 -0.0524614 0.000606641 0.00970018 0.00101682 -0.000542513 0.0696298 -0.00110312 -0.00142193 -0.0185825 -0.00280715 -0.0143208 0.010513 0.421589 -0.0581644 -0.0747126 -0.0602951 -0.19297 -0.283627 0.00691382 -0.419774 -0.0683157 0.158632 1.46588 0.0482207 -0.000748815 0.0103187 0.00128791 -0.00173759 -0.0121761 -0.00509562 -0.134197 -0.00192781 -0.0247505 -0.0422999 -0.0260986 0.0338501 -0.0462059 0.0409924 -0.190897 -0.0431053 -0.0315312 -0.0906093 0.0636934 -0.00348587 -0.0868287 -0.529287 -0.142006 0.0184512 -0.0516365 0.0328272 0.0107867 0.0275473 0.0104543 0.088493 -0.0118489 -0.0452774 0.0523303 -0.000590118
internal_weight=3842.07 130.05 81.4882 12.5044 68.9838 3712.02 416.46 358.763 3295.55 9.66034 348.563 348.294 93.2476 66.4447 57.1168 36.4634 0.316481 20.6534 18.3912 17.4934 2.00653 1.50756 36.1469 0.944437 5.85974 0.664435 0.0517481 0.612687 3285.89 269.486 225.533 3016.41 159.558 135.284 3.24001 132.044 47.2426 36.207 29.5371 65.975 5.4039 60.5711 0.68807 15.4868 14.5747 6.09134 57.6974 6.38476 2.72982 0.524694 0.35971 2.20513 24.2742 11.0357 84.8014 48.7238 38.0517 10.672 36.0777 24.8612 2.05218 21.386
internal_count=1221560 746893 720805 30738 690067 474667 57388 25869 417279 1206 21525 21518 19117 4632 3045 2401 122 644 586 570 154 91 2279 57 1139 367 85 282 416073 20296 5853 395777 3325 2897 42 2855 1788 408 328 2528 174 2354 62 416 405 121 31519 1920 481 177 144 304 428 1380 1067 519 320 199 548 222 295 9340
is_linear=0
shrinkage=0.08


Tree=98
num_leaves=63
num_cat=0
split_feature=16 9 7 16 9 11 1 1 11 9 16 3 8 4 16 10 8 1 9 9 16 9 10 16 16 8 9 7 9 1 2 4 11 9 8 4 9 16 9 16 8 9 16 2 4 16 9 10 9 4 8 10 7 7 2 4 4 4 7 4 9 8
split_gain=35.0472 21.1654 20.516 14.0503 9.58593 5.24032 25.5696 6.40609 6.27279 6.12161 5.74066 9.18085 8.04772 7.32209 5.94203 7.4786 5.77185 5.19629 5.17803 4.87164 4.83629 5.97768 15.342 4.81233 4.87673 17.3511 13.2187 14.1727 6.07443 5.93849 8.5588 4.4935 6.32724 8.2436 18.8299 15.2657 27.2609 5.5765 4.44691 17.5496 21.6658 6.36393 5.66621 4.38195 7.54788 8.39048 20.2581 5.27194 7.23622 6.10971 4.88397 5.13184 4.49275 4.62436 4.81448 8.62073 8.08834 5.72117 5.97908 5.46257 4.45571 4.26411
threshold=0.5047174096107484 0.58079877495765697 0.21896404027938846 0.49356175959110266 0.54295176267623912 0.64583334326744091 0.88273492455482494 0.10762548446655275 0.53571429848670971 0.53049948811531078 0.56867393851280224 0.2237871661782265 0.25334283709526068 0.043015725910663612 0.50988206267356884 0.24068965017795566 0.97789987921714794 0.11189358308911325 0.3390821665525437 0.42131063342094427 0.80528196692466747 0.98255756497383129 0.87867647409439098 0.47636239230632788 0.47544077038764959 0.58411461114883434 0.68048396706581127 0.64624765515327465 0.67658114433288585 0.10762548446655275 0.10063291341066362 0.077677227556705489 0.64583334326744091 0.60044842958450328 0.59609016776084911 0.044949496164917953 0.59711855649948131 0.36590555310249334 0.65678957104682933 0.50652185082435619 0.58917945623397838 0.65396711230278026 0.50652185082435619 0.10367219150066377 0.093386627733707442 0.52008968591690075 0.70028248429298412 0.29520697891712194 0.84248119592666637 1.0000000180025095e-35 0.43305535614490515 0.2709790319204331 0.50568255782127391 0.51195240020751964 0.15535445511341098 0.072077922523021712 0.059262510389089591 0.062996033579111113 0.62007752060890209 0.093386627733707442 0.77437999844551098 0.96794739365577709
decision_type=2 2 2 2 2 2 2 2 2 2 2 2 2 2 2 2 2 2 2 2 2 2 2 2 2 2 2 2 2 2 2 2 2 2 2 2 2 2 2 2 2 2 2 2 2 2 2 2 2 2 2 2 2 2 2 2 2 2 2 2 2 2
left_child=1 2 -1 -4 -5 8 7 -7 10 18 11 14 -13 20 15 -2 17 -15 -8 -20 -12 -22 -23 24 29 -26 27 28 -27 -3 -31 32 33 34 35 36 -32 -35 39 40 41 -17 -40 44 -16 46 -46 50 49 -49 51 -45 -51 -54 55 56 -55 58 -58 -56 -59 -19
right_child=5 23 3 4 -6 6 9 -9 -10 -11 13 12 -14 16 43 38 -18 61 19 -21 21 22 -24 -25 25 26 -28 -29 -30 30 31 -33 -34 37 -36 -37 -38 -39 42 -41 -42 -43 -44 47 45 -47 -48 48 -50 52 -52 -53 53 54 59 -57 57 60 -60 -61 -62 -63
leaf_value=-0.00077480852809272025 -0.086193744477194537 0.099702130150231008 -0.073399527758001751 -0.051574473387055501 -0.21937447133212865 0.048248619356608159 0.11783252510032682 0.00037151267343129272 -0.058443170635829933 0.061415037141262951 -0.018162908493401669 0.017101110095530357 -0.060356368146973892 0.032365092437431561 -0.041382245464596706 -0.080479350865000909 0.032314844964025459 8.8196395396651639e-05 -0.17768112995823035 -0.005868764865211774 -0.036600402393445558 -0.40872994430818288 -0.013469283262796186 -0.031063102801952545 -0.089903460713811903 -0.080061075521341354 0.30850759328223515 2.9950722761722601 1.3478120014692689 -0.0791691859960309 -0.080613792042138518 -0.026045219248593866 0.14750524279082941 0.24807146904871322 2.1309814260331708 -0.080254304382959774 3.5977523075332729 -0.022150538406149081 -0.068647870769563676 -0.080408164215970995 1.9266314941133362 0.8618387238795695 0.1743469642826577 0.011850694367710055 -0.080686382338617121 0.13056859500643189 2.6659760799171517 0.32561764429337076 -0.08253256644269634 -0.034354277646222425 -0.037727698930593911 0.28397165903628585 0.27381351022602396 0.028693188583432762 0.52833777213070099 -0.094119400905772754 0.17504397076058517 -0.087367358629194647 0.68088296652187863 0.12851507362945977 0.2467519930375931 -0.032813982842679466
leaf_weight=21.314380305222677 1.1875882795975474 4.399173254656481 46.439641262519778 2.9896915899196292 8.0339434615016199 18.417127381471801 1.3356420447817061 620.40245425593093 12.107168838119831 60.831932181376033 61.341242417693138 10.947891936593804 39.770606394315109 31.688532317260979 20.772821137368741 0.10070042925508493 36.182510409969836 2716.6464725147089 1.5401261660299495 3.3614390006769099 5.3651001087855539 1.1114317644387484 1.446376517880708 19.75237282254966 0.51621798364067117 0.028957346949027851 0.24542664946056902 0.026004634913988411 0.05583413498243317 6.5591856895289764 0.031674062869571418 6.1651592887137658 3.5258319053973537 0.52908007946098212 0.03617206805938622 0.23681764135108097 0.021748690400272608 6.4144724737998331 0.84638839220861006 0.28553654381539673 0.079691221413668245 0.084237286122515798 2.2383378238591831 1.4780659044627129 0.041952261613913744 0.67468272518453887 0.029111127369105816 0.57122260046889906 2.3511359071126199 2.6602134461572851 12.909009001217781 0.63369531120406453 0.74838317396643006 3.8394764289550931 0.25792215194087464 2.1856370687746676 0.28881318354979146 0.39072206965647616 0.31015211989870295 1.4380159787397131 0.73778378148563206 25.44532249844633
leaf_count=9352 1099 241 665971 38992 6490 798 13 34242 350 54018 2424 2395 171443 691 3384 73 2101 191187 38 90 82 15 46 15950 262 80 13 8 2 1130 40 7355 40 14 18 266 9 660 103 187 26 2 123 151 49 183 2 57 35 359 7153 8 33 380 32 241 33 65 20 352 7 577
internal_value=-0.000934479 -0.0422039 -0.0678085 -0.0926728 -0.173866 0.000483707 0.00668531 0.00175181 -0.000975899 0.0536759 -0.000742975 -0.0188629 -0.0436367 -6.41793e-05 0.00312637 0.0880984 0.000569214 0.000155109 -0.0218041 -0.0598541 -0.0257602 -0.0845803 -0.18522 -0.000652604 0.0202103 0.206464 0.635943 1.36125 0.860176 0.0143901 -0.00156651 0.0284442 0.0595615 0.01691 0.409817 0.195312 1.41687 -0.00156035 0.145043 0.354567 0.823909 0.348737 0.107674 -0.00470591 -0.032405 0.217657 1.04448 0.014646 0.0469382 0.069607 -0.0192773 0.0935085 0.0582328 0.0823873 0.0672251 0.0405157 0.0933748 0.237136 0.436974 0.189321 0.13107 -0.00021712
internal_weight=3832.4 127.322 78.7777 57.4633 11.0236 3705.08 705.889 638.82 2999.19 67.0691 2987.09 107.86 50.7185 2879.23 57.1413 4.82248 2809.96 2773.78 6.23721 4.90157 69.2642 7.92291 2.55781 48.5441 28.7918 0.872441 0.356223 0.110796 0.0847915 27.9193 23.5201 16.961 10.7958 7.26997 0.326412 0.29024 0.0534228 6.94355 3.63489 0.550165 0.264629 0.184938 3.08473 52.3188 21.5186 0.745746 0.0710634 30.8002 15.7795 13.4283 15.0208 2.11176 12.8571 10.1969 9.44852 7.75258 5.56695 1.72747 0.598965 1.69594 1.12851 2742.09
internal_count=1221560 746893 720805 711453 45482 474667 89199 35040 385468 54159 385118 187995 173838 197123 14157 1613 194556 192455 141 128 2567 143 61 26088 10138 365 103 90 82 9773 9532 8402 1047 1007 333 315 49 674 514 288 101 75 226 12544 3618 234 51 8926 1614 1579 7312 159 1522 1163 1130 746 505 125 53 384 72 191764
is_linear=0
shrinkage=0.08


Tree=99
num_leaves=63
num_cat=0
split_feature=16 9 7 16 9 14 2 7 8 9 10 2 0 1 10 9 8 7 7 1 1 0 8 16 10 15 7 16 9 10 16 0 9 2 14 14 6 4 6 1 0 16 2 0 6 0 4 6 2 0 1 4 4 2 2 1 2 4 6 16 6 14
split_gain=31.3788 18.0349 18.9276 10.1536 6.95582 5.39714 6.68817 9.05362 5.38916 8.40125 6.16073 8.3313 7.411 6.41671 7.08666 6.23269 6.15945 6.14113 5.84945 5.17178 5.15793 6.23431 5.12503 6.59344 6.15355 10.0266 5.03587 6.16822 4.961 5.05693 4.57027 10.8494 7.57376 11.3658 4.5002 4.67076 16.591 13.1546 15.2449 11.3389 13.558 11.3781 10.6205 10.5835 9.81053 8.95748 22.0481 31.5063 12.0771 17.1677 21.1607 18.2979 13.6717 16.8339 11.1012 10.7393 24.7378 17.6881 14.5393 10.9178 10.6735 10.5963
threshold=0.5047174096107484 0.58079877495765697 0.21896404027938846 0.49356175959110266 0.54295176267623912 18.174837112426761 0.96051946282386791 0.48429276049137121 0.75058686733245861 0.68500718474388134 0.62019231915473949 0.81872946023941051 0.89022758603096019 0.97467949986457836 0.42481203377246862 0.84248119592666637 0.83377894759178173 0.93677547574043285 0.42762957513332372 0.74133810400962841 0.83457711338996898 0.8263767957687379 0.85783973336219799 0.85893502831459057 0.39565217494964605 1.5000000000000002 0.4793954491615296 0.90950042009353649 0.67658114433288585 0.32666666805744177 0.93238162994384777 0.88273492455482494 0.91689687967300426 0.85867896676063549 0.18192912638187411 14.998265266418459 0.81365740299224865 0.89725545048713695 0.95346319675445568 0.86425063014030468 0.75134408473968517 0.80528196692466747 0.90070420503616344 0.92390406131744396 0.73993557691574108 0.75905716419219982 0.75905716419219982 0.39339827001094824 0.64549729228019725 0.64549729228019725 0.70659971237182628 0.6624472737312318 0.81120249629020702 0.71516755223274242 0.54653680324554454 0.65485891699790966 0.33508773148059851 0.62115561962127697 0.27718676626682287 0.75797963142395031 0.77951389551162731 4.9062407016754159
decision_type=2 2 2 2 2 2 2 2 2 2 2 2 2 2 2 2 2 2 2 2 2 2 2 2 2 2 2 2 2 2 2 2 2 2 2 2 2 2 2 2 2 2 2 2 2 2 2 2 2 2 2 2 2 2 2 2 2 2 2 2 2 2
left_child=1 2 -1 -4 -5 34 8 26 9 28 12 17 18 14 -14 -13 -16 -12 -10 -20 21 -17 23 24 25 -15 -8 -28 -7 -30 -21 32 33 -32 -2 36 42 -38 -39 40 41 -37 43 45 -44 48 -47 -48 49 55 61 -52 -50 -54 -53 56 -36 -57 59 -58 -55 -51
right_child=5 -3 3 4 -6 6 7 -9 10 -11 11 15 13 22 16 20 -18 -19 19 30 -22 -23 -24 -25 -26 -27 27 -29 29 -31 31 -33 -34 -35 35 39 37 38 -40 -41 -42 -43 44 -45 -46 46 47 -49 52 50 51 54 53 60 -56 57 58 -59 -60 -61 -62 -63
leaf_value=-0.00071325903419471471 -0.058009259803832543 -0.0024337385687440804 -0.072148287938368375 -0.049831779945397482 -0.19460142159584426 0.0052820735227589464 0.007265246935271915 0.076081431590440271 -0.1978645545282722 0.061453122557856281 -0.051925540254324977 -0.5053593314521948 -0.26452635485733839 0.082618061311454452 0.024031906634697148 0.047095782625065884 -0.17268770866179342 0.066655930488263265 -0.1573180515439023 0.025067560448072151 0.048437009207592904 -0.11863981462210869 -0.067196734357522492 0.047422013112607013 0.082798620844907106 -0.4652380242790764 -0.50729320777169695 0.080973564090480996 -0.014505603918942456 -0.33586955011142522 -0.52968492812590973 -0.43349441753672019 0.06878847878379378 0.083157797916470932 0.0022240181780440343 -0.054492455406478603 0.068663092349435226 -0.012660382535925187 0.079022189893975289 -0.0025255991750199902 -0.082728887499859904 0.02730130289716836 0.039156538821156904 0.077091394710573483 -0.033185920943119729 -0.043109651452941773 0.068558708990128489 -0.011191749540501424 0.019461413394910053 -0.10750914902783436 -0.066503805579667327 0.097537163498526591 -0.11326051480211051 0.018060980856666041 -0.011231439642311214 0.031360664779236276 -0.050185918137664876 -0.018080431495358811 0.042082638388346326 -0.014844280387840096 -0.21023334835578167 -0.32524455749006442
leaf_weight=21.301917805903656 8.6336370123099169 48.926657720530287 43.582896704015511 2.8524358737627145 8.3186499198509392 29.292013469981615 18.151263561128875 22.396582057524938 0.90350610611494531 24.491065798269119 15.079073583707215 0.13622461224440385 1.7206636361079315 0.33735840860754407 2.1100368227926083 3.0055859438725738 1.9694257566006852 3.4310704736271864 1.1602684415411193 27.929015851812441 34.48343380948063 2.8111841303179972 11.571079365152398 6.9075690261670388 0.50546099338680506 0.58372682589106262 0.26990475069032882 0.19758398307021707 0.71105405286652856 0.56033617077628151 0.39186909893760447 0.46423097274964664 1.9538851433899251 0.38294936588499695 1088.4839264447946 19.700962778544636 40.374858221592149 46.876134805410402 15.42731495627231 858.50815248348226 25.36844530858798 24.322445270605385 74.241955841534946 11.124459894883328 14.309799795621073 107.25482200280385 36.810608291372773 228.52485205548146 323.63506682082516 10.568967520921431 27.001274267866393 9.2986551269495994 11.337834327052404 22.754382130580783 16.956491180084413 151.29261962882447 106.60842341188254 66.740462673937145 18.53516936903543 117.71111194102559 1.3907843496999692 1.6543812332092773
leaf_count=9352 9426 26088 665971 38992 6490 964 1686 22887 18 1979 1532 22 23 20 69 184 44 686 13 1580 8317 31 728 872 37 37 17 51 24 24 25 35 170 19 99621 4466 2994 3608 3304 66332 3977 732 10071 779 1749 7696 1918 11566 30411 2279 8244 895 492 1154 2176 32225 113292 8333 2371 2364 74 24
internal_value=-0.000898238 -0.0403229 -0.064697 -0.0895897 -0.157636 0.000433723 0.0127683 0.0418116 0.00587837 0.0265421 -0.00377586 0.0145076 -0.0220766 -0.054322 -0.128368 0.0348563 -0.0709376 -0.0299451 0.00290036 0.00851932 0.0366824 -0.0330025 -0.032746 0.0150853 -0.141495 -0.264579 0.000588205 -0.258662 -0.00143281 -0.156139 0.014702 -0.0759673 -0.0151417 -0.226791 -0.00032327 -0.000180024 0.00158913 0.0330926 0.0100417 -0.00503984 -0.0361458 -0.00930231 0.000266804 -0.000754769 0.0274661 -0.00112382 -0.0125007 -0.000127782 0.00102358 -0.00192732 -0.0420513 -0.0202636 0.0142929 -0.0328482 0.0272906 -0.000231591 -0.00292695 0.0162266 -0.0260138 -0.0316405 0.00491101 -0.136979
internal_weight=3824.34 124.983 76.0559 54.754 11.1711 3699.36 213.907 41.0153 172.892 55.0545 117.838 58.9466 58.891 25.7053 5.80013 40.4364 4.07946 18.5101 33.1857 32.2822 40.3002 5.81677 19.9052 8.33412 1.42655 0.921085 18.6188 0.467489 30.5634 1.27139 31.122 3.19293 2.7287 0.774818 3485.45 3476.81 2548.91 102.678 62.3034 927.9 69.3919 44.0234 2446.24 2357.68 88.5518 2346.56 372.59 265.335 1973.97 1614.85 65.4798 53.2564 359.118 35.483 26.2551 1549.37 1331.34 218.033 242.855 224.32 24.1452 12.2233
internal_count=1221560 746893 720805 711453 45482 474667 42094 24641 17453 2991 14462 10772 3690 1830 136 8554 113 2218 1860 1842 8532 215 1694 966 94 57 1754 68 1012 48 1829 249 214 44 432573 423147 347640 9906 6912 75507 9175 5198 337734 325914 11820 325135 21180 13484 303955 271824 13618 11315 32131 1720 3071 258206 217648 40558 118027 115656 1228 2303
is_linear=0
shrinkage=0.08


Tree=100
num_leaves=63
num_cat=0
split_feature=16 9 9 16 15 11 14 14 4 4 0 1 9 1 1 1 4 15 8 1 9 4 3 0 8 14 0 16 0 2 1 3 1 4 4 3 4 16 0 1 3 0 0 14 15 15 14 14 8 16 16 9 4 8 4 9 16 3 0 14 11 4
split_gain=27.2389 16.2227 16.2937 7.79542 5.36293 10.0922 11.0284 6.30457 6.45861 5.72202 6.09433 11.9138 5.23721 5.1806 8.90457 6.5905 9.26875 6.27063 5.20642 5.04386 6.52516 5.01653 4.86662 4.83074 42.7414 4.78866 7.94822 4.85426 6.05472 4.76413 5.46054 7.95008 11.1509 13.006 8.93309 16.6645 10.0978 9.28359 8.05123 7.97758 7.7721 7.56591 7.23071 7.20833 6.59243 7.23971 8.68788 9.02603 6.79709 9.48423 6.36938 12.9884 7.15041 6.41541 8.56904 6.94682 8.07097 10.3122 10.8052 9.40021 7.03715 8.29479
threshold=0.5047174096107484 0.58079877495765697 0.23670062422752383 0.49356175959110266 3.5000000000000004 0.81666666269302379 16.099511146545414 15.406392097473146 0.050641026347875602 0.048199767246842391 0.097167581319808974 0.10762548446655275 0.54295176267623912 0.31311275064945226 0.32071428000926977 0.49675324559211737 0.2736185491085053 1.5000000000000002 0.73854896426200878 0.85880398750305187 0.88953116536140453 0.044949496164917953 0.60660174489021312 0.97467949986457836 0.99779736995697033 4.9062407016754159 0.30068494379520422 0.88669520616531383 0.27953489124774938 0.053342817351222045 0.11189358308911325 0.10596491396427156 0.15047170221805575 0.082482993602752699 0.082482993602752699 0.15831244736909869 0.053342817351222045 0.50988206267356884 0.092665474861860289 0.25265957415103918 0.097167581319808974 0.10762548446655275 0.10367219150066377 6.803347349166871 15.500000000000002 7.5000000000000009 1.4634218215942385 2.5806746482849126 0.83377894759178173 0.69871267676353466 0.66075360774993908 0.87287157773971569 0.044949496164917953 0.56723594665527355 0.062996033579111113 0.9976744055747987 0.74301329255104076 0.12732185423374179 0.11566332355141641 2.0013564825057988 0.64583334326744091 0.062996033579111113
decision_type=2 2 2 2 2 2 2 2 2 2 2 2 2 2 2 2 2 2 2 2 2 2 2 2 2 2 2 2 2 2 2 2 2 2 2 2 2 2 2 2 2 2 2 2 2 2 2 2 2 2 2 2 2 2 2 2 2 2 2 2 2 2
left_child=1 2 22 -4 5 21 7 8 9 10 11 -7 -5 -10 -15 16 -16 -18 -17 20 -9 -2 -1 -20 -25 27 -27 28 -19 -6 42 32 33 -32 35 37 -37 -33 -34 43 -35 -38 -31 50 45 -43 -47 48 49 -48 -39 52 -52 54 -53 56 -55 58 -58 -59 -60 -62
right_child=4 -3 3 12 29 6 -8 19 13 -11 -12 -13 -14 14 15 18 17 25 23 -21 -22 -23 -24 24 -26 26 -28 -29 -30 30 31 34 38 40 -36 36 41 39 -40 -41 -42 44 -44 -45 -46 46 47 -49 -50 -51 51 53 -54 55 -56 -57 57 59 60 -61 61 -63
leaf_value=-0.043517077927976232 -0.06079514674128942 -0.0022419435099705074 -0.069216002658784095 -0.048325944365206104 -0.056786576834481191 0.081150125259033909 0.080602551312418613 -0.67311176433123965 0.056961430479575477 -0.25448826892076482 0.062431457160692323 -0.46296028939711698 -0.17538374652587244 -0.19041695723866325 0.032589405763858818 -0.020987138170163813 -0.16845127461023385 -0.23155658524076952 0.04740935006224449 -0.048059862850895245 -0.11164720567041059 0.0026737761199112798 0.03483175022047328 0.080080949386587982 -3.7901654413448824 0.14656752711430834 -0.041620790997058343 0.10714366097048091 -0.0529366697737935 0.021398466328151931 -0.013747377727135506 0.13271135231903264 -0.083048851487862854 0.14947342879025999 -0.0030172511163096068 -0.015735309987789561 0.53496058635898669 0.01841717032631152 -0.021823748492387222 -0.12620049338309591 -0.012186126243028395 0.061304688068190213 -0.14027795302167195 0.063710800555714472 -0.013840685878990882 0.0051510436572290031 0.28001143236613157 0.10877785950602467 0.13595245696663316 0.65377836009772072 0.03487136135173121 0.0031417585942345671 -0.074096242879855792 0.025590132320856444 -0.15818352237419289 0.047085238293530007 -0.023236299884733361 -0.05630509076593785 -0.061336268924227187 0.05208506331144494 -0.3001310566989987 -0.042041872935519246
leaf_weight=9.3604705919856332 8.0369024992323812 48.865930602528834 41.772279731284215 2.7490085060837819 9.968403733433659 0.53262474434450247 19.670340344193392 0.20976607222109955 22.024983165581943 0.94775523524731387 1.7807480208575723 0.49868102744221687 8.4837197567176172 1.3463509969224094 18.163536004765774 8.9579892049296159 2.3751450438430792 1.4076208151236667 45.055535604304168 1.9622031504986808 0.35951644706074148 958.20765237180603 11.079763067584279 0.15673213492846017 0.02067065512528643 2.2495005633682004 3.9736265133833513 1.0007939171046007 8.8548011555758404 87.058709335848107 49.22213563304831 3.6356142305085077 24.097136559201317 5.5263690423598728 2045.1564208753625 6.6977275176541324 0.2492209014599237 101.90263527779462 32.001425872338586 2.9775329093390601 2.9032426768244477 9.3166580740944536 1.8071341413306061 12.961663840804247 3.2208391861895498 1.7852701602096184 1.8286824781171169 3.3678799832268851 1.2053640279918907 0.56989686796441663 4.6029800985706997 5.1022527352906746 23.686860494082794 43.389054790139198 3.5897647505626082 23.311175270471722 31.216257206397131 7.1748571021016714 4.5716900294646603 17.887057618238032 2.3239073259755973 1.2129557840526102
leaf_count=6608 120 26088 666062 39006 1290 51 31685 12 677 38 92 17 6490 14 232 1326 35 15 13216 887 37 43237 2639 193 31 23 36 13 206 2574 1875 406 2302 148 360445 1199 3 5935 1347 211 57 191 95 431 606 128 99 59 11 10 86 62 519 566 24 854 505 116 31 231 29 29
internal_value=-0.00081944 -0.0379608 -0.061726 -0.0851253 0.000413905 0.00506843 0.0250185 0.0160476 0.0186976 -0.0844896 -0.0271944 -0.181951 -0.144289 0.022054 0.0138367 0.0168188 -0.00871263 -0.0464838 0.0347338 -0.108884 -0.318533 0.00214586 -0.00104758 0.0457689 -0.370873 -0.0299171 0.0264045 -0.0610358 -0.0774366 -0.00158811 -0.00137364 -0.00207275 -0.0227308 0.00197723 -0.00107829 0.0114001 0.0700587 0.00567871 -0.048123 0.00406338 0.0937963 0.0967311 0.0181107 0.00543425 0.0916023 0.110393 0.162618 0.20294 0.290934 0.368818 0.00263632 -0.00693185 -0.0563664 0.00307319 -0.0634849 0.00748647 -0.00107847 -0.01905 -0.0446088 0.0210546 -0.126888 -0.21162
internal_weight=3805.63 122.311 73.4452 53.005 3683.32 1107.79 141.549 121.879 119.347 3.75981 2.81205 1.03131 11.2327 115.587 93.5623 92.216 38.025 19.8615 54.1909 2.53149 0.569283 966.245 20.4402 45.2329 0.177403 17.4863 6.22313 11.2632 10.2624 2575.53 2565.56 2476.69 113.75 57.6517 2362.94 317.788 28.2415 289.546 56.0986 285.911 8.42961 21.5438 88.8658 282.933 21.2946 18.0738 8.75709 6.97182 3.60394 2.39858 269.971 168.069 28.2898 139.779 8.69202 131.087 107.776 64.3867 39.3248 25.0619 8.10855 3.53686
internal_count=1221560 746893 720805 711558 474667 92193 48836 17151 16215 198 160 68 45496 16017 15340 15326 560 328 14766 936 49 43357 9247 13440 224 293 59 234 221 382474 381184 378515 5729 2080 372786 12341 2306 10035 3649 9629 205 1107 2669 9418 1104 498 307 179 120 109 8987 3052 605 2447 86 2361 1507 941 594 347 89 58
is_linear=0
shrinkage=0.08


Tree=101
num_leaves=63
num_cat=0
split_feature=16 9 7 10 1 9 15 2 0 1 10 9 7 2 16 0 0 6 4 3 3 3 15 0 3 0 4 4 3 3 1 0 2 4 1 2 6 16 9 1 1 6 5 9 9 1 1 7 1 0 10 9 4 3 16 7 9 0 2 5 2 5
split_gain=23.6816 14.6267 16.1451 5.98154 8.32681 6.30926 4.7312 5.91327 9.02438 15.7469 7.64545 6.60125 6.47045 9.92644 8.65169 9.86994 12.7402 6.1689 8.37373 6.51373 5.59225 7.76862 9.39188 8.73718 7.30246 9.81603 8.18957 8.28458 6.77354 6.41108 11.953 6.18928 5.30616 8.22635 6.64729 6.907 6.15304 5.52878 5.28264 5.27825 7.86229 5.22223 6.46441 7.68862 6.40427 4.88915 7.27818 5.39228 5.60196 4.88746 4.8571 4.83882 4.80694 4.77908 5.3833 9.90645 7.25817 13.1395 5.66667 4.68076 6.13544 8.35154
threshold=0.5047174096107484 0.58079877495765697 0.21896404027938846 0.12060606107115747 0.88273492455482494 0.54295176267623912 2.5000000000000004 0.77849927544593822 0.75134408473968517 0.87026646733284008 0.54772728681564342 0.90954548120498668 0.69885995984077465 0.95180022716522228 0.92721253633499157 0.88273492455482494 0.90501254796981823 0.50641027092933666 0.72834226489067089 0.87585616111755382 0.86526826024055492 0.94185259938240062 1.5000000000000002 0.72850123047828685 0.80217391252517711 0.64549729228019725 0.64346247911453258 0.56562754511833202 0.93419912457466137 0.58102023601531994 0.78629976511001598 0.58561220765113842 0.15535445511341098 0.053342817351222045 0.65485891699790966 0.39052423834800726 0.038838613778352744 0.549086093902588 0.84248119592666637 0.99350649118423473 0.96490147709846508 0.22335600852966311 0.46428571641445165 0.86645436286926281 0.82780584692955028 0.79008570313453685 0.76253134012222301 0.61125501990318309 0.67083334922790538 0.53694942593574535 0.65686276555061351 0.63182720541954052 0.58123165369033825 0.91366460919380199 0.77286669611930858 0.45910002291202551 0.50802230834960949 0.90999102592468273 0.81872946023941051 0.23611111193895343 0.49742268025875097 0.61250001192092907
decision_type=2 2 2 2 2 2 2 2 2 2 2 2 2 2 2 2 2 2 2 2 2 2 2 2 2 2 2 2 2 2 2 2 2 2 2 2 2 2 2 2 2 2 2 2 2 2 2 2 2 2 2 2 2 2 2 2 2 2 2 2 2 2
left_child=1 2 -1 5 -5 -4 7 20 -9 17 11 12 53 14 39 -16 -17 18 -10 -19 24 22 -22 -24 25 29 27 -27 -25 32 41 -32 33 -2 35 36 37 -34 -29 40 -14 -31 43 44 -43 46 47 48 -26 -44 -21 -15 -37 -11 55 58 57 -57 -55 -23 61 -61
right_child=6 -3 3 4 -6 -7 -8 8 9 10 -12 -13 13 51 15 16 -18 19 -20 50 21 59 23 28 45 26 -28 38 -30 30 31 -33 34 -35 -36 52 -38 -39 -40 -41 -42 42 49 -45 -46 -47 -48 -49 -50 -51 -52 -53 -54 54 -56 56 -58 -59 -60 60 -62 -63
leaf_value=-0.00037581391475098689 -0.046054360272779746 -0.0020650499411369538 -0.083469576296349268 -0.055631637889985285 0.28875265013000684 -0.16448222296403778 -0.0009000335349023898 0.053585889431842768 -0.12155123711340629 0.056756121556948272 0.034274230853879505 0.053478456100732936 -0.049620802269287376 -0.32440712453553788 0.019629685561951885 -0.6976418876168583 -0.16524774989380606 -0.15318617507693377 0.066922383152452455 -0.018150298898448089 -0.15704483464571831 0.17791879339983904 -0.11374674456323963 0.04754023512875219 -0.27266225088595841 -0.080936716524279848 -0.027934466090829422 -0.15172769590982677 -0.2800478421241408 0.10242439533888016 -0.26483272963720839 0.0073727396230516221 0.14925557917592738 0.05025409254480457 0.08232639891711209 -0.090548367649623304 0.093217641448092262 -0.033505495578863939 -0.47550932041525151 -0.0073139520374247849 -0.25974469544671414 -0.08847381211478629 -0.06388051843363074 0.072352466840165996 -0.42777539529453273 0.076627750016558582 -0.16651850604084686 0.090333970751259138 0.049858301097887095 0.10799219261194595 -0.11031055444726233 0.080373969380251556 -0.37788148551499384 0.10717946893098605 0.013103324275710398 0.42336423199025341 0.0015735860710447706 0.038261672855143286 -0.066449753115089258 0.06365512078760191 -0.0073599304462985829 -0.47557169006678107
leaf_weight=21.117896603711067 7.9816393517030546 48.81009090915552 23.605543247542734 17.336690176452507 0.46129274777194851 8.3213875405120259 3048.5721074112407 30.993531795531453 2.0853002534131546 12.93341813200095 85.21049627638422 18.259466816991335 12.128131014003882 0.19478360563516517 0.8786308843409637 0.40939484571572371 0.967481178289745 4.6441129447921439 5.4560481224616524 11.930915387594725 5.4135748837288711 0.85551204648800094 4.7096417457942152 6.5396353108808398 0.62744289923284913 2.6127841858979077 10.777363216780939 0.59218194520508383 0.43055711319902901 10.300212205991562 1.1319173858355491 1.0130574650538617 1.0959298094239773 19.651598406286212 3.6001412768237051 5.7765823716035802 2.9495626784118931 31.743111434421735 0.70815051218960434 25.459362736321054 1.2578678814461444 1.8213228394888563 1.3429910203121833 1.6478404495865104 0.44252564292401064 13.598958464426685 1.4400659890234235 3.5417980221100152 0.76479191610997077 5.0054522055579582 5.2794029390206552 6.3738141512149014 0.39832407018548099 1.2779825163161174 163.92417984269559 0.76453667889291255 16.315567579178605 2.1949460826581344 20.5008969430055 0.32806906098266964 49.453954311160487 0.41808983594819438
leaf_count=9352 170 26088 463090 243571 114 4678 410149 3265 65 510 32091 2394 332 8 31 17 83 286 391 750 218 32 152 313 22 85 773 24 15 345 36 60 206 472 209 401 78 574 23 1797 33 100 52 71 5 544 37 143 52 157 498 3591 32 146 5265 47 373 65 3104 89 3840 46
internal_value=-0.00073721 -0.0357623 -0.0589795 -0.0838681 -0.0467058 -0.104585 0.000402624 0.0067247 0.0120047 0.00877027 0.0132588 0.00694982 0.00375084 -0.0229472 -0.0375413 -0.189863 -0.323548 -0.0475809 0.0148065 -0.069109 -0.00468585 -0.0232619 -0.0699428 -0.0295712 0.00500994 -0.0030303 -0.0639266 -0.163055 0.0273047 0.00629791 0.0434364 -0.136272 -0.00522225 0.0224362 -0.0219964 -0.0309465 -0.0174649 -0.0274063 -0.328057 -0.0286969 -0.0693659 0.0621846 0.0217876 -0.0591089 -0.154799 0.0495295 -0.00828379 0.0378992 -0.0954931 0.0716331 -0.0464212 0.0683707 -0.109083 0.00959119 0.00661524 -0.019291 0.0224816 0.137747 -0.0562612 -0.00763313 -0.0107953 -0.238486
internal_weight=3796.38 119.653 70.8428 49.7249 17.798 31.9269 3676.73 628.155 429.44 398.447 369.051 283.84 265.581 47.6695 41.1009 2.25551 1.37688 29.3958 7.54135 21.8544 198.715 68.149 17.0934 11.6798 130.566 110.593 14.6905 3.91312 6.97019 95.9022 22.7053 2.14497 73.1969 27.6332 45.5637 41.9635 35.7886 32.839 1.30033 38.8454 13.386 20.5603 10.2601 3.91169 2.26385 19.9731 6.3741 4.93403 1.39223 6.34844 17.2103 6.5686 6.17491 217.912 204.978 41.0539 19.2751 2.95948 21.7789 51.0556 50.2001 0.746159
internal_count=1221560 746893 720805 711453 243685 467768 474667 64518 55142 51877 49887 17796 15402 5892 2293 131 100 1990 456 1534 9376 4705 698 480 4671 3873 905 132 328 2968 826 96 2142 642 1500 1291 858 780 47 2162 365 730 385 176 105 798 254 217 74 209 1248 3599 433 9510 9000 3735 485 112 3250 4007 3975 135
is_linear=0
shrinkage=0.08


Tree=102
num_leaves=63
num_cat=0
split_feature=15 4 11 2 14 9 7 2 11 9 4 5 8 9 7 9 7 8 14 7 9 1 1 2 7 2 2 2 4 14 7 4 14 14 15 9 14 11 9 1 11 9 14 9 7 5 9 14 14 1 4 2 14 6 8 4 1 14 15 9 7 0
split_gain=7.11012 18.764 10.1187 13.3255 9.82294 9.14784 11.735 10.0662 8.9083 8.19631 47.6969 11.868 15.995 13.6771 10.2883 13.8187 21.7261 10.2768 8.96645 8.07795 9.53335 7.28531 9.01 8.67433 8.42782 8.98432 7.23855 7.28939 9.87777 36.7221 6.63166 8.53621 7.93595 6.54493 6.48936 6.4464 6.42061 12.8781 6.37312 6.16561 10.0436 7.05023 6.05335 5.96486 5.92488 5.91241 5.87758 6.9631 5.84295 15.7925 7.72056 5.77783 5.71769 10.0716 7.15611 7.08797 8.49419 11.1909 7.34034 5.92714 8.23713 5.64231
threshold=4.5000000000000009 0.050641026347875602 0.43650794029235845 0.90070420503616344 1.8605850338935854 0.95093432068824779 0.45476087927818304 0.21352583914995196 0.35416667163372045 0.61926808953285228 0.48050633072853094 0.074175827205181136 0.26430687308311468 0.45729483664035803 0.53359895944595348 0.52280154824256908 0.58123868703842174 0.50917509198188793 3.9818859100341801 0.38115416467189794 0.55329477787017833 0.19139194488525393 0.30638852715492254 0.095811817795038237 0.69885995984077465 0.11189358308911325 0.47901995480060583 0.48304596543312078 0.56294015049934398 2.4112205505371098 0.81337305903434765 0.1490740776062012 2.9878323078155522 2.9631460905075078 29.500000000000004 0.9343664050102235 23.270339965820316 0.61250001192092907 0.98255756497383129 0.15047170221805575 0.2264957278966904 0.49685485661029821 6.803347349166871 0.5170399844646455 0.43341544270515447 0.30952382087707525 0.50920382142066967 15.822612285614015 2.5806746482849126 0.17519181966781619 0.067231640219688429 0.86616915464401256 2.9878323078155522 0.81365740299224865 0.88078150153160106 0.96178188920021068 0.94494947791099559 15.122525691986086 16.500000000000004 0.63182720541954052 0.60386699438095104 0.25586470961570745
decision_type=2 2 2 2 2 2 2 2 2 2 2 2 2 2 2 2 2 2 2 2 2 2 2 2 2 2 2 2 2 2 2 2 2 2 2 2 2 2 2 2 2 2 2 2 2 2 2 2 2 2 2 2 2 2 2 2 2 2 2 2 2 2
left_child=1 4 8 5 -1 46 -7 -8 21 10 18 14 26 -14 -12 16 -16 51 39 34 -21 48 23 -23 25 -25 -13 28 29 -28 38 42 33 -33 -15 -26 -9 -38 52 40 -2 -42 -32 -5 -43 -41 47 -4 49 -3 -51 -11 53 -19 55 58 -57 -58 59 60 -54 -24
right_child=9 2 3 43 -6 6 7 36 -10 17 11 12 13 19 15 -17 -18 30 -20 20 -22 22 61 24 35 -27 27 -29 -30 -31 31 32 -34 -35 -36 -37 37 -39 -40 45 41 44 -44 -45 -46 -47 -48 -49 -50 50 -52 -53 54 -55 -56 56 57 -59 -60 -61 -62 -63
leaf_value=0.038146013567133638 -0.075291692006412184 0.044471451261449309 -0.09144864904807834 -0.033665087848443888 -0.068308059122738393 -0.3110870389109241 0.042646485537394856 -0.011995837485103394 -0.1149593936974183 0.017381965968758527 0.015029042080985719 -0.071888971044662131 -0.064116860605842971 0.074053255009886756 1.7990618223359403 0.14734939399659841 0.27763324389635585 -0.012961472058532897 0.1160045211216086 -0.058394971756738454 0.01047259455634131 0.25257210959247184 0.051065374952655986 0.43295364267608916 -0.066892687488503202 -0.022739469028176088 -0.081536098505640281 0.00330780332010364 0.074554472903297433 2.2205860910305755 0.017454084473568453 0.0090355924128495118 -0.014017961349171434 0.17945816345938545 -0.12076068194099206 -0.21194473650099396 -0.3360551857461202 0.08312351527921287 0.018254344565589161 -0.086051490458208785 -0.097104229379051651 0.30560533678281687 0.07729129550931646 0.069799730931132412 0.053039643920985917 -0.024038937646231058 0.026225059616407548 0.11779801204398029 0.014856733399267732 0.51533503914652234 0.17313869753247726 0.081074455081052488 -0.063659492076762414 0.07652644616927938 -0.032454079046591498 -0.1230106277430386 -0.10549403892415531 0.038282102114590336 0.07073674216542003 0.0069569885257148899 0.38168736256943564 0.00093108761904498339
leaf_weight=6.6532176639147016 4.8934841686405033 9.2746180399590212 5.280344203056301 3.945042260354966 33.379640164907286 0.79870582977309723 24.290298923966475 95.689221839682432 4.1939566010551053 99.941192801719581 4.8223997152126667 8.2545575578733388 47.13934950285784 10.30153093708577 0.084941654095019081 3.3193585513563448 0.20515393715686514 629.9000313104807 1.6948837285279257 23.48770422515463 28.443599028302742 0.53538642281637194 14.552054347378769 0.29305118009869957 4.7038999880896863 5.0235829543962609 0.12258585954259515 457.8488713070401 0.49088468205081881 0.069480042726354441 120.10627842985559 179.08282492507715 161.08354991837405 1.4539275547722343 1.2243776439681813 3.3626175560057163 1.1142109943320964 0.8101037734595592 64.69500920077553 65.729986917976532 0.80700496133249622 1.1632268821250096 11.891430183779446 37.126363523420878 1.2157077249265165 11.5721252002495 162.94586549901942 1.2608380538295021 21.506530590180773 0.68427837445415107 1.1007604092155814 10.030038072611204 0.45937649856204987 8.1533697171253134 33.161136368114967 5.4192578213405822 5.0655489598866579 10.963833722984416 12.731233567072193 191.50818272431206 0.63078401112579741 1130.0115469538755
leaf_count=264 13723 284 7093 67 853 51 955 12486 89 11202 6598 3613 193933 3525 66 494 3 115014 2535 17007 4285 19 905 22 55 420 82 15659 93 17 2418 6535 7402 55 703 35 82 977 1984 641624 4870 304 503 38212 530 18028 15399 27 381 39 35 345 141 646 1014 252 109 458 375 5412 42 61211
internal_value=-0.000672101 0.00345066 0.00486672 0.0171936 -0.050616 0.011196 -0.00544032 -0.00343774 0.00142969 -0.00358612 -0.0109563 -0.00274456 -0.00412059 -0.0314757 0.091481 0.193624 0.723116 -0.000378872 -0.0662012 -0.00722818 -0.0206751 0.00183952 0.000790489 -0.0631875 -0.0758193 0.00237819 0.00236072 0.00369737 0.264864 0.751259 -0.00218352 0.00556656 -0.00110949 0.0104081 0.0533585 -0.127359 -0.0149054 -0.159588 -0.00599636 -0.0698181 -0.00332118 0.107223 0.0228447 0.0598616 0.176537 -0.0767682 0.0232402 -0.0511155 0.0391569 0.0864107 0.304317 0.0231911 -0.00774348 -0.011818 0.00225783 0.00733365 -0.0364262 -0.00715353 0.0119048 0.00801585 0.194025 0.0015685
internal_weight=3787.7 1568.54 1528.5 333.261 40.0329 292.19 122.703 121.904 1195.24 2219.17 672.891 585.815 577.383 110.597 8.43185 3.60945 0.290096 1546.28 87.0764 63.4572 51.9313 1191.05 1158.48 13.9185 13.3832 5.31663 466.786 458.532 0.682951 0.192066 1436.31 473.618 341.62 180.537 11.5259 8.06652 97.6135 1.92431 962.688 85.3815 8.07942 3.18594 131.998 41.0714 2.37893 77.3021 169.487 6.54118 32.5662 11.0597 1.78504 109.971 897.993 638.053 259.939 226.778 21.4486 16.0294 205.33 192.598 1.09016 1144.56
internal_count=1221560 139961 138844 75349 1117 37070 14551 14500 63495 1081599 927692 246078 238917 219453 7161 563 69 153907 681614 25520 21292 63406 62667 551 532 442 19464 15851 192 99 142360 16913 13992 6590 4228 90 13545 1059 125447 679079 19427 5704 2921 38279 834 659652 22519 7120 739 358 74 11547 123463 115660 7803 6789 819 567 5970 5595 183 62116
is_linear=0
shrinkage=0.08


Tree=103
num_leaves=63
num_cat=0
split_feature=1 9 5 4 0 5 4 2 5 2 1 9 4 14 0 6 6 5 15 11 14 0 0 1 4 1 1 0 4 4 0 10 1 10 2 9 8 9 14 14 0 14 8 0 0 0 6 2 14 9 9 9 2 5 0 4 1 2 4 0 1 10
split_gain=6.57088 35.9484 22.4707 31.2008 28.1278 18.3718 17.9018 16.7819 17.8896 15.8618 14.9455 14.7685 14.0236 12.9437 12.5448 13.8731 12.3886 11.9606 11.8956 11.174 10.4372 10.2354 10.2291 10.9629 14.788 12.0217 16.7568 11.9215 11.2191 10.8084 9.97559 9.81484 9.44172 9.37799 9.20631 9.13222 17.5592 17.5066 14.0076 17.7471 16.2688 23.0528 8.91126 8.74748 8.99593 11.0121 18.2689 9.24597 8.66177 8.43848 15.0742 73.7347 8.36587 8.26522 7.9044 19.3921 10.9503 10.2793 9.6452 9.39345 16.0195 9.2131
threshold=0.63453349471092235 0.61280998587608349 0.069047622382640853 0.41897973418235784 0.50274726748466503 0.30952382087707525 0.12632978707551959 0.33508773148059851 0.30952382087707525 0.61257407069206249 0.88273492455482494 0.9976744055747987 0.51925924420356762 3.3272596597671513 0.51456862688064586 0.41763564944267279 0.31311275064945226 0.23611111193895343 16.500000000000004 0.81666666269302379 0.3468256294727326 0.58204832673072826 0.33508773148059851 0.36237373948097235 0.13484849035739901 0.37590579688549047 0.41444373130798345 0.20761494338512423 0.19139194488525393 0.067231640219688429 0.53694942593574535 0.92582416534423839 0.90070420503616344 0.14039409160614016 0.96051946282386791 0.88029849529266369 0.77221456170082103 0.87287157773971569 1.2410258054733279 0.78948670625686657 0.23606811463832858 0.89562946557998668 0.96794739365577709 0.60922586917877208 0.61938297748565685 0.61620295047760021 0.32466214895248419 0.70801281929016124 6.803347349166871 0.57205790281295787 0.51173812150955211 0.50920382142066967 0.70222854614257824 0.13392857462167743 0.6832355558872224 0.72046512365341198 0.81530213356018078 0.60120484232902538 0.82683658599853527 0.62316370010375988 0.75931033492088329 0.86811593174934398
decision_type=2 2 2 2 2 2 2 2 2 2 2 2 2 2 2 2 2 2 2 2 2 2 2 2 2 2 2 2 2 2 2 2 2 2 2 2 2 2 2 2 2 2 2 2 2 2 2 2 2 2 2 2 2 2 2 2 2 2 2 2 2 2
left_child=1 13 3 4 18 32 -6 17 9 19 -8 16 30 43 49 52 20 22 -2 -9 -7 -18 23 27 -25 35 -27 48 -28 -24 -10 -23 -4 -14 42 36 37 -26 39 -38 -41 -42 54 -1 45 -45 47 -47 -3 50 51 -5 -16 -11 56 -56 57 59 -58 60 61 -22
right_child=2 7 5 14 6 11 10 8 12 53 -12 -13 33 -15 15 -17 21 -19 -20 -21 34 31 29 24 25 26 28 -29 -30 -31 -32 -33 -34 -35 -36 -37 38 -39 -40 40 41 -43 -44 44 -46 46 -48 -49 -50 -51 -52 -53 -54 -55 55 -57 58 -59 -60 -61 -62 -63
leaf_value=-0.072341412246770334 0.089649402355984939 0.00099233311322994081 -0.053461715022803995 -0.08005641828528362 0.07351778806150136 -0.10344296430189419 -0.062248345947695273 -0.059700413749843348 0.092124312267101993 0.090613706479447845 0.11647623889927566 0.044054340459042475 0.38664315677961525 0.03043186292039685 -0.0075070693158843602 0.082020677705088973 -0.035660748320083813 0.091518847857789576 -0.04583704468146773 -0.017397611288388692 0.069816726467063828 -0.00047244270376085385 0.15055570002986735 -0.066880736894688125 0.037151979220482398 -0.022102164337759574 -0.041240899479601412 -0.024796536798060258 0.044802078516901912 -0.043997186389410067 -0.040450755529257879 -0.068469138449866157 0.03180708054699171 -0.021630937507227631 0.72248221312391869 0.032241948072226176 0.051093715434180342 1.5528391777189399 0.1578663272597037 0.40739748197833769 2.1398310395224334 0.54961756722635358 -0.084979408374879203 0.13569384264934331 -0.013311601105562329 -0.081158073735566383 2.6880433516057303 1.2227217033483553 0.042948266069096477 0.10620759959622637 0.28982721286532576 7.758541707213416 0.063902848760071976 -0.082608239547356258 -0.022237166206500722 0.061933226911455933 -0.018228029958492695 0.080887099618135658 -0.51371689625132388 -0.059325407455161162 -0.091598286153446437 -0.2261169852855176
leaf_weight=72.729169550024864 21.199536145124515 702.80014113004427 58.27122216780208 0.03104378955686371 8.4012777538700885 4.2915421080685965 51.658738703463314 88.12633829589322 18.469525375163361 9.170693556290642 3.1787459738479802 49.695232937723631 0.36443535203580069 10.079643399860258 31.32523182220757 36.719049077029922 56.200801413784802 9.5438214414607483 5.1560799486323949 73.11929880957905 29.571939969040617 1783.5106868290559 1.9083599166333431 11.947327662725 12.277994418596791 54.779711473318457 11.073863838999385 115.27536327538837 78.091057526798977 43.150416371005122 4.5216948732631854 13.690154357260324 9.6934911254138552 30.054150127747562 0.12027878792650781 34.28841382212704 0.35564109563710999 0.048965673195198955 6.1838377439416945 0.3253939850255847 0.10803570054122247 0.12684510723920539 4.8172670348430975 0.68393051551174622 3.1626599195260496 0.080786061116668861 0.028876292031782214 0.061154234201239888 32.969323139172047 17.79280970004038 0.77728226228464337 0.010204948302998673 15.793212883534578 2.1824385223735581 51.367452182690613 26.584237073500844 12.452822697534426 39.593180145437145 0.25661484985539651 7.161150427251413 4.9922011084636315 0.68896759254857798
leaf_count=675718 2340 28032 66690 452 1341 4515 30834 49902 595 497 83 21859 27 27594 4311 5388 16708 196 3825 2328 16171 175241 42 1320 4943 8790 995 15547 8700 11861 113 470 1206 1132 30 490 53 13 143 12 14 27 126 761 3246 228 8 8 1175 578 90 4 1081 116 6206 1676 3694 7108 6 2271 2605 25
internal_value=-0.000635006 -0.00491307 0.0019703 0.028191 -0.0062905 -0.000368578 -0.0352281 -0.00168368 -0.0215619 -0.0340824 -0.0518883 0.000965673 0.018899 -0.0547996 0.0583461 0.0451563 -8.64085e-05 0.00234469 0.0631435 -0.0405176 0.0198367 -0.00204172 0.00157499 0.00316095 0.0195495 0.0247737 0.0127215 -0.000875445 0.0341159 -0.0357574 0.0660507 -0.000990407 -0.0413002 -0.0167395 0.0228156 0.0570708 0.100894 0.0431727 0.201113 0.493091 0.773655 1.28105 0.0223414 -0.0659937 0.0489231 0.279198 0.853775 0.480612 0.00287235 0.117762 0.368914 1.85921 0.0164282 0.0573149 0.0253356 0.00646787 0.0408636 0.051572 -0.0282324 0.0242068 0.0411751 0.063079
internal_weight=3773.09 1428.09 2345 192.043 89.5944 2152.96 63.2388 1341.26 226.009 172.599 54.8375 2084.99 53.4098 86.8262 102.449 83.8375 2035.3 1115.25 26.3556 161.246 181.898 1853.4 1105.71 1060.65 209.607 197.66 143.945 851.045 89.1649 45.0588 22.9912 1797.2 67.9647 30.4186 177.606 53.7151 19.4267 12.327 7.09975 0.915916 0.560275 0.234881 177.486 76.7466 4.01741 0.854747 0.170817 0.14194 735.769 18.6113 0.818531 0.0412487 47.1184 11.3531 172.669 77.9517 94.7169 82.0074 12.7094 42.4143 35.2531 30.2609
internal_count=1221560 844626 376934 50327 38423 326607 32258 137063 54710 52843 30917 258711 1867 707563 11904 10780 236852 82353 6165 52230 44433 192419 82157 70254 25500 24180 18485 44754 9695 11903 708 175711 67896 1159 39918 5695 5205 4956 249 106 53 41 39888 679969 4251 1005 244 236 29207 1124 546 456 5392 613 39762 7882 31880 28180 3700 21072 18801 16196
is_linear=0
shrinkage=0.08


Tree=104
num_leaves=63
num_cat=0
split_feature=16 9 7 0 1 15 9 14 10 10 1 14 4 7 14 11 9 7 11 1 10 15 14 6 16 14 4 6 15 16 1 14 10 9 7 1 16 2 4 1 0 1 4 9 14 2 1 0 4 16 16 2 14 9 1 1 0 0 4 6 0 16
split_gain=16.9531 14.5047 15.0927 5.33522 5.41425 6.85126 5.44866 5.15553 4.77953 4.66494 7.84533 4.4897 4.14867 5.44414 4.01786 12.5033 4.41857 4.77996 6.00585 6.20081 14.5922 4.90518 4.41544 13.1641 12.0033 14.8087 8.86092 10.4197 8.65614 8.3938 9.90049 7.55812 12.2979 11.512 10.3208 11.9564 7.98016 7.36628 7.21497 10.4782 6.68925 7.13644 40.7898 6.61583 6.46876 6.26093 6.03637 12.4631 5.83968 5.83655 5.75603 5.61527 5.7443 6.4731 5.38082 11.6984 13.4425 9.55762 8.57244 8.19598 8.73173 8.1544
threshold=0.51789271831512462 0.58079877495765697 0.21896404027938846 0.080540537834167494 0.15047170221805575 5.5000000000000009 0.58633655309677135 15.636798381805422 0.10435571894049646 0.10762548446655275 0.88273492455482494 4.1410288810729989 0.056349206715822227 0.53116172552108776 17.829000473022464 0.6904762089252473 0.9976744055747987 0.88322511315345775 0.43650794029235845 0.96178188920021068 0.97826087474823009 2.5000000000000004 14.998265266418459 0.84262126684188854 0.66786572337150585 15.2471981048584 0.89725545048713695 0.95346319675445568 1.5000000000000002 0.88669520616531383 0.76506900787353527 4.9062407016754159 0.89444443583488475 0.9976744055747987 0.84898874163627636 0.12276295199990274 0.69871267676353466 0.67962265014648449 0.062996033579111113 0.31662489473819738 0.93419912457466137 0.90521115064620983 0.94201681017875682 0.76609560847282421 0.51747670769691478 0.39369101822376257 0.86425063014030468 0.75134408473968517 0.062996033579111113 0.78905326128005993 0.74301329255104076 0.93788579106330883 1.2908954024314883 0.83594325184822094 0.982753485441208 0.93440860509872448 0.89022758603096019 0.87298336625099193 0.8155706822872163 0.70710784196853649 0.80982521176338207 0.82036876678466808
decision_type=2 2 2 2 2 2 2 2 2 2 2 2 2 2 2 2 2 2 2 2 2 2 2 2 2 2 2 2 2 2 2 2 2 2 2 2 2 2 2 2 2 2 2 2 2 2 2 2 2 2 2 2 2 2 2 2 2 2 2 2 2 2
left_child=1 2 7 -3 8 6 -6 -1 -5 -4 11 -11 13 -8 22 16 17 -16 -19 21 -21 -20 23 28 25 -24 -25 29 -2 -28 -31 40 36 34 35 -34 43 -26 -37 -40 54 42 -42 48 -32 -27 47 49 -33 -39 -43 -52 53 -53 55 57 -57 -30 -56 60 -60 -58
right_child=14 3 9 4 5 -7 12 -9 -10 10 -12 -13 -14 -15 15 -17 -18 18 19 20 -22 -23 24 26 37 45 27 -29 31 30 44 32 33 -35 -36 38 -38 46 39 -41 41 50 -44 -45 -46 -47 -48 -49 -50 -51 51 52 -54 -55 58 56 61 -59 59 -61 -62 -63
leaf_value=-0.013750843131396224 -0.031917657142267054 -0.091763526792277852 -0.10068416367898735 0.20761170407160381 0.60061964375694776 -0.037684258381111127 0.36924958576423339 0.096925636800894124 0.023077582561840452 -0.069817503262497749 0.16371148592145057 0.10089155419648065 0.0037002339874318601 0.057625594915312897 0.0093174774233680761 0.080656640907094165 0.070866469302652599 -0.012012581227020654 -0.10207979434512876 0.080526420643910621 -1.152095441774567 -0.35377802712173023 -0.076070306521575579 0.074340978997880669 -0.041378273221330635 0.5787201996127892 -0.055761218821653705 0.076004624764082998 -0.0025489708681996864 -0.29212225656078034 0.17245546076864063 0.21490813598392014 -0.52125368782093406 0.0016652402160153305 -0.033831598420277706 0.038966785738871454 0.012733426391773175 -0.060642017622387114 -0.50338702744142516 -0.12538451654968408 0.02781502601867164 0.11903491520461447 -1.2715570696979328 0.025332797333149696 0.018760288994723335 0.0014294816041332476 0.0005501837374993694 -0.082166793112199946 0.072402262599730247 0.023612752297084427 0.080462460306860689 -0.15060410951178976 0.031753462243494915 0.081826173984125616 0.032260281991471788 -0.017428373617753953 -0.029017931855004116 0.032898526528139259 0.035265037361069271 0.0054589693599564962 -0.13826802628252183 -0.16948044873990994
leaf_weight=18.006430652691325 51.929144914371136 3.9019069387886409 26.591180912019887 0.92673552264022774 0.11635871812905207 24.500550566600143 0.51688135352742381 3.1675016843073527 29.255768092080729 20.415930257883787 1.0371320754275064 1.0360530066864146 4.0475255306228064 1.1731305811554191 180.12978381366702 15.176212348917032 6.4603420800995073 37.092387847485952 1.1351400756393553 1.1695445048972035 0.064876476826611795 0.87945145484991361 32.653437808759918 24.215661628513772 30.298608847428113 0.12077503727050753 13.865090054387109 13.282365030165236 1721.2915703580984 0.61944728728849696 1.9202259922749387 2.1490427870303384 0.52767459396273153 49.647497429570649 15.36357779719401 1.3379007587209342 307.21103432623204 6.935580060118812 0.53989490400999773 3.5907590306014754 1.2130929951235909 5.7141362269030678 0.17720612295670424 24.454011393361725 20.075745776412077 26.875267919182079 747.6871658336604 17.622981191263534 12.812658470356835 21.805852198507637 7.8271494816872318 2.8030361509881909 8.0289652821084001 1.0556425534887237 70.294877859880216 33.744614223760436 4.1779471998088393 50.097727609660069 2.7066775556377234 28.220918979212001 5.9027136396907736 7.209921614790801
leaf_count=9588 2938 1274 420750 28 140 31609 21 86 2637 331671 253 2018 1166 33 11346 28705 2346 2091 70 421 13 21 33797 1781 546 9 1029 3306 261354 19 19 19 18 5174 503 21 13432 263 11 118 141 220 31 291 1975 10906 21474 420 354 614 616 53 1822 178 4506 1908 349 3035 138 1388 276 221
internal_value=-0.000636851 -0.028505 -0.0536476 -0.00109343 0.0047507 -0.0191063 0.0586489 0.00280574 0.0287436 -0.0780024 -0.0511834 -0.0615729 0.0476576 0.152934 0.000400036 0.0103553 0.00565383 0.00374294 -0.0211481 -0.125444 0.0157445 -0.211956 -0.000313474 0.00140849 -0.00517161 -0.0398267 0.034651 0.015337 0.00039229 -0.00675178 0.023295 0.0011008 0.010868 -0.0194631 -0.0685725 -0.157586 0.0170813 -0.00266398 -0.122495 -0.174791 -0.000990543 0.0386874 -0.137802 0.0509695 0.0321777 0.00401217 -0.00118676 -0.0291973 0.0928713 0.00328128 0.0483367 0.0278456 -0.00679883 -0.0870167 -0.00154373 -0.00257122 -0.0427916 -0.00154646 0.0158794 -0.0153854 -0.0837115 -0.117948
internal_weight=3754.81 134.693 70.2542 64.4389 60.537 30.3544 5.8539 21.1739 30.1825 49.0803 22.4891 21.452 5.73754 1.69001 3620.12 242.108 226.932 220.471 40.3414 3.24901 1.23442 2.01459 3378.01 2494.01 884 59.6495 73.9785 49.7629 2420.03 36.4805 22.6154 2368.1 417.634 71.0073 21.3598 5.99623 346.627 824.35 5.46855 4.13065 1950.47 26.8192 1.3903 39.4157 21.996 26.996 794.052 46.3644 14.9617 28.7414 25.4289 19.7148 11.8876 3.85868 1923.65 1816.52 45.1325 1771.39 107.125 36.8303 8.60939 11.3879
internal_count=1221560 801274 764366 36908 35634 32969 1360 9674 2665 754692 333942 333689 1220 54 420286 45013 16308 13962 2616 525 434 91 375273 307244 68029 44712 8129 6348 299115 3042 2013 296177 19941 5845 671 168 14096 23317 150 129 276236 3061 172 664 1994 10915 22771 1297 373 877 2889 2669 2053 231 273175 266867 2478 264389 6308 1802 414 570
is_linear=0
shrinkage=0.08


end of trees

feature_importances:
name_partial_ratio=686
blocking_score=649
addr_token_set_ratio=580
name_token_sort_ratio=570
name_core_ratio=553
name_ratio=438
combined_token_set_ratio=425
addr_ratio=408
name_char3_jaccard=382
addr_num_jaccard=363
name_token_set_ratio=329
addr_token_sort_ratio=320
addr_token_jaccard=278
name_token_jaccard=262
blocking_rank=233
addr_num_match=33
addr_empty=1

parameters:
[boosting: gbdt]
[objective: binary]
[metric: binary_logloss]
[tree_learner: serial]
[device_type: cpu]
[data_sample_strategy: bagging]
[data: ]
[valid: ]
[num_iterations: 300]
[learning_rate: 0.08]
[num_leaves: 63]
[num_threads: 8]
[seed: 42]
[deterministic: 0]
[force_col_wise: 0]
[force_row_wise: 0]
[histogram_pool_size: -1]
[max_depth: -1]
[min_data_in_leaf: 20]
[min_sum_hessian_in_leaf: 0.001]
[bagging_fraction: 1]
[pos_bagging_fraction: 1]
[neg_bagging_fraction: 1]
[bagging_freq: 0]
[bagging_seed: 400]
[bagging_by_query: 0]
[feature_fraction: 0.85]
[feature_fraction_bynode: 1]
[feature_fraction_seed: 30056]
[extra_trees: 0]
[extra_seed: 12879]
[early_stopping_round: 0]
[early_stopping_min_delta: 0]
[first_metric_only: 0]
[max_delta_step: 0]
[lambda_l1: 0]
[lambda_l2: 0]
[linear_lambda: 0]
[min_gain_to_split: 0]
[drop_rate: 0.1]
[max_drop: 50]
[skip_drop: 0.5]
[xgboost_dart_mode: 0]
[uniform_drop: 0]
[drop_seed: 17869]
[top_rate: 0.2]
[other_rate: 0.1]
[min_data_per_group: 100]
[max_cat_threshold: 32]
[cat_l2: 10]
[cat_smooth: 10]
[max_cat_to_onehot: 4]
[top_k: 20]
[monotone_constraints: ]
[monotone_constraints_method: basic]
[monotone_penalty: 0]
[feature_contri: ]
[forcedsplits_filename: ]
[refit_decay_rate: 0.9]
[cegb_tradeoff: 1]
[cegb_penalty_split: 0]
[cegb_penalty_feature_lazy: ]
[cegb_penalty_feature_coupled: ]
[path_smooth: 0]
[interaction_constraints: ]
[verbosity: -1]
[saved_feature_importance_type: 0]
[use_quantized_grad: 0]
[num_grad_quant_bins: 4]
[quant_train_renew_leaf: 0]
[stochastic_rounding: 1]
[linear_tree: 0]
[max_bin: 255]
[max_bin_by_feature: ]
[min_data_in_bin: 3]
[bin_construct_sample_cnt: 200000]
[data_random_seed: 175]
[is_enable_sparse: 1]
[enable_bundle: 1]
[use_missing: 1]
[zero_as_missing: 0]
[feature_pre_filter: 1]
[pre_partition: 0]
[two_round: 0]
[header: 0]
[label_column: ]
[weight_column: ]
[group_column: ]
[ignore_column: ]
[categorical_feature: ]
[forcedbins_filename: ]
[precise_float_parser: 0]
[parser_config_file: ]
[objective_seed: 16083]
[num_class: 1]
[is_unbalance: 0]
[scale_pos_weight: 1]
[sigmoid: 1]
[boost_from_average: 1]
[reg_sqrt: 0]
[alpha: 0.9]
[fair_c: 1]
[poisson_max_delta_step: 0.7]
[tweedie_variance_power: 1.5]
[lambdarank_truncation_level: 30]
[lambdarank_norm: 1]
[label_gain: ]
[lambdarank_position_bias_regularization: 0]
[eval_at: ]
[multi_error_top_k: 1]
[auc_mu_weights: ]
[num_machines: 1]
[local_listen_port: 12400]
[time_out: 120]
[machine_list_filename: ]
[machines: ]
[gpu_platform_id: -1]
[gpu_device_id: -1]
[gpu_device_id_list: ]
[gpu_use_dp: 0]
[num_gpu: 1]

end of parameters

pandas_categorical:null
